#
# There is insufficient memory for the Java Runtime Environment to continue.
# Native memory allocation (malloc) failed to allocate 1277616 bytes. Error detail: Chunk::new
# Possible reasons:
#   The system is out of physical RAM or swap space
#   This process is running with CompressedOops enabled, and the Java Heap may be blocking the growth of the native heap
# Possible solutions:
#   Reduce memory load on the system
#   Increase physical memory or swap space
#   Check if swap backing store is full
#   Decrease Java heap size (-Xmx/-Xms)
#   Decrease number of Java threads
#   Decrease Java thread stack sizes (-Xss)
#   Set larger code cache with -XX:ReservedCodeCacheSize=
#   JVM is running with Unscaled Compressed Oops mode in which the Java heap is
#     placed in the first 4GB address space. The Java Heap base address is the
#     maximum limit for the native heap growth. Please use -XX:HeapBaseMinAddress
#     to set the Java Heap base and to place the Java Heap above 4GB virtual address.
# This output file may be truncated or incomplete.
#
#  Out of Memory Error (arena.cpp:168), pid=6640, tid=29676
#
# JRE version: OpenJDK Runtime Environment Temurin-21.0.10+7 (21.0.10+7) (build 21.0.10+7-LTS)
# Java VM: OpenJDK 64-Bit Server VM Temurin-21.0.10+7 (21.0.10+7-LTS, mixed mode, sharing, tiered, compressed oops, compressed class ptrs, g1 gc, windows-amd64)
# No core dump will be written. Minidumps are not enabled by default on client versions of Windows
#

---------------  S U M M A R Y ------------

Command Line: --add-opens=java.base/java.lang=ALL-UNNAMED --add-opens=java.base/java.lang.invoke=ALL-UNNAMED --add-opens=java.base/java.util=ALL-UNNAMED --add-opens=java.prefs/java.util.prefs=ALL-UNNAMED --add-exports=jdk.compiler/com.sun.tools.javac.api=ALL-UNNAMED --add-exports=jdk.compiler/com.sun.tools.javac.util=ALL-UNNAMED --add-opens=java.base/java.util=ALL-UNNAMED --add-opens=java.prefs/java.util.prefs=ALL-UNNAMED --add-opens=java.base/java.nio.charset=ALL-UNNAMED --add-opens=java.base/java.net=ALL-UNNAMED --add-opens=java.base/java.util.concurrent.atomic=ALL-UNNAMED --add-opens=java.xml/javax.xml.namespace=ALL-UNNAMED -XX:MaxMetaspaceSize=384M -Xmx1024M -Dfile.encoding=UTF-8 -Duser.country=US -Duser.language=en -Duser.variant -javaagent:C:\Users\User\.gradle\wrapper\dists\gradle-8.12-bin\cetblhg4pflnnks72fxwobvgv\gradle-8.12\lib\agents\gradle-instrumentation-agent-8.12.jar org.gradle.launcher.daemon.bootstrap.GradleDaemon 8.12

Host: 13th Gen Intel(R) Core(TM) i9-13900K, 32 cores, 31G,  Windows 11 , 64 bit Build 26100 (10.0.26100.7920)
Time: Sat Apr 11 22:25:40 2026 Bangladesh Standard Time elapsed time: 39.045589 seconds (0d 0h 0m 39s)

---------------  T H R E A D  ---------------

Current thread (0x000002679cd50a10):  JavaThread "C2 CompilerThread8" daemon [_thread_in_native, id=29676, stack(0x000000df2fc00000,0x000000df2fd00000) (1024K)]


Current CompileTask:
C2:39045 22494       4       org.gradle.internal.execution.steps.IdentifyStep::createIdentityContextInternal (78 bytes)

Stack: [0x000000df2fc00000,0x000000df2fd00000]
Native frames: (J=compiled Java code, j=interpreted, Vv=VM code, C=native code)
V  [jvm.dll+0x6d7a39]
V  [jvm.dll+0x8b4b26]
V  [jvm.dll+0x8b70de]
V  [jvm.dll+0x8b77c3]
V  [jvm.dll+0x284346]
V  [jvm.dll+0xc66ed]
V  [jvm.dll+0xc6c31]
V  [jvm.dll+0x3bec01]
V  [jvm.dll+0x38b162]
V  [jvm.dll+0x38a5aa]
V  [jvm.dll+0x24c560]
V  [jvm.dll+0x24bb40]
V  [jvm.dll+0x1cb34e]
V  [jvm.dll+0x25b85d]
V  [jvm.dll+0x259dea]
V  [jvm.dll+0x3f857e]
V  [jvm.dll+0x85f59d]
V  [jvm.dll+0x6d626d]
C  [ucrtbase.dll+0x37b0]
C  [KERNEL32.DLL+0x2e8d7]
C  [ntdll.dll+0x8c48c]


---------------  P R O C E S S  ---------------

Threads class SMR info:
_java_thread_list=0x00000267a1cc1800, length=427, elements={
0x00000267e1331250, 0x00000267fed93850, 0x00000267fed963c0, 0x00000267fed971b0,
0x00000267fed97fa0, 0x00000267fed98c80, 0x00000267fed996e0, 0x00000267fedad380,
0x00000267fede8e80, 0x00000267fef6b4e0, 0x00000267ff0ce6f0, 0x000002679a5f0d20,
0x000002679a6534e0, 0x000002679a49eb00, 0x000002679a7891d0, 0x000002679a789840,
0x000002679a73f6f0, 0x000002679a745820, 0x000002679a746bd0, 0x000002679a746540,
0x000002679a747f80, 0x000002679a745eb0, 0x000002679a747260, 0x000002679a7478f0,
0x000002679a748610, 0x000002679e7f57a0, 0x000002679e7f8590, 0x000002679e7f71e0,
0x000002679e7f5e30, 0x000002679e7f7870, 0x000002679e7f6b50, 0x000002679e7f64c0,
0x000002679e7f5110, 0x000002679e7f8c20, 0x000002679e7f92b0, 0x000002679e7facf0,
0x00000267a02f2770, 0x00000267a02f1a50, 0x00000267a02f20e0, 0x00000267a02ef980,
0x00000267a02f0d30, 0x00000267a02f2e00, 0x00000267a02f3490, 0x00000267a02f0010,
0x00000267a02f13c0, 0x00000267a02f3b20, 0x00000267a02f06a0, 0x00000267a02f6fa0,
0x00000267a02f6280, 0x00000267a02f41b0, 0x00000267a02f4840, 0x00000267a02f5bf0,
0x00000267a02f5560, 0x00000267a02f6910, 0x00000267a02f4ed0, 0x000002679b6acd00,
0x000002679b6ad390, 0x000002679b6ae740, 0x000002679b6b0ea0, 0x000002679b6aedd0,
0x000002679b6b0810, 0x000002679b6ada20, 0x000002679b6af460, 0x000002679b6b1530,
0x000002679b6ae0b0, 0x000002679b6b1bc0, 0x000002679b6b2250, 0x000002679b6b28e0,
0x000002679b6afaf0, 0x000002679b6b2f70, 0x000002679b6b3600, 0x000002679b6b0180,
0x000002679b6b3c90, 0x000002679b6b4320, 0x000002679b622100, 0x000002679b624ef0,
0x000002679b621a70, 0x000002679b622e20, 0x000002679b6234b0, 0x000002679b623b40,
0x000002679b624860, 0x000002679b6241d0, 0x000002679b625580, 0x000002679b625c10,
0x000002679b622790, 0x000002679b627ce0, 0x000002679b6262a0, 0x000002679b629090,
0x000002679b628370, 0x000002679b628a00, 0x000002679b626930, 0x000002679b626fc0,
0x000002679b627650, 0x000002679beb2270, 0x000002679beb1be0, 0x000002679beb4340,
0x000002679beb2900, 0x000002679beb3cb0, 0x000002679beb56f0, 0x000002679beb49d0,
0x000002679beb5060, 0x000002679beb5d80, 0x000002679beb6410, 0x000002679beb2f90,
0x000002679beb6aa0, 0x000002679beb3620, 0x000002679beb84e0, 0x000002679beb7130,
0x000002679beb77c0, 0x000002679beb7e50, 0x000002679beb8b70, 0x000002679beb9200,
0x000002679f67c210, 0x000002679f67c8a0, 0x000002679f67f000, 0x000002679f67bb80,
0x000002679f67cf30, 0x000002679f680a40, 0x000002679f67f690, 0x000002679f681760,
0x000002679f681df0, 0x000002679f67e970, 0x000002679f682480, 0x000002679f682b10,
0x000002679f6831a0, 0x000002679d978840, 0x000002679d975a50, 0x000002679d9760e0,
0x000002679d9781b0, 0x000002679d976770, 0x000002679d977490, 0x000002679d9753c0,
0x000002679d978ed0, 0x000002679d979560, 0x000002679d979bf0, 0x000002679d97a280,
0x000002679d977b20, 0x000002679d976e00, 0x000002679d97b630, 0x000002679d97bcc0,
0x000002679d97c350, 0x000002679d97c9e0, 0x000002679d97a910, 0x000002679d97afa0,
0x000002679c5ba5a0, 0x000002679c5b9880, 0x000002679c5b91f0, 0x000002679c5b9f10,
0x000002679c5b8b60, 0x000002679c5b7e40, 0x000002679c5b84d0, 0x000002679c5bcd00,
0x000002679c5bbfe0, 0x000002679c5be0b0, 0x000002679c5bb2c0, 0x000002679c5bac30,
0x000002679c5bc670, 0x000002679c5bd390, 0x000002679c5bb950, 0x000002679c5be740,
0x000002679c5bda20, 0x000002679c5bedd0, 0x000002679c5bf460, 0x000002679b93bef0,
0x000002679b93ece0, 0x000002679b93dfc0, 0x000002679b93d930, 0x000002679b93f370,
0x000002679b93fa00, 0x000002679b93c580, 0x000002679b940090, 0x000002679b93e650,
0x000002679b93cc10, 0x000002679b93d2a0, 0x000002679b942160, 0x000002679b943ba0,
0x000002679b941ad0, 0x000002679b940720, 0x000002679b941440, 0x000002679b9427f0,
0x000002679b942e80, 0x000002679b944230, 0x000002679b943510, 0x000002679b940db0,
0x000002679b944f50, 0x000002679b9455e0, 0x000002679b946990, 0x000002679b947020,
0x000002679b9476b0, 0x000002679b9448c0, 0x000002679b947d40, 0x000002679b9483d0,
0x000002679b948a60, 0x000002679b9490f0, 0x000002679b945c70, 0x000002679b949780,
0x000002679b949e10, 0x000002679b946300, 0x000002679b94a4a0, 0x000002679b94ab30,
0x000002679f67dc50, 0x000002679f7a0d90, 0x000002679f79e630, 0x000002679f79ecc0,
0x000002679f79d280, 0x000002679f79f350, 0x000002679f79d910, 0x000002679f7a0070,
0x000002679f79f9e0, 0x000002679f7a0700, 0x000002679f7a1420, 0x000002679f79dfa0,
0x000002679f7a34f0, 0x000002679f7a3b80, 0x000002679f7a2e60, 0x000002679f7a4210,
0x000002679f7a48a0, 0x000002679f7a1ab0, 0x000002679f7a2140, 0x000002679f7a27d0,
0x000002679b94b1c0, 0x000002679c5070c0, 0x000002679c50a540, 0x000002679c509190,
0x000002679c50abd0, 0x000002679c509eb0, 0x000002679c509820, 0x000002679c507750,
0x000002679c508b00, 0x000002679c50b260, 0x000002679c507de0, 0x000002679c508470,
0x000002679c50e050, 0x000002679c50e6e0, 0x000002679c50c610, 0x000002679c50bf80,
0x000002679c50d9c0, 0x000002679c50ed70, 0x000002679c50b8f0, 0x000002679c50f400,
0x000002679c50cca0, 0x000002679c50fa90, 0x000002679c50d330, 0x000002679c5135a0,
0x000002679c510e40, 0x000002679c5121f0, 0x000002679c512880, 0x000002679c512f10,
0x000002679c510120, 0x000002679c5114d0, 0x000002679c511b60, 0x000002679c513c30,
0x000002679c5107b0, 0x000002679c5142c0, 0x000002679c514fe0, 0x000002679c515d00,
0x000002679c514950, 0x000002679c515670, 0x000002679c516390, 0x000002679d4faed0,
0x000002679d4fdcc0, 0x000002679d4fe350, 0x000002679d4fcfa0, 0x000002679d4fd630,
0x000002679d4fe9e0, 0x000002679d4fb560, 0x000002679d4ff070, 0x000002679d4fc910,
0x000002679d4fbbf0, 0x000002679d4ff700, 0x000002679d4fc280, 0x000002679d503210,
0x000002679d500420, 0x000002679d500ab0, 0x000002679d5024f0, 0x000002679d502b80,
0x000002679d5017d0, 0x000002679d501e60, 0x000002679d4ffd90, 0x000002679d505970,
0x000002679d506690, 0x000002679d5045c0, 0x000002679d5052e0, 0x000002679d503f30,
0x000002679d506d20, 0x000002679d504c50, 0x000002679d506000, 0x000002679d5038a0,
0x000002679d508760, 0x000002679d509b10, 0x000002679d508df0, 0x000002679d50a1a0,
0x000002679d5073b0, 0x000002679d507a40, 0x000002679d5080d0, 0x000002679d509480,
0x00000267a2088550, 0x00000267a2086480, 0x00000267a2088be0, 0x00000267a2085760,
0x00000267a2089270, 0x00000267a2087ec0, 0x00000267a2086b10, 0x00000267a2085df0,
0x00000267a2089f90, 0x00000267a2089900, 0x00000267a208a620, 0x00000267a20871a0,
0x00000267a208daa0, 0x00000267a208cd80, 0x00000267a208e130, 0x00000267a208e7c0,
0x00000267a208c060, 0x00000267a208c6f0, 0x00000267a208ee50, 0x00000267a2090890,
0x00000267a2091c40, 0x00000267a257cc20, 0x00000267a257d2b0, 0x00000267a2582800,
0x00000267a257c590, 0x00000267a257a4c0, 0x00000267a257ab50, 0x00000267a257ecf0,
0x00000267a2591ad0, 0x00000267a25927f0, 0x00000267a2092960, 0x00000267a2092ff0,
0x00000267a208fb70, 0x00000267a208acb0, 0x00000267a2087830, 0x00000267a208b340,
0x00000267a208d410, 0x00000267a208b9d0, 0x00000267a20915b0, 0x00000267a2090200,
0x00000267a2093d10, 0x00000267a20943a0, 0x00000267a2094a30, 0x00000267a2587d50,
0x00000267a25848d0, 0x00000267a25883e0, 0x00000267a2587030, 0x00000267a258b1d0,
0x00000267a258ab40, 0x00000267a2589e20, 0x00000267a2588a70, 0x00000267a258bef0,
0x00000267a258a4b0, 0x00000267a258c580, 0x00000267a2589100, 0x00000267a2589790,
0x00000267a258d930, 0x00000267a258f370, 0x00000267a258fa00, 0x00000267a2590090,
0x00000267a258cc10, 0x00000267a2593ba0, 0x00000267a2592160, 0x00000267a2592e80,
0x00000267a2593510, 0x00000267a2597020, 0x00000267a25955e0, 0x00000267a25976b0,
0x00000267a2594f50, 0x00000267a25990f0, 0x00000267a2598a60, 0x00000267a2597d40,
0x00000267a25983d0, 0x00000267a2596300, 0x000002679e7fc730, 0x00000267a2747c50,
0x00000267a27482e0, 0x00000267a2744e60, 0x00000267a2748970, 0x00000267a2746210,
0x00000267a2746f30, 0x00000267a27454f0, 0x00000267a27475c0, 0x00000267a2749000,
0x00000267a27468a0, 0x00000267a2745b80, 0x00000267a2749690, 0x00000267a2749d20,
0x00000267a272c4a0, 0x00000267a272aa60, 0x00000267a272dee0, 0x00000267a272cb30,
0x00000267a272d1c0, 0x00000267a272d850, 0x00000267a272e570, 0x00000267a272b0f0,
0x00000267a272ec00, 0x00000267a272b780, 0x00000267a272f290, 0x00000267a2732710,
0x00000267a2731360, 0x00000267a2730640, 0x00000267a2730cd0, 0x000002679cd4da60,
0x000002679cd4b180, 0x000002679cd4eed0, 0x000002679cd4bf20, 0x00000267ff31d2f0,
0x00000267ff31be80, 0x00000267ff31c550, 0x00000267ff31e090, 0x00000267a968b980,
0x00000267a968ee00, 0x000002679cd4fc70, 0x000002679cd4c5f0, 0x000002679cd50340,
0x000002679cd50a10, 0x000002679efa3160, 0x00000267a969e0d0, 0x00000267a9680ee0,
0x00000267a9681570, 0x00000267a9682290, 0x00000267a27368b0, 0x00000267a2735500,
0x00000267a2735b90, 0x00000267a2736f40, 0x00000267a2733ac0, 0x00000267a27375d0,
0x00000267a2734150, 0x00000267a9695d90, 0x00000267a96998a0
}

Java Threads: ( => current thread )
  0x00000267e1331250 JavaThread "main"                              [_thread_blocked, id=36708, stack(0x000000df13b00000,0x000000df13c00000) (1024K)]
  0x00000267fed93850 JavaThread "Reference Handler"          daemon [_thread_blocked, id=39332, stack(0x000000df14300000,0x000000df14400000) (1024K)]
  0x00000267fed963c0 JavaThread "Finalizer"                  daemon [_thread_blocked, id=39536, stack(0x000000df14400000,0x000000df14500000) (1024K)]
  0x00000267fed971b0 JavaThread "Signal Dispatcher"          daemon [_thread_blocked, id=34168, stack(0x000000df14500000,0x000000df14600000) (1024K)]
  0x00000267fed97fa0 JavaThread "Attach Listener"            daemon [_thread_blocked, id=33428, stack(0x000000df14600000,0x000000df14700000) (1024K)]
  0x00000267fed98c80 JavaThread "Service Thread"             daemon [_thread_blocked, id=31256, stack(0x000000df14700000,0x000000df14800000) (1024K)]
  0x00000267fed996e0 JavaThread "Monitor Deflation Thread"   daemon [_thread_blocked, id=37252, stack(0x000000df14800000,0x000000df14900000) (1024K)]
  0x00000267fedad380 JavaThread "C2 CompilerThread0"         daemon [_thread_in_native, id=35932, stack(0x000000df14900000,0x000000df14a00000) (1024K)]
  0x00000267fede8e80 JavaThread "C1 CompilerThread0"         daemon [_thread_blocked, id=33532, stack(0x000000df14a00000,0x000000df14b00000) (1024K)]
  0x00000267fef6b4e0 JavaThread "Common-Cleaner"             daemon [_thread_blocked, id=39744, stack(0x000000df14e00000,0x000000df14f00000) (1024K)]
  0x00000267ff0ce6f0 JavaThread "Notification Thread"        daemon [_thread_blocked, id=35368, stack(0x000000df14f00000,0x000000df15000000) (1024K)]
  0x000002679a5f0d20 JavaThread "Daemon health stats"               [_thread_blocked, id=23648, stack(0x000000df16100000,0x000000df16200000) (1024K)]
  0x000002679a6534e0 JavaThread "Incoming local TCP Connector on port 56331"        [_thread_in_native, id=38612, stack(0x000000df16200000,0x000000df16300000) (1024K)]
  0x000002679a49eb00 JavaThread "Daemon periodic checks"            [_thread_blocked, id=14872, stack(0x000000df16300000,0x000000df16400000) (1024K)]
  0x000002679a7891d0 JavaThread "Daemon"                            [_thread_blocked, id=13436, stack(0x000000df16400000,0x000000df16500000) (1024K)]
  0x000002679a789840 JavaThread "Handler for socket connection from /127.0.0.1:56331 to /127.0.0.1:56332"        [_thread_in_native, id=9776, stack(0x000000df16500000,0x000000df16600000) (1024K)]
  0x000002679a73f6f0 JavaThread "Cancel handler"                    [_thread_blocked, id=33684, stack(0x000000df16600000,0x000000df16700000) (1024K)]
  0x000002679a745820 JavaThread "Daemon worker"                     [_thread_blocked, id=36448, stack(0x000000df16700000,0x000000df16800000) (1024K)]
  0x000002679a746bd0 JavaThread "Asynchronous log dispatcher for DefaultDaemonConnection: socket connection from /127.0.0.1:56331 to /127.0.0.1:56332"        [_thread_blocked, id=17684, stack(0x000000df16800000,0x000000df16900000) (1024K)]
  0x000002679a746540 JavaThread "Stdin handler"                     [_thread_blocked, id=28068, stack(0x000000df16900000,0x000000df16a00000) (1024K)]
  0x000002679a747f80 JavaThread "Daemon client event forwarder"        [_thread_in_native, id=35792, stack(0x000000df16a00000,0x000000df16b00000) (1024K)]
  0x000002679a745eb0 JavaThread "Cache worker for journal cache (C:\Users\User\.gradle\caches\journal-1)"        [_thread_in_Java, id=11276, stack(0x000000df16b00000,0x000000df16c00000) (1024K)]
  0x000002679a747260 JavaThread "File lock request listener"        [_thread_in_native, id=5716, stack(0x000000df16c00000,0x000000df16d00000) (1024K)]
  0x000002679a7478f0 JavaThread "Cache worker for file hash cache (C:\Users\User\.gradle\caches\8.12\fileHashes)"        [_thread_in_native, id=37016, stack(0x000000df16d00000,0x000000df16e00000) (1024K)]
  0x000002679a748610 JavaThread "Cache worker for file hash cache (C:\Users\User\Desktop\New folder (3)\Ultimate_POS_Flutter\android\.gradle\8.12\fileHashes)"        [_thread_blocked, id=36936, stack(0x000000df17e00000,0x000000df17f00000) (1024K)]
  0x000002679e7f57a0 JavaThread "Cache worker for Build Output Cleanup Cache (C:\Users\User\Desktop\New folder (3)\Ultimate_POS_Flutter\android\.gradle\buildOutputCleanup)"        [_thread_blocked, id=36796, stack(0x000000df17f00000,0x000000df18000000) (1024K)]
  0x000002679e7f8590 JavaThread "File watcher server"        daemon [_thread_in_native, id=2944, stack(0x000000df18000000,0x000000df18100000) (1024K)]
  0x000002679e7f71e0 JavaThread "File watcher consumer"      daemon [_thread_blocked, id=32328, stack(0x000000df18100000,0x000000df18200000) (1024K)]
  0x000002679e7f5e30 JavaThread "jar transforms"                    [_thread_blocked, id=39212, stack(0x000000df18200000,0x000000df18300000) (1024K)]
  0x000002679e7f7870 JavaThread "jar transforms Thread 2"           [_thread_blocked, id=27672, stack(0x000000df18300000,0x000000df18400000) (1024K)]
  0x000002679e7f6b50 JavaThread "Cache worker for checksums cache (C:\Users\User\Desktop\New folder (3)\Ultimate_POS_Flutter\android\.gradle\8.12\checksums)"        [_thread_blocked, id=37368, stack(0x000000df18400000,0x000000df18500000) (1024K)]
  0x000002679e7f64c0 JavaThread "Cache worker for file content cache (C:\Users\User\.gradle\caches\8.12\fileContent)"        [_thread_blocked, id=7092, stack(0x000000df18500000,0x000000df18600000) (1024K)]
  0x000002679e7f5110 JavaThread "jar transforms Thread 3"           [_thread_blocked, id=37316, stack(0x000000df18600000,0x000000df18700000) (1024K)]
  0x000002679e7f8c20 JavaThread "Cache worker for cache directory md-rule (C:\Users\User\.gradle\caches\8.12\md-rule)"        [_thread_blocked, id=38988, stack(0x000000df18700000,0x000000df18800000) (1024K)]
  0x000002679e7f92b0 JavaThread "Cache worker for cache directory md-supplier (C:\Users\User\.gradle\caches\8.12\md-supplier)"        [_thread_blocked, id=16908, stack(0x000000df18800000,0x000000df18900000) (1024K)]
  0x000002679e7facf0 JavaThread "Cache worker for Build Output Cleanup Cache (C:\Users\User\flutter\packages\flutter_tools\gradle\.gradle\buildOutputCleanup)"        [_thread_blocked, id=2276, stack(0x000000df18900000,0x000000df18a00000) (1024K)]
  0x00000267a02f2770 JavaThread "Unconstrained build operations"        [_thread_blocked, id=32932, stack(0x000000df18a00000,0x000000df18b00000) (1024K)]
  0x00000267a02f1a50 JavaThread "Unconstrained build operations Thread 2"        [_thread_blocked, id=924, stack(0x000000df18b00000,0x000000df18c00000) (1024K)]
  0x00000267a02f20e0 JavaThread "Unconstrained build operations Thread 3"        [_thread_blocked, id=37032, stack(0x000000df18c00000,0x000000df18d00000) (1024K)]
  0x00000267a02ef980 JavaThread "Unconstrained build operations Thread 4"        [_thread_blocked, id=32876, stack(0x000000df18d00000,0x000000df18e00000) (1024K)]
  0x00000267a02f0d30 JavaThread "Unconstrained build operations Thread 5"        [_thread_blocked, id=38104, stack(0x000000df18e00000,0x000000df18f00000) (1024K)]
  0x00000267a02f2e00 JavaThread "Unconstrained build operations Thread 6"        [_thread_blocked, id=38080, stack(0x000000df18f00000,0x000000df19000000) (1024K)]
  0x00000267a02f3490 JavaThread "Unconstrained build operations Thread 7"        [_thread_blocked, id=5076, stack(0x000000df19000000,0x000000df19100000) (1024K)]
  0x00000267a02f0010 JavaThread "Unconstrained build operations Thread 8"        [_thread_blocked, id=34260, stack(0x000000df19100000,0x000000df19200000) (1024K)]
  0x00000267a02f13c0 JavaThread "Unconstrained build operations Thread 9"        [_thread_blocked, id=38660, stack(0x000000df19200000,0x000000df19300000) (1024K)]
  0x00000267a02f3b20 JavaThread "Unconstrained build operations Thread 10"        [_thread_blocked, id=31240, stack(0x000000df19300000,0x000000df19400000) (1024K)]
  0x00000267a02f06a0 JavaThread "Unconstrained build operations Thread 11"        [_thread_blocked, id=34348, stack(0x000000df19400000,0x000000df19500000) (1024K)]
  0x00000267a02f6fa0 JavaThread "Unconstrained build operations Thread 12"        [_thread_blocked, id=1004, stack(0x000000df19500000,0x000000df19600000) (1024K)]
  0x00000267a02f6280 JavaThread "Unconstrained build operations Thread 13"        [_thread_blocked, id=32240, stack(0x000000df19600000,0x000000df19700000) (1024K)]
  0x00000267a02f41b0 JavaThread "Unconstrained build operations Thread 14"        [_thread_in_native, id=15876, stack(0x000000df19700000,0x000000df19800000) (1024K)]
  0x00000267a02f4840 JavaThread "Unconstrained build operations Thread 15"        [_thread_blocked, id=17928, stack(0x000000df19800000,0x000000df19900000) (1024K)]
  0x00000267a02f5bf0 JavaThread "Unconstrained build operations Thread 16"        [_thread_in_native, id=3808, stack(0x000000df19900000,0x000000df19a00000) (1024K)]
  0x00000267a02f5560 JavaThread "Unconstrained build operations Thread 17"        [_thread_blocked, id=12004, stack(0x000000df19a00000,0x000000df19b00000) (1024K)]
  0x00000267a02f6910 JavaThread "Unconstrained build operations Thread 18"        [_thread_blocked, id=10728, stack(0x000000df19b00000,0x000000df19c00000) (1024K)]
  0x00000267a02f4ed0 JavaThread "Unconstrained build operations Thread 19"        [_thread_blocked, id=28892, stack(0x000000df19c00000,0x000000df19d00000) (1024K)]
  0x000002679b6acd00 JavaThread "Unconstrained build operations Thread 20"        [_thread_blocked, id=38060, stack(0x000000df19d00000,0x000000df19e00000) (1024K)]
  0x000002679b6ad390 JavaThread "Unconstrained build operations Thread 21"        [_thread_blocked, id=36500, stack(0x000000df19e00000,0x000000df19f00000) (1024K)]
  0x000002679b6ae740 JavaThread "Unconstrained build operations Thread 22"        [_thread_blocked, id=33536, stack(0x000000df19f00000,0x000000df1a000000) (1024K)]
  0x000002679b6b0ea0 JavaThread "Unconstrained build operations Thread 23"        [_thread_blocked, id=34636, stack(0x000000df1a000000,0x000000df1a100000) (1024K)]
  0x000002679b6aedd0 JavaThread "Unconstrained build operations Thread 24"        [_thread_blocked, id=16124, stack(0x000000df1a100000,0x000000df1a200000) (1024K)]
  0x000002679b6b0810 JavaThread "Unconstrained build operations Thread 25"        [_thread_blocked, id=37772, stack(0x000000df1a200000,0x000000df1a300000) (1024K)]
  0x000002679b6ada20 JavaThread "Unconstrained build operations Thread 26"        [_thread_blocked, id=21616, stack(0x000000df1a300000,0x000000df1a400000) (1024K)]
  0x000002679b6af460 JavaThread "Unconstrained build operations Thread 27"        [_thread_blocked, id=17316, stack(0x000000df1a400000,0x000000df1a500000) (1024K)]
  0x000002679b6b1530 JavaThread "Unconstrained build operations Thread 28"        [_thread_blocked, id=27400, stack(0x000000df1a500000,0x000000df1a600000) (1024K)]
  0x000002679b6ae0b0 JavaThread "Unconstrained build operations Thread 29"        [_thread_blocked, id=35880, stack(0x000000df1a600000,0x000000df1a700000) (1024K)]
  0x000002679b6b1bc0 JavaThread "Unconstrained build operations Thread 30"        [_thread_blocked, id=32168, stack(0x000000df1a700000,0x000000df1a800000) (1024K)]
  0x000002679b6b2250 JavaThread "Unconstrained build operations Thread 31"        [_thread_blocked, id=30412, stack(0x000000df1a800000,0x000000df1a900000) (1024K)]
  0x000002679b6b28e0 JavaThread "Unconstrained build operations Thread 32"        [_thread_blocked, id=33376, stack(0x000000df1a900000,0x000000df1aa00000) (1024K)]
  0x000002679b6afaf0 JavaThread "Unconstrained build operations Thread 33"        [_thread_blocked, id=37920, stack(0x000000df1aa00000,0x000000df1ab00000) (1024K)]
  0x000002679b6b2f70 JavaThread "Unconstrained build operations Thread 34"        [_thread_blocked, id=38164, stack(0x000000df1ab00000,0x000000df1ac00000) (1024K)]
  0x000002679b6b3600 JavaThread "Unconstrained build operations Thread 35"        [_thread_blocked, id=30064, stack(0x000000df1ac00000,0x000000df1ad00000) (1024K)]
  0x000002679b6b0180 JavaThread "Unconstrained build operations Thread 36"        [_thread_blocked, id=28756, stack(0x000000df1ad00000,0x000000df1ae00000) (1024K)]
  0x000002679b6b3c90 JavaThread "Unconstrained build operations Thread 37"        [_thread_blocked, id=18584, stack(0x000000df1ae00000,0x000000df1af00000) (1024K)]
  0x000002679b6b4320 JavaThread "Unconstrained build operations Thread 38"        [_thread_blocked, id=38608, stack(0x000000df1af00000,0x000000df1b000000) (1024K)]
  0x000002679b622100 JavaThread "Unconstrained build operations Thread 39"        [_thread_blocked, id=39568, stack(0x000000df1b000000,0x000000df1b100000) (1024K)]
  0x000002679b624ef0 JavaThread "Unconstrained build operations Thread 40"        [_thread_blocked, id=35124, stack(0x000000df1b100000,0x000000df1b200000) (1024K)]
  0x000002679b621a70 JavaThread "Unconstrained build operations Thread 41"        [_thread_blocked, id=26476, stack(0x000000df1b200000,0x000000df1b300000) (1024K)]
  0x000002679b622e20 JavaThread "Unconstrained build operations Thread 42"        [_thread_blocked, id=4804, stack(0x000000df1b300000,0x000000df1b400000) (1024K)]
  0x000002679b6234b0 JavaThread "Unconstrained build operations Thread 43"        [_thread_blocked, id=29132, stack(0x000000df1b400000,0x000000df1b500000) (1024K)]
  0x000002679b623b40 JavaThread "Unconstrained build operations Thread 44"        [_thread_blocked, id=32068, stack(0x000000df1b500000,0x000000df1b600000) (1024K)]
  0x000002679b624860 JavaThread "Unconstrained build operations Thread 45"        [_thread_blocked, id=36468, stack(0x000000df1b600000,0x000000df1b700000) (1024K)]
  0x000002679b6241d0 JavaThread "Unconstrained build operations Thread 46"        [_thread_blocked, id=37384, stack(0x000000df1b700000,0x000000df1b800000) (1024K)]
  0x000002679b625580 JavaThread "Unconstrained build operations Thread 47"        [_thread_blocked, id=36584, stack(0x000000df1b800000,0x000000df1b900000) (1024K)]
  0x000002679b625c10 JavaThread "Unconstrained build operations Thread 48"        [_thread_blocked, id=19056, stack(0x000000df1b900000,0x000000df1ba00000) (1024K)]
  0x000002679b622790 JavaThread "Unconstrained build operations Thread 49"        [_thread_blocked, id=8312, stack(0x000000df1ba00000,0x000000df1bb00000) (1024K)]
  0x000002679b627ce0 JavaThread "Unconstrained build operations Thread 50"        [_thread_blocked, id=16452, stack(0x000000df1bb00000,0x000000df1bc00000) (1024K)]
  0x000002679b6262a0 JavaThread "Unconstrained build operations Thread 51"        [_thread_blocked, id=33744, stack(0x000000df1bc00000,0x000000df1bd00000) (1024K)]
  0x000002679b629090 JavaThread "Unconstrained build operations Thread 52"        [_thread_blocked, id=28080, stack(0x000000df1bd00000,0x000000df1be00000) (1024K)]
  0x000002679b628370 JavaThread "Unconstrained build operations Thread 53"        [_thread_blocked, id=29932, stack(0x000000df1be00000,0x000000df1bf00000) (1024K)]
  0x000002679b628a00 JavaThread "Unconstrained build operations Thread 54"        [_thread_blocked, id=37436, stack(0x000000df1bf00000,0x000000df1c000000) (1024K)]
  0x000002679b626930 JavaThread "Unconstrained build operations Thread 55"        [_thread_blocked, id=35552, stack(0x000000df1c000000,0x000000df1c100000) (1024K)]
  0x000002679b626fc0 JavaThread "Unconstrained build operations Thread 56"        [_thread_blocked, id=38096, stack(0x000000df1c100000,0x000000df1c200000) (1024K)]
  0x000002679b627650 JavaThread "Unconstrained build operations Thread 57"        [_thread_blocked, id=36848, stack(0x000000df1c200000,0x000000df1c300000) (1024K)]
  0x000002679beb2270 JavaThread "Unconstrained build operations Thread 58"        [_thread_blocked, id=39736, stack(0x000000df1c300000,0x000000df1c400000) (1024K)]
  0x000002679beb1be0 JavaThread "Unconstrained build operations Thread 59"        [_thread_blocked, id=38172, stack(0x000000df1c400000,0x000000df1c500000) (1024K)]
  0x000002679beb4340 JavaThread "Unconstrained build operations Thread 60"        [_thread_blocked, id=36360, stack(0x000000df1c500000,0x000000df1c600000) (1024K)]
  0x000002679beb2900 JavaThread "Unconstrained build operations Thread 61"        [_thread_blocked, id=26092, stack(0x000000df1c600000,0x000000df1c700000) (1024K)]
  0x000002679beb3cb0 JavaThread "Unconstrained build operations Thread 62"        [_thread_blocked, id=39296, stack(0x000000df1c700000,0x000000df1c800000) (1024K)]
  0x000002679beb56f0 JavaThread "Unconstrained build operations Thread 63"        [_thread_blocked, id=11664, stack(0x000000df1c800000,0x000000df1c900000) (1024K)]
  0x000002679beb49d0 JavaThread "Unconstrained build operations Thread 64"        [_thread_blocked, id=26524, stack(0x000000df1c900000,0x000000df1ca00000) (1024K)]
  0x000002679beb5060 JavaThread "Unconstrained build operations Thread 65"        [_thread_blocked, id=34972, stack(0x000000df1ca00000,0x000000df1cb00000) (1024K)]
  0x000002679beb5d80 JavaThread "Unconstrained build operations Thread 66"        [_thread_blocked, id=6924, stack(0x000000df1cb00000,0x000000df1cc00000) (1024K)]
  0x000002679beb6410 JavaThread "Unconstrained build operations Thread 67"        [_thread_blocked, id=30828, stack(0x000000df1cc00000,0x000000df1cd00000) (1024K)]
  0x000002679beb2f90 JavaThread "Unconstrained build operations Thread 68"        [_thread_blocked, id=5808, stack(0x000000df1cd00000,0x000000df1ce00000) (1024K)]
  0x000002679beb6aa0 JavaThread "Unconstrained build operations Thread 69"        [_thread_blocked, id=30548, stack(0x000000df1ce00000,0x000000df1cf00000) (1024K)]
  0x000002679beb3620 JavaThread "Unconstrained build operations Thread 70"        [_thread_blocked, id=38124, stack(0x000000df1cf00000,0x000000df1d000000) (1024K)]
  0x000002679beb84e0 JavaThread "Unconstrained build operations Thread 71"        [_thread_blocked, id=19688, stack(0x000000df1d000000,0x000000df1d100000) (1024K)]
  0x000002679beb7130 JavaThread "Unconstrained build operations Thread 72"        [_thread_blocked, id=28784, stack(0x000000df1d100000,0x000000df1d200000) (1024K)]
  0x000002679beb77c0 JavaThread "Unconstrained build operations Thread 73"        [_thread_blocked, id=22756, stack(0x000000df1d200000,0x000000df1d300000) (1024K)]
  0x000002679beb7e50 JavaThread "Unconstrained build operations Thread 74"        [_thread_blocked, id=31364, stack(0x000000df1d300000,0x000000df1d400000) (1024K)]
  0x000002679beb8b70 JavaThread "Unconstrained build operations Thread 75"        [_thread_blocked, id=37868, stack(0x000000df1d400000,0x000000df1d500000) (1024K)]
  0x000002679beb9200 JavaThread "Unconstrained build operations Thread 76"        [_thread_blocked, id=16036, stack(0x000000df1d500000,0x000000df1d600000) (1024K)]
  0x000002679f67c210 JavaThread "Unconstrained build operations Thread 77"        [_thread_blocked, id=2456, stack(0x000000df1d600000,0x000000df1d700000) (1024K)]
  0x000002679f67c8a0 JavaThread "Unconstrained build operations Thread 78"        [_thread_blocked, id=36176, stack(0x000000df1d700000,0x000000df1d800000) (1024K)]
  0x000002679f67f000 JavaThread "Unconstrained build operations Thread 79"        [_thread_blocked, id=4088, stack(0x000000df1d800000,0x000000df1d900000) (1024K)]
  0x000002679f67bb80 JavaThread "Unconstrained build operations Thread 80"        [_thread_blocked, id=36920, stack(0x000000df1d900000,0x000000df1da00000) (1024K)]
  0x000002679f67cf30 JavaThread "Unconstrained build operations Thread 81"        [_thread_blocked, id=7464, stack(0x000000df1da00000,0x000000df1db00000) (1024K)]
  0x000002679f680a40 JavaThread "Memory manager"                    [_thread_blocked, id=22792, stack(0x000000df1df00000,0x000000df1e000000) (1024K)]
  0x000002679f67f690 JavaThread "build event listener"              [_thread_blocked, id=28616, stack(0x000000df1db00000,0x000000df1dc00000) (1024K)]
  0x000002679f681760 JavaThread "included builds"                   [_thread_blocked, id=11976, stack(0x000000df15200000,0x000000df15300000) (1024K)]
  0x000002679f681df0 JavaThread "Execution worker"                  [_thread_blocked, id=28688, stack(0x000000df15300000,0x000000df15400000) (1024K)]
  0x000002679f67e970 JavaThread "Execution worker Thread 2"         [_thread_blocked, id=37700, stack(0x000000df1dc00000,0x000000df1dd00000) (1024K)]
  0x000002679f682480 JavaThread "Execution worker Thread 3"         [_thread_blocked, id=36512, stack(0x000000df1dd00000,0x000000df1de00000) (1024K)]
  0x000002679f682b10 JavaThread "Execution worker Thread 4"         [_thread_blocked, id=38980, stack(0x000000df1de00000,0x000000df1df00000) (1024K)]
  0x000002679f6831a0 JavaThread "Execution worker Thread 5"         [_thread_blocked, id=36984, stack(0x000000df1e000000,0x000000df1e100000) (1024K)]
  0x000002679d978840 JavaThread "Execution worker Thread 6"         [_thread_blocked, id=29308, stack(0x000000df1e100000,0x000000df1e200000) (1024K)]
  0x000002679d975a50 JavaThread "Execution worker Thread 7"         [_thread_blocked, id=35856, stack(0x000000df1e200000,0x000000df1e300000) (1024K)]
  0x000002679d9760e0 JavaThread "Execution worker Thread 8"         [_thread_blocked, id=34752, stack(0x000000df1e300000,0x000000df1e400000) (1024K)]
  0x000002679d9781b0 JavaThread "Execution worker Thread 9"         [_thread_blocked, id=36412, stack(0x000000df1e400000,0x000000df1e500000) (1024K)]
  0x000002679d976770 JavaThread "Execution worker Thread 10"        [_thread_blocked, id=33328, stack(0x000000df1e500000,0x000000df1e600000) (1024K)]
  0x000002679d977490 JavaThread "Execution worker Thread 11"        [_thread_blocked, id=14576, stack(0x000000df1e600000,0x000000df1e700000) (1024K)]
  0x000002679d9753c0 JavaThread "Execution worker Thread 12"        [_thread_blocked, id=36704, stack(0x000000df1e700000,0x000000df1e800000) (1024K)]
  0x000002679d978ed0 JavaThread "Execution worker Thread 13"        [_thread_blocked, id=36552, stack(0x000000df1e800000,0x000000df1e900000) (1024K)]
  0x000002679d979560 JavaThread "Execution worker Thread 14"        [_thread_blocked, id=36752, stack(0x000000df1e900000,0x000000df1ea00000) (1024K)]
  0x000002679d979bf0 JavaThread "Execution worker Thread 15"        [_thread_blocked, id=39464, stack(0x000000df1ea00000,0x000000df1eb00000) (1024K)]
  0x000002679d97a280 JavaThread "Execution worker Thread 16"        [_thread_blocked, id=36264, stack(0x000000df1eb00000,0x000000df1ec00000) (1024K)]
  0x000002679d977b20 JavaThread "Execution worker Thread 17"        [_thread_blocked, id=35308, stack(0x000000df1ec00000,0x000000df1ed00000) (1024K)]
  0x000002679d976e00 JavaThread "Execution worker Thread 18"        [_thread_blocked, id=29024, stack(0x000000df1ed00000,0x000000df1ee00000) (1024K)]
  0x000002679d97b630 JavaThread "Execution worker Thread 19"        [_thread_blocked, id=34512, stack(0x000000df1ee00000,0x000000df1ef00000) (1024K)]
  0x000002679d97bcc0 JavaThread "Execution worker Thread 20"        [_thread_blocked, id=32232, stack(0x000000df1ef00000,0x000000df1f000000) (1024K)]
  0x000002679d97c350 JavaThread "Execution worker Thread 21"        [_thread_blocked, id=6380, stack(0x000000df1f000000,0x000000df1f100000) (1024K)]
  0x000002679d97c9e0 JavaThread "Execution worker Thread 22"        [_thread_blocked, id=23948, stack(0x000000df1f100000,0x000000df1f200000) (1024K)]
  0x000002679d97a910 JavaThread "Execution worker Thread 23"        [_thread_blocked, id=8412, stack(0x000000df1f200000,0x000000df1f300000) (1024K)]
  0x000002679d97afa0 JavaThread "Execution worker Thread 24"        [_thread_blocked, id=34664, stack(0x000000df1f300000,0x000000df1f400000) (1024K)]
  0x000002679c5ba5a0 JavaThread "Execution worker Thread 25"        [_thread_blocked, id=33840, stack(0x000000df1f400000,0x000000df1f500000) (1024K)]
  0x000002679c5b9880 JavaThread "Execution worker Thread 26"        [_thread_blocked, id=39416, stack(0x000000df1f500000,0x000000df1f600000) (1024K)]
  0x000002679c5b91f0 JavaThread "Execution worker Thread 27"        [_thread_blocked, id=17324, stack(0x000000df1f600000,0x000000df1f700000) (1024K)]
  0x000002679c5b9f10 JavaThread "Execution worker Thread 28"        [_thread_blocked, id=36440, stack(0x000000df1f700000,0x000000df1f800000) (1024K)]
  0x000002679c5b8b60 JavaThread "Execution worker Thread 29"        [_thread_blocked, id=10612, stack(0x000000df1f800000,0x000000df1f900000) (1024K)]
  0x000002679c5b7e40 JavaThread "Execution worker Thread 30"        [_thread_blocked, id=18716, stack(0x000000df1f900000,0x000000df1fa00000) (1024K)]
  0x000002679c5b84d0 JavaThread "Execution worker Thread 31"        [_thread_blocked, id=24076, stack(0x000000df1fa00000,0x000000df1fb00000) (1024K)]
  0x000002679c5bcd00 JavaThread "Cache worker for execution history cache (C:\Users\User\flutter\packages\flutter_tools\gradle\.gradle\8.12\executionHistory)"        [_thread_blocked, id=32716, stack(0x000000df1fb00000,0x000000df1fc00000) (1024K)]
  0x000002679c5bbfe0 JavaThread "Unconstrained build operations Thread 82"        [_thread_blocked, id=8368, stack(0x000000df1fc00000,0x000000df1fd00000) (1024K)]
  0x000002679c5be0b0 JavaThread "Unconstrained build operations Thread 83"        [_thread_blocked, id=39384, stack(0x000000df1fd00000,0x000000df1fe00000) (1024K)]
  0x000002679c5bb2c0 JavaThread "Unconstrained build operations Thread 84"        [_thread_blocked, id=37084, stack(0x000000df1fe00000,0x000000df1ff00000) (1024K)]
  0x000002679c5bac30 JavaThread "Unconstrained build operations Thread 85"        [_thread_blocked, id=11896, stack(0x000000df1ff00000,0x000000df20000000) (1024K)]
  0x000002679c5bc670 JavaThread "Unconstrained build operations Thread 86"        [_thread_blocked, id=37464, stack(0x000000df20000000,0x000000df20100000) (1024K)]
  0x000002679c5bd390 JavaThread "Unconstrained build operations Thread 87"        [_thread_blocked, id=37028, stack(0x000000df20100000,0x000000df20200000) (1024K)]
  0x000002679c5bb950 JavaThread "Unconstrained build operations Thread 88"        [_thread_blocked, id=37124, stack(0x000000df20200000,0x000000df20300000) (1024K)]
  0x000002679c5be740 JavaThread "Unconstrained build operations Thread 89"        [_thread_blocked, id=35028, stack(0x000000df20300000,0x000000df20400000) (1024K)]
  0x000002679c5bda20 JavaThread "Unconstrained build operations Thread 90"        [_thread_blocked, id=2896, stack(0x000000df20400000,0x000000df20500000) (1024K)]
  0x000002679c5bedd0 JavaThread "Unconstrained build operations Thread 91"        [_thread_blocked, id=27796, stack(0x000000df20500000,0x000000df20600000) (1024K)]
  0x000002679c5bf460 JavaThread "Unconstrained build operations Thread 92"        [_thread_blocked, id=39740, stack(0x000000df20600000,0x000000df20700000) (1024K)]
  0x000002679b93bef0 JavaThread "Unconstrained build operations Thread 93"        [_thread_blocked, id=38040, stack(0x000000df20700000,0x000000df20800000) (1024K)]
  0x000002679b93ece0 JavaThread "Unconstrained build operations Thread 94"        [_thread_blocked, id=29180, stack(0x000000df20800000,0x000000df20900000) (1024K)]
  0x000002679b93dfc0 JavaThread "Unconstrained build operations Thread 95"        [_thread_blocked, id=29904, stack(0x000000df20900000,0x000000df20a00000) (1024K)]
  0x000002679b93d930 JavaThread "Unconstrained build operations Thread 96"        [_thread_blocked, id=30940, stack(0x000000df20a00000,0x000000df20b00000) (1024K)]
  0x000002679b93f370 JavaThread "Unconstrained build operations Thread 97"        [_thread_blocked, id=14996, stack(0x000000df20b00000,0x000000df20c00000) (1024K)]
  0x000002679b93fa00 JavaThread "Unconstrained build operations Thread 98"        [_thread_blocked, id=17884, stack(0x000000df20c00000,0x000000df20d00000) (1024K)]
  0x000002679b93c580 JavaThread "Unconstrained build operations Thread 99"        [_thread_blocked, id=35796, stack(0x000000df20d00000,0x000000df20e00000) (1024K)]
  0x000002679b940090 JavaThread "Unconstrained build operations Thread 100"        [_thread_blocked, id=648, stack(0x000000df20e00000,0x000000df20f00000) (1024K)]
  0x000002679b93e650 JavaThread "Unconstrained build operations Thread 101"        [_thread_blocked, id=39708, stack(0x000000df20f00000,0x000000df21000000) (1024K)]
  0x000002679b93cc10 JavaThread "Unconstrained build operations Thread 102"        [_thread_blocked, id=10308, stack(0x000000df21000000,0x000000df21100000) (1024K)]
  0x000002679b93d2a0 JavaThread "Unconstrained build operations Thread 103"        [_thread_blocked, id=12032, stack(0x000000df21100000,0x000000df21200000) (1024K)]
  0x000002679b942160 JavaThread "Unconstrained build operations Thread 104"        [_thread_blocked, id=38348, stack(0x000000df21200000,0x000000df21300000) (1024K)]
  0x000002679b943ba0 JavaThread "Unconstrained build operations Thread 105"        [_thread_blocked, id=10192, stack(0x000000df21300000,0x000000df21400000) (1024K)]
  0x000002679b941ad0 JavaThread "Unconstrained build operations Thread 106"        [_thread_blocked, id=28816, stack(0x000000df21400000,0x000000df21500000) (1024K)]
  0x000002679b940720 JavaThread "Unconstrained build operations Thread 107"        [_thread_blocked, id=38936, stack(0x000000df21500000,0x000000df21600000) (1024K)]
  0x000002679b941440 JavaThread "Unconstrained build operations Thread 108"        [_thread_blocked, id=8844, stack(0x000000df21600000,0x000000df21700000) (1024K)]
  0x000002679b9427f0 JavaThread "Unconstrained build operations Thread 109"        [_thread_blocked, id=25440, stack(0x000000df21700000,0x000000df21800000) (1024K)]
  0x000002679b942e80 JavaThread "Unconstrained build operations Thread 110"        [_thread_blocked, id=37496, stack(0x000000df21800000,0x000000df21900000) (1024K)]
  0x000002679b944230 JavaThread "Unconstrained build operations Thread 111"        [_thread_blocked, id=37632, stack(0x000000df21900000,0x000000df21a00000) (1024K)]
  0x000002679b943510 JavaThread "Unconstrained build operations Thread 112"        [_thread_blocked, id=17632, stack(0x000000df21a00000,0x000000df21b00000) (1024K)]
  0x000002679b940db0 JavaThread "Unconstrained build operations Thread 113"        [_thread_blocked, id=39832, stack(0x000000df21b00000,0x000000df21c00000) (1024K)]
  0x000002679b944f50 JavaThread "Unconstrained build operations Thread 114"        [_thread_blocked, id=36972, stack(0x000000df21c00000,0x000000df21d00000) (1024K)]
  0x000002679b9455e0 JavaThread "Unconstrained build operations Thread 115"        [_thread_blocked, id=33132, stack(0x000000df21d00000,0x000000df21e00000) (1024K)]
  0x000002679b946990 JavaThread "Unconstrained build operations Thread 116"        [_thread_blocked, id=9008, stack(0x000000df21e00000,0x000000df21f00000) (1024K)]
  0x000002679b947020 JavaThread "Unconstrained build operations Thread 117"        [_thread_blocked, id=37912, stack(0x000000df21f00000,0x000000df22000000) (1024K)]
  0x000002679b9476b0 JavaThread "Unconstrained build operations Thread 118"        [_thread_blocked, id=38752, stack(0x000000df22000000,0x000000df22100000) (1024K)]
  0x000002679b9448c0 JavaThread "Unconstrained build operations Thread 119"        [_thread_blocked, id=468, stack(0x000000df22100000,0x000000df22200000) (1024K)]
  0x000002679b947d40 JavaThread "Unconstrained build operations Thread 120"        [_thread_blocked, id=38540, stack(0x000000df22200000,0x000000df22300000) (1024K)]
  0x000002679b9483d0 JavaThread "Unconstrained build operations Thread 121"        [_thread_blocked, id=37172, stack(0x000000df22300000,0x000000df22400000) (1024K)]
  0x000002679b948a60 JavaThread "Unconstrained build operations Thread 122"        [_thread_blocked, id=28836, stack(0x000000df22400000,0x000000df22500000) (1024K)]
  0x000002679b9490f0 JavaThread "Unconstrained build operations Thread 123"        [_thread_blocked, id=36976, stack(0x000000df22500000,0x000000df22600000) (1024K)]
  0x000002679b945c70 JavaThread "Unconstrained build operations Thread 124"        [_thread_blocked, id=27668, stack(0x000000df22600000,0x000000df22700000) (1024K)]
  0x000002679b949780 JavaThread "Unconstrained build operations Thread 125"        [_thread_blocked, id=21368, stack(0x000000df22700000,0x000000df22800000) (1024K)]
  0x000002679b949e10 JavaThread "Unconstrained build operations Thread 126"        [_thread_blocked, id=32940, stack(0x000000df22800000,0x000000df22900000) (1024K)]
  0x000002679b946300 JavaThread "Unconstrained build operations Thread 127"        [_thread_blocked, id=28212, stack(0x000000df22900000,0x000000df22a00000) (1024K)]
  0x000002679b94a4a0 JavaThread "Unconstrained build operations Thread 128"        [_thread_blocked, id=32388, stack(0x000000df22a00000,0x000000df22b00000) (1024K)]
  0x000002679b94ab30 JavaThread "Unconstrained build operations Thread 129"        [_thread_blocked, id=37608, stack(0x000000df22b00000,0x000000df22c00000) (1024K)]
  0x000002679f67dc50 JavaThread "Unconstrained build operations Thread 130"        [_thread_blocked, id=2208, stack(0x000000df22c00000,0x000000df22d00000) (1024K)]
  0x000002679f7a0d90 JavaThread "Unconstrained build operations Thread 131"        [_thread_blocked, id=26916, stack(0x000000df22d00000,0x000000df22e00000) (1024K)]
  0x000002679f79e630 JavaThread "Unconstrained build operations Thread 132"        [_thread_blocked, id=28332, stack(0x000000df22e00000,0x000000df22f00000) (1024K)]
  0x000002679f79ecc0 JavaThread "Unconstrained build operations Thread 133"        [_thread_blocked, id=29860, stack(0x000000df22f00000,0x000000df23000000) (1024K)]
  0x000002679f79d280 JavaThread "Unconstrained build operations Thread 134"        [_thread_blocked, id=3400, stack(0x000000df23000000,0x000000df23100000) (1024K)]
  0x000002679f79f350 JavaThread "Unconstrained build operations Thread 135"        [_thread_blocked, id=37412, stack(0x000000df23100000,0x000000df23200000) (1024K)]
  0x000002679f79d910 JavaThread "Unconstrained build operations Thread 136"        [_thread_blocked, id=38544, stack(0x000000df23200000,0x000000df23300000) (1024K)]
  0x000002679f7a0070 JavaThread "Unconstrained build operations Thread 137"        [_thread_blocked, id=38048, stack(0x000000df23300000,0x000000df23400000) (1024K)]
  0x000002679f79f9e0 JavaThread "Unconstrained build operations Thread 138"        [_thread_blocked, id=21488, stack(0x000000df23400000,0x000000df23500000) (1024K)]
  0x000002679f7a0700 JavaThread "Unconstrained build operations Thread 139"        [_thread_blocked, id=37020, stack(0x000000df23500000,0x000000df23600000) (1024K)]
  0x000002679f7a1420 JavaThread "Unconstrained build operations Thread 140"        [_thread_blocked, id=37992, stack(0x000000df23600000,0x000000df23700000) (1024K)]
  0x000002679f79dfa0 JavaThread "Unconstrained build operations Thread 141"        [_thread_blocked, id=3624, stack(0x000000df23700000,0x000000df23800000) (1024K)]
  0x000002679f7a34f0 JavaThread "Unconstrained build operations Thread 142"        [_thread_blocked, id=18556, stack(0x000000df23a00000,0x000000df23b00000) (1024K)]
  0x000002679f7a3b80 JavaThread "Unconstrained build operations Thread 143"        [_thread_blocked, id=19728, stack(0x000000df23b00000,0x000000df23c00000) (1024K)]
  0x000002679f7a2e60 JavaThread "Unconstrained build operations Thread 144"        [_thread_blocked, id=8580, stack(0x000000df23c00000,0x000000df23d00000) (1024K)]
  0x000002679f7a4210 JavaThread "Unconstrained build operations Thread 145"        [_thread_blocked, id=25972, stack(0x000000df23d00000,0x000000df23e00000) (1024K)]
  0x000002679f7a48a0 JavaThread "Unconstrained build operations Thread 146"        [_thread_blocked, id=38424, stack(0x000000df23e00000,0x000000df23f00000) (1024K)]
  0x000002679f7a1ab0 JavaThread "Unconstrained build operations Thread 147"        [_thread_blocked, id=36484, stack(0x000000df23f00000,0x000000df24000000) (1024K)]
  0x000002679f7a2140 JavaThread "Unconstrained build operations Thread 148"        [_thread_blocked, id=31176, stack(0x000000df24000000,0x000000df24100000) (1024K)]
  0x000002679f7a27d0 JavaThread "Unconstrained build operations Thread 149"        [_thread_blocked, id=33240, stack(0x000000df24100000,0x000000df24200000) (1024K)]
  0x000002679b94b1c0 JavaThread "Unconstrained build operations Thread 150"        [_thread_blocked, id=33624, stack(0x000000df24200000,0x000000df24300000) (1024K)]
  0x000002679c5070c0 JavaThread "Unconstrained build operations Thread 151"        [_thread_blocked, id=30328, stack(0x000000df24300000,0x000000df24400000) (1024K)]
  0x000002679c50a540 JavaThread "Unconstrained build operations Thread 152"        [_thread_blocked, id=2700, stack(0x000000df24400000,0x000000df24500000) (1024K)]
  0x000002679c509190 JavaThread "Unconstrained build operations Thread 153"        [_thread_blocked, id=24176, stack(0x000000df24500000,0x000000df24600000) (1024K)]
  0x000002679c50abd0 JavaThread "Unconstrained build operations Thread 154"        [_thread_blocked, id=37232, stack(0x000000df24800000,0x000000df24900000) (1024K)]
  0x000002679c509eb0 JavaThread "Unconstrained build operations Thread 155"        [_thread_blocked, id=38116, stack(0x000000df24900000,0x000000df24a00000) (1024K)]
  0x000002679c509820 JavaThread "Unconstrained build operations Thread 156"        [_thread_blocked, id=38688, stack(0x000000df24a00000,0x000000df24b00000) (1024K)]
  0x000002679c507750 JavaThread "Unconstrained build operations Thread 157"        [_thread_blocked, id=29276, stack(0x000000df24b00000,0x000000df24c00000) (1024K)]
  0x000002679c508b00 JavaThread "Unconstrained build operations Thread 158"        [_thread_blocked, id=37764, stack(0x000000df24c00000,0x000000df24d00000) (1024K)]
  0x000002679c50b260 JavaThread "Unconstrained build operations Thread 159"        [_thread_blocked, id=38676, stack(0x000000df24d00000,0x000000df24e00000) (1024K)]
  0x000002679c507de0 JavaThread "Unconstrained build operations Thread 160"        [_thread_blocked, id=18232, stack(0x000000df24e00000,0x000000df24f00000) (1024K)]
  0x000002679c508470 JavaThread "Unconstrained build operations Thread 161"        [_thread_blocked, id=29672, stack(0x000000df24f00000,0x000000df25000000) (1024K)]
  0x000002679c50e050 JavaThread "Unconstrained build operations Thread 162"        [_thread_blocked, id=39304, stack(0x000000df25000000,0x000000df25100000) (1024K)]
  0x000002679c50e6e0 JavaThread "Unconstrained build operations Thread 163"        [_thread_blocked, id=34516, stack(0x000000df25100000,0x000000df25200000) (1024K)]
  0x000002679c50c610 JavaThread "Unconstrained build operations Thread 164"        [_thread_blocked, id=36332, stack(0x000000df25200000,0x000000df25300000) (1024K)]
  0x000002679c50bf80 JavaThread "Unconstrained build operations Thread 165"        [_thread_blocked, id=38716, stack(0x000000df25300000,0x000000df25400000) (1024K)]
  0x000002679c50d9c0 JavaThread "Unconstrained build operations Thread 166"        [_thread_blocked, id=24064, stack(0x000000df25400000,0x000000df25500000) (1024K)]
  0x000002679c50ed70 JavaThread "Unconstrained build operations Thread 167"        [_thread_blocked, id=37468, stack(0x000000df25500000,0x000000df25600000) (1024K)]
  0x000002679c50b8f0 JavaThread "Unconstrained build operations Thread 168"        [_thread_blocked, id=28748, stack(0x000000df25600000,0x000000df25700000) (1024K)]
  0x000002679c50f400 JavaThread "Unconstrained build operations Thread 169"        [_thread_blocked, id=32752, stack(0x000000df25700000,0x000000df25800000) (1024K)]
  0x000002679c50cca0 JavaThread "Unconstrained build operations Thread 170"        [_thread_blocked, id=35300, stack(0x000000df25800000,0x000000df25900000) (1024K)]
  0x000002679c50fa90 JavaThread "Unconstrained build operations Thread 171"        [_thread_blocked, id=11516, stack(0x000000df25900000,0x000000df25a00000) (1024K)]
  0x000002679c50d330 JavaThread "Unconstrained build operations Thread 172"        [_thread_blocked, id=25896, stack(0x000000df25a00000,0x000000df25b00000) (1024K)]
  0x000002679c5135a0 JavaThread "Unconstrained build operations Thread 173"        [_thread_blocked, id=33040, stack(0x000000df25b00000,0x000000df25c00000) (1024K)]
  0x000002679c510e40 JavaThread "Unconstrained build operations Thread 174"        [_thread_blocked, id=38876, stack(0x000000df25c00000,0x000000df25d00000) (1024K)]
  0x000002679c5121f0 JavaThread "Unconstrained build operations Thread 175"        [_thread_blocked, id=31336, stack(0x000000df25d00000,0x000000df25e00000) (1024K)]
  0x000002679c512880 JavaThread "Unconstrained build operations Thread 176"        [_thread_blocked, id=11508, stack(0x000000df25e00000,0x000000df25f00000) (1024K)]
  0x000002679c512f10 JavaThread "Unconstrained build operations Thread 177"        [_thread_blocked, id=31416, stack(0x000000df25f00000,0x000000df26000000) (1024K)]
  0x000002679c510120 JavaThread "Unconstrained build operations Thread 178"        [_thread_blocked, id=37628, stack(0x000000df26000000,0x000000df26100000) (1024K)]
  0x000002679c5114d0 JavaThread "Unconstrained build operations Thread 179"        [_thread_blocked, id=38792, stack(0x000000df26100000,0x000000df26200000) (1024K)]
  0x000002679c511b60 JavaThread "Unconstrained build operations Thread 180"        [_thread_blocked, id=36260, stack(0x000000df26200000,0x000000df26300000) (1024K)]
  0x000002679c513c30 JavaThread "Unconstrained build operations Thread 181"        [_thread_blocked, id=39696, stack(0x000000df26300000,0x000000df26400000) (1024K)]
  0x000002679c5107b0 JavaThread "Unconstrained build operations Thread 182"        [_thread_blocked, id=20596, stack(0x000000df26400000,0x000000df26500000) (1024K)]
  0x000002679c5142c0 JavaThread "Unconstrained build operations Thread 183"        [_thread_blocked, id=37844, stack(0x000000df26500000,0x000000df26600000) (1024K)]
  0x000002679c514fe0 JavaThread "Unconstrained build operations Thread 184"        [_thread_blocked, id=39236, stack(0x000000df26600000,0x000000df26700000) (1024K)]
  0x000002679c515d00 JavaThread "Unconstrained build operations Thread 185"        [_thread_blocked, id=16580, stack(0x000000df26700000,0x000000df26800000) (1024K)]
  0x000002679c514950 JavaThread "Unconstrained build operations Thread 186"        [_thread_blocked, id=30124, stack(0x000000df26800000,0x000000df26900000) (1024K)]
  0x000002679c515670 JavaThread "Unconstrained build operations Thread 187"        [_thread_blocked, id=38700, stack(0x000000df26a00000,0x000000df26b00000) (1024K)]
  0x000002679c516390 JavaThread "Unconstrained build operations Thread 188"        [_thread_blocked, id=4316, stack(0x000000df26b00000,0x000000df26c00000) (1024K)]
  0x000002679d4faed0 JavaThread "Unconstrained build operations Thread 189"        [_thread_blocked, id=13308, stack(0x000000df26c00000,0x000000df26d00000) (1024K)]
  0x000002679d4fdcc0 JavaThread "Unconstrained build operations Thread 190"        [_thread_blocked, id=29112, stack(0x000000df26d00000,0x000000df26e00000) (1024K)]
  0x000002679d4fe350 JavaThread "Unconstrained build operations Thread 191"        [_thread_blocked, id=28284, stack(0x000000df26e00000,0x000000df26f00000) (1024K)]
  0x000002679d4fcfa0 JavaThread "Unconstrained build operations Thread 192"        [_thread_blocked, id=672, stack(0x000000df26f00000,0x000000df27000000) (1024K)]
  0x000002679d4fd630 JavaThread "Unconstrained build operations Thread 193"        [_thread_blocked, id=10340, stack(0x000000df27000000,0x000000df27100000) (1024K)]
  0x000002679d4fe9e0 JavaThread "Unconstrained build operations Thread 194"        [_thread_blocked, id=34384, stack(0x000000df27100000,0x000000df27200000) (1024K)]
  0x000002679d4fb560 JavaThread "Unconstrained build operations Thread 195"        [_thread_blocked, id=33836, stack(0x000000df27200000,0x000000df27300000) (1024K)]
  0x000002679d4ff070 JavaThread "Unconstrained build operations Thread 196"        [_thread_blocked, id=10864, stack(0x000000df27300000,0x000000df27400000) (1024K)]
  0x000002679d4fc910 JavaThread "Unconstrained build operations Thread 197"        [_thread_blocked, id=932, stack(0x000000df27400000,0x000000df27500000) (1024K)]
  0x000002679d4fbbf0 JavaThread "Unconstrained build operations Thread 198"        [_thread_blocked, id=35516, stack(0x000000df27500000,0x000000df27600000) (1024K)]
  0x000002679d4ff700 JavaThread "Unconstrained build operations Thread 199"        [_thread_blocked, id=32092, stack(0x000000df27600000,0x000000df27700000) (1024K)]
  0x000002679d4fc280 JavaThread "Unconstrained build operations Thread 200"        [_thread_blocked, id=36268, stack(0x000000df27700000,0x000000df27800000) (1024K)]
  0x000002679d503210 JavaThread "Unconstrained build operations Thread 201"        [_thread_blocked, id=37408, stack(0x000000df27800000,0x000000df27900000) (1024K)]
  0x000002679d500420 JavaThread "Unconstrained build operations Thread 202"        [_thread_blocked, id=36820, stack(0x000000df27900000,0x000000df27a00000) (1024K)]
  0x000002679d500ab0 JavaThread "Unconstrained build operations Thread 203"        [_thread_blocked, id=32676, stack(0x000000df27a00000,0x000000df27b00000) (1024K)]
  0x000002679d5024f0 JavaThread "Unconstrained build operations Thread 204"        [_thread_blocked, id=6960, stack(0x000000df27b00000,0x000000df27c00000) (1024K)]
  0x000002679d502b80 JavaThread "Unconstrained build operations Thread 205"        [_thread_blocked, id=4196, stack(0x000000df27c00000,0x000000df27d00000) (1024K)]
  0x000002679d5017d0 JavaThread "Unconstrained build operations Thread 206"        [_thread_blocked, id=35264, stack(0x000000df27d00000,0x000000df27e00000) (1024K)]
  0x000002679d501e60 JavaThread "Unconstrained build operations Thread 207"        [_thread_blocked, id=30232, stack(0x000000df27e00000,0x000000df27f00000) (1024K)]
  0x000002679d4ffd90 JavaThread "Unconstrained build operations Thread 208"        [_thread_blocked, id=32988, stack(0x000000df27f00000,0x000000df28000000) (1024K)]
  0x000002679d505970 JavaThread "Unconstrained build operations Thread 209"        [_thread_blocked, id=16148, stack(0x000000df28000000,0x000000df28100000) (1024K)]
  0x000002679d506690 JavaThread "Unconstrained build operations Thread 210"        [_thread_blocked, id=37136, stack(0x000000df28100000,0x000000df28200000) (1024K)]
  0x000002679d5045c0 JavaThread "Unconstrained build operations Thread 211"        [_thread_blocked, id=36816, stack(0x000000df28200000,0x000000df28300000) (1024K)]
  0x000002679d5052e0 JavaThread "Unconstrained build operations Thread 212"        [_thread_blocked, id=28280, stack(0x000000df28300000,0x000000df28400000) (1024K)]
  0x000002679d503f30 JavaThread "Unconstrained build operations Thread 213"        [_thread_blocked, id=39112, stack(0x000000df28400000,0x000000df28500000) (1024K)]
  0x000002679d506d20 JavaThread "Unconstrained build operations Thread 214"        [_thread_blocked, id=39472, stack(0x000000df28500000,0x000000df28600000) (1024K)]
  0x000002679d504c50 JavaThread "Unconstrained build operations Thread 215"        [_thread_blocked, id=2200, stack(0x000000df28600000,0x000000df28700000) (1024K)]
  0x000002679d506000 JavaThread "Unconstrained build operations Thread 216"        [_thread_blocked, id=688, stack(0x000000df28700000,0x000000df28800000) (1024K)]
  0x000002679d5038a0 JavaThread "Unconstrained build operations Thread 217"        [_thread_blocked, id=6488, stack(0x000000df28800000,0x000000df28900000) (1024K)]
  0x000002679d508760 JavaThread "Unconstrained build operations Thread 218"        [_thread_blocked, id=11980, stack(0x000000df28c00000,0x000000df28d00000) (1024K)]
  0x000002679d509b10 JavaThread "Unconstrained build operations Thread 219"        [_thread_blocked, id=30556, stack(0x000000df28d00000,0x000000df28e00000) (1024K)]
  0x000002679d508df0 JavaThread "Unconstrained build operations Thread 220"        [_thread_blocked, id=14184, stack(0x000000df28e00000,0x000000df28f00000) (1024K)]
  0x000002679d50a1a0 JavaThread "Unconstrained build operations Thread 221"        [_thread_blocked, id=37048, stack(0x000000df28f00000,0x000000df29000000) (1024K)]
  0x000002679d5073b0 JavaThread "Unconstrained build operations Thread 222"        [_thread_blocked, id=14240, stack(0x000000df29000000,0x000000df29100000) (1024K)]
  0x000002679d507a40 JavaThread "Unconstrained build operations Thread 223"        [_thread_blocked, id=36732, stack(0x000000df29100000,0x000000df29200000) (1024K)]
  0x000002679d5080d0 JavaThread "Unconstrained build operations Thread 224"        [_thread_blocked, id=8488, stack(0x000000df29200000,0x000000df29300000) (1024K)]
  0x000002679d509480 JavaThread "Unconstrained build operations Thread 225"        [_thread_blocked, id=5028, stack(0x000000df29300000,0x000000df29400000) (1024K)]
  0x00000267a2088550 JavaThread "Unconstrained build operations Thread 226"        [_thread_blocked, id=17920, stack(0x000000df29400000,0x000000df29500000) (1024K)]
  0x00000267a2086480 JavaThread "Unconstrained build operations Thread 227"        [_thread_blocked, id=35808, stack(0x000000df29500000,0x000000df29600000) (1024K)]
  0x00000267a2088be0 JavaThread "Unconstrained build operations Thread 228"        [_thread_blocked, id=39512, stack(0x000000df29600000,0x000000df29700000) (1024K)]
  0x00000267a2085760 JavaThread "Unconstrained build operations Thread 229"        [_thread_blocked, id=12712, stack(0x000000df29700000,0x000000df29800000) (1024K)]
  0x00000267a2089270 JavaThread "Unconstrained build operations Thread 230"        [_thread_blocked, id=39412, stack(0x000000df29800000,0x000000df29900000) (1024K)]
  0x00000267a2087ec0 JavaThread "Unconstrained build operations Thread 231"        [_thread_blocked, id=37244, stack(0x000000df29900000,0x000000df29a00000) (1024K)]
  0x00000267a2086b10 JavaThread "Unconstrained build operations Thread 232"        [_thread_blocked, id=37984, stack(0x000000df29a00000,0x000000df29b00000) (1024K)]
  0x00000267a2085df0 JavaThread "Unconstrained build operations Thread 233"        [_thread_blocked, id=37420, stack(0x000000df29b00000,0x000000df29c00000) (1024K)]
  0x00000267a2089f90 JavaThread "Unconstrained build operations Thread 234"        [_thread_blocked, id=29008, stack(0x000000df29c00000,0x000000df29d00000) (1024K)]
  0x00000267a2089900 JavaThread "Unconstrained build operations Thread 235"        [_thread_blocked, id=37948, stack(0x000000df29d00000,0x000000df29e00000) (1024K)]
  0x00000267a208a620 JavaThread "Unconstrained build operations Thread 236"        [_thread_blocked, id=37676, stack(0x000000df29e00000,0x000000df29f00000) (1024K)]
  0x00000267a20871a0 JavaThread "Unconstrained build operations Thread 237"        [_thread_blocked, id=39608, stack(0x000000df29f00000,0x000000df2a000000) (1024K)]
  0x00000267a208daa0 JavaThread "Unconstrained build operations Thread 238"        [_thread_blocked, id=9212, stack(0x000000df2a000000,0x000000df2a100000) (1024K)]
  0x00000267a208cd80 JavaThread "Unconstrained build operations Thread 239"        [_thread_blocked, id=27696, stack(0x000000df2a100000,0x000000df2a200000) (1024K)]
  0x00000267a208e130 JavaThread "Unconstrained build operations Thread 240"        [_thread_blocked, id=21408, stack(0x000000df2a200000,0x000000df2a300000) (1024K)]
  0x00000267a208e7c0 JavaThread "Unconstrained build operations Thread 241"        [_thread_blocked, id=34968, stack(0x000000df2a300000,0x000000df2a400000) (1024K)]
  0x00000267a208c060 JavaThread "Unconstrained build operations Thread 242"        [_thread_blocked, id=30844, stack(0x000000df2a400000,0x000000df2a500000) (1024K)]
  0x00000267a208c6f0 JavaThread "Unconstrained build operations Thread 243"        [_thread_blocked, id=36808, stack(0x000000df2a500000,0x000000df2a600000) (1024K)]
  0x00000267a208ee50 JavaThread "Unconstrained build operations Thread 244"        [_thread_blocked, id=37176, stack(0x000000df2a600000,0x000000df2a700000) (1024K)]
  0x00000267a2090890 JavaThread "Unconstrained build operations Thread 245"        [_thread_blocked, id=37964, stack(0x000000df2a700000,0x000000df2a800000) (1024K)]
  0x00000267a2091c40 JavaThread "Unconstrained build operations Thread 246"        [_thread_blocked, id=33780, stack(0x000000df2a800000,0x000000df2a900000) (1024K)]
  0x00000267a257cc20 JavaThread "Unconstrained build operations Thread 247"        [_thread_blocked, id=20384, stack(0x000000df2a900000,0x000000df2aa00000) (1024K)]
  0x00000267a257d2b0 JavaThread "Unconstrained build operations Thread 248"        [_thread_blocked, id=28268, stack(0x000000df2aa00000,0x000000df2ab00000) (1024K)]
  0x00000267a2582800 JavaThread "jar transforms Thread 4"           [_thread_blocked, id=33436, stack(0x000000df2ab00000,0x000000df2ac00000) (1024K)]
  0x00000267a257c590 JavaThread "jar transforms Thread 5"           [_thread_blocked, id=36132, stack(0x000000df2ac00000,0x000000df2ad00000) (1024K)]
  0x00000267a257a4c0 JavaThread "jar transforms Thread 6"           [_thread_blocked, id=37688, stack(0x000000df2ad00000,0x000000df2ae00000) (1024K)]
  0x00000267a257ab50 JavaThread "jar transforms Thread 7"           [_thread_blocked, id=6240, stack(0x000000df2ae00000,0x000000df2af00000) (1024K)]
  0x00000267a257ecf0 JavaThread "build event listener"              [_thread_blocked, id=15284, stack(0x000000df28a00000,0x000000df28b00000) (1024K)]
  0x00000267a2591ad0 JavaThread "jar transforms Thread 8"           [_thread_blocked, id=39452, stack(0x000000df2b000000,0x000000df2b100000) (1024K)]
  0x00000267a25927f0 JavaThread "Problems report writer"            [_thread_blocked, id=3872, stack(0x000000df2b100000,0x000000df2b200000) (1024K)]
  0x00000267a2092960 JavaThread "jar transforms Thread 9"           [_thread_blocked, id=39264, stack(0x000000df28900000,0x000000df28a00000) (1024K)]
  0x00000267a2092ff0 JavaThread "Unconstrained build operations Thread 249"        [_thread_blocked, id=21284, stack(0x000000df28b00000,0x000000df28c00000) (1024K)]
  0x00000267a208fb70 JavaThread "Unconstrained build operations Thread 250"        [_thread_blocked, id=12716, stack(0x000000df2af00000,0x000000df2b000000) (1024K)]
  0x00000267a208acb0 JavaThread "Unconstrained build operations Thread 251"        [_thread_blocked, id=10256, stack(0x000000df15000000,0x000000df15100000) (1024K)]
  0x00000267a2087830 JavaThread "Unconstrained build operations Thread 252"        [_thread_blocked, id=6724, stack(0x000000df15100000,0x000000df15200000) (1024K)]
  0x00000267a208b340 JavaThread "Unconstrained build operations Thread 253"        [_thread_blocked, id=39088, stack(0x000000df24600000,0x000000df24700000) (1024K)]
  0x00000267a208d410 JavaThread "Unconstrained build operations Thread 254"        [_thread_blocked, id=29808, stack(0x000000df24700000,0x000000df24800000) (1024K)]
  0x00000267a208b9d0 JavaThread "Unconstrained build operations Thread 255"        [_thread_blocked, id=31908, stack(0x000000df26900000,0x000000df26a00000) (1024K)]
  0x00000267a20915b0 JavaThread "Unconstrained build operations Thread 256"        [_thread_blocked, id=12592, stack(0x000000df2b300000,0x000000df2b400000) (1024K)]
  0x00000267a2090200 JavaThread "Unconstrained build operations Thread 257"        [_thread_blocked, id=2664, stack(0x000000df2b400000,0x000000df2b500000) (1024K)]
  0x00000267a2093d10 JavaThread "Unconstrained build operations Thread 258"        [_thread_blocked, id=31232, stack(0x000000df2b500000,0x000000df2b600000) (1024K)]
  0x00000267a20943a0 JavaThread "Unconstrained build operations Thread 259"        [_thread_blocked, id=38736, stack(0x000000df2b600000,0x000000df2b700000) (1024K)]
  0x00000267a2094a30 JavaThread "Unconstrained build operations Thread 260"        [_thread_blocked, id=33020, stack(0x000000df2b700000,0x000000df2b800000) (1024K)]
  0x00000267a2587d50 JavaThread "Unconstrained build operations Thread 261"        [_thread_blocked, id=34828, stack(0x000000df2b800000,0x000000df2b900000) (1024K)]
  0x00000267a25848d0 JavaThread "Unconstrained build operations Thread 262"        [_thread_blocked, id=16704, stack(0x000000df2b900000,0x000000df2ba00000) (1024K)]
  0x00000267a25883e0 JavaThread "Unconstrained build operations Thread 263"        [_thread_blocked, id=27112, stack(0x000000df2ba00000,0x000000df2bb00000) (1024K)]
  0x00000267a2587030 JavaThread "Unconstrained build operations Thread 264"        [_thread_blocked, id=38508, stack(0x000000df2bb00000,0x000000df2bc00000) (1024K)]
  0x00000267a258b1d0 JavaThread "Unconstrained build operations Thread 265"        [_thread_blocked, id=37968, stack(0x000000df2bc00000,0x000000df2bd00000) (1024K)]
  0x00000267a258ab40 JavaThread "Unconstrained build operations Thread 266"        [_thread_blocked, id=23688, stack(0x000000df2bd00000,0x000000df2be00000) (1024K)]
  0x00000267a2589e20 JavaThread "Unconstrained build operations Thread 267"        [_thread_blocked, id=29384, stack(0x000000df2be00000,0x000000df2bf00000) (1024K)]
  0x00000267a2588a70 JavaThread "Unconstrained build operations Thread 268"        [_thread_blocked, id=36432, stack(0x000000df2bf00000,0x000000df2c000000) (1024K)]
  0x00000267a258bef0 JavaThread "Unconstrained build operations Thread 269"        [_thread_blocked, id=12396, stack(0x000000df2c000000,0x000000df2c100000) (1024K)]
  0x00000267a258a4b0 JavaThread "Unconstrained build operations Thread 270"        [_thread_blocked, id=28120, stack(0x000000df2c100000,0x000000df2c200000) (1024K)]
  0x00000267a258c580 JavaThread "Unconstrained build operations Thread 271"        [_thread_blocked, id=39484, stack(0x000000df2c200000,0x000000df2c300000) (1024K)]
  0x00000267a2589100 JavaThread "Unconstrained build operations Thread 272"        [_thread_blocked, id=37312, stack(0x000000df2c300000,0x000000df2c400000) (1024K)]
  0x00000267a2589790 JavaThread "Unconstrained build operations Thread 273"        [_thread_blocked, id=39876, stack(0x000000df2c400000,0x000000df2c500000) (1024K)]
  0x00000267a258d930 JavaThread "Unconstrained build operations Thread 274"        [_thread_blocked, id=34912, stack(0x000000df2c500000,0x000000df2c600000) (1024K)]
  0x00000267a258f370 JavaThread "Unconstrained build operations Thread 275"        [_thread_blocked, id=32540, stack(0x000000df2c600000,0x000000df2c700000) (1024K)]
  0x00000267a258fa00 JavaThread "Unconstrained build operations Thread 276"        [_thread_blocked, id=33320, stack(0x000000df2c700000,0x000000df2c800000) (1024K)]
  0x00000267a2590090 JavaThread "Unconstrained build operations Thread 277"        [_thread_blocked, id=39692, stack(0x000000df2c800000,0x000000df2c900000) (1024K)]
  0x00000267a258cc10 JavaThread "Unconstrained build operations Thread 278"        [_thread_blocked, id=38404, stack(0x000000df2c900000,0x000000df2ca00000) (1024K)]
  0x00000267a2593ba0 JavaThread "Unconstrained build operations Thread 279"        [_thread_blocked, id=5656, stack(0x000000df2d100000,0x000000df2d200000) (1024K)]
  0x00000267a2592160 JavaThread "Unconstrained build operations Thread 280"        [_thread_blocked, id=39508, stack(0x000000df2d200000,0x000000df2d300000) (1024K)]
  0x00000267a2592e80 JavaThread "Unconstrained build operations Thread 281"        [_thread_blocked, id=9696, stack(0x000000df2d300000,0x000000df2d400000) (1024K)]
  0x00000267a2593510 JavaThread "Unconstrained build operations Thread 282"        [_thread_blocked, id=34952, stack(0x000000df2d400000,0x000000df2d500000) (1024K)]
  0x00000267a2597020 JavaThread "Unconstrained build operations Thread 283"        [_thread_blocked, id=3532, stack(0x000000df2d500000,0x000000df2d600000) (1024K)]
  0x00000267a25955e0 JavaThread "Unconstrained build operations Thread 284"        [_thread_blocked, id=36444, stack(0x000000df2d600000,0x000000df2d700000) (1024K)]
  0x00000267a25976b0 JavaThread "Unconstrained build operations Thread 285"        [_thread_blocked, id=34716, stack(0x000000df2d700000,0x000000df2d800000) (1024K)]
  0x00000267a2594f50 JavaThread "Unconstrained build operations Thread 286"        [_thread_blocked, id=34960, stack(0x000000df2d800000,0x000000df2d900000) (1024K)]
  0x00000267a25990f0 JavaThread "Unconstrained build operations Thread 287"        [_thread_blocked, id=33620, stack(0x000000df2d900000,0x000000df2da00000) (1024K)]
  0x00000267a2598a60 JavaThread "Unconstrained build operations Thread 288"        [_thread_blocked, id=25656, stack(0x000000df2da00000,0x000000df2db00000) (1024K)]
  0x00000267a2597d40 JavaThread "Unconstrained build operations Thread 289"        [_thread_blocked, id=38784, stack(0x000000df14d00000,0x000000df14e00000) (1024K)]
  0x00000267a25983d0 JavaThread "Unconstrained build operations Thread 290"        [_thread_blocked, id=37272, stack(0x000000df2ca00000,0x000000df2cb00000) (1024K)]
  0x00000267a2596300 JavaThread "Unconstrained build operations Thread 291"        [_thread_blocked, id=27140, stack(0x000000df2cb00000,0x000000df2cc00000) (1024K)]
  0x000002679e7fc730 JavaThread "Unconstrained build operations Thread 292"        [_thread_in_native, id=29312, stack(0x000000df2cc00000,0x000000df2cd00000) (1024K)]
  0x00000267a2747c50 JavaThread "Unconstrained build operations Thread 293"        [_thread_blocked, id=21680, stack(0x000000df2cd00000,0x000000df2ce00000) (1024K)]
  0x00000267a27482e0 JavaThread "Unconstrained build operations Thread 294"        [_thread_blocked, id=37588, stack(0x000000df2ce00000,0x000000df2cf00000) (1024K)]
  0x00000267a2744e60 JavaThread "Unconstrained build operations Thread 295"        [_thread_blocked, id=39504, stack(0x000000df2cf00000,0x000000df2d000000) (1024K)]
  0x00000267a2748970 JavaThread "Unconstrained build operations Thread 296"        [_thread_blocked, id=37216, stack(0x000000df2d000000,0x000000df2d100000) (1024K)]
  0x00000267a2746210 JavaThread "Unconstrained build operations Thread 297"        [_thread_blocked, id=34996, stack(0x000000df16000000,0x000000df16100000) (1024K)]
  0x00000267a2746f30 JavaThread "Unconstrained build operations Thread 298"        [_thread_blocked, id=38528, stack(0x000000df2db00000,0x000000df2dc00000) (1024K)]
  0x00000267a27454f0 JavaThread "Unconstrained build operations Thread 299"        [_thread_blocked, id=39240, stack(0x000000df2dc00000,0x000000df2dd00000) (1024K)]
  0x00000267a27475c0 JavaThread "Unconstrained build operations Thread 300"        [_thread_blocked, id=36276, stack(0x000000df2dd00000,0x000000df2de00000) (1024K)]
  0x00000267a2749000 JavaThread "Unconstrained build operations Thread 301"        [_thread_blocked, id=2136, stack(0x000000df2df00000,0x000000df2e000000) (1024K)]
  0x00000267a27468a0 JavaThread "Unconstrained build operations Thread 302"        [_thread_blocked, id=16448, stack(0x000000df2e000000,0x000000df2e100000) (1024K)]
  0x00000267a2745b80 JavaThread "Unconstrained build operations Thread 303"        [_thread_blocked, id=38064, stack(0x000000df2e300000,0x000000df2e400000) (1024K)]
  0x00000267a2749690 JavaThread "Unconstrained build operations Thread 304"        [_thread_in_native, id=36340, stack(0x000000df2e400000,0x000000df2e500000) (1024K)]
  0x00000267a2749d20 JavaThread "Unconstrained build operations Thread 305"        [_thread_blocked, id=36684, stack(0x000000df2e500000,0x000000df2e600000) (1024K)]
  0x00000267a272c4a0 JavaThread "Unconstrained build operations Thread 306"        [_thread_blocked, id=39192, stack(0x000000df2e600000,0x000000df2e700000) (1024K)]
  0x00000267a272aa60 JavaThread "Unconstrained build operations Thread 307"        [_thread_blocked, id=25536, stack(0x000000df2e700000,0x000000df2e800000) (1024K)]
  0x00000267a272dee0 JavaThread "Unconstrained build operations Thread 308"        [_thread_blocked, id=4460, stack(0x000000df2e800000,0x000000df2e900000) (1024K)]
  0x00000267a272cb30 JavaThread "Unconstrained build operations Thread 309"        [_thread_blocked, id=31104, stack(0x000000df2e900000,0x000000df2ea00000) (1024K)]
  0x00000267a272d1c0 JavaThread "Unconstrained build operations Thread 310"        [_thread_blocked, id=39156, stack(0x000000df2ea00000,0x000000df2eb00000) (1024K)]
  0x00000267a272d850 JavaThread "Unconstrained build operations Thread 311"        [_thread_blocked, id=13504, stack(0x000000df2eb00000,0x000000df2ec00000) (1024K)]
  0x00000267a272e570 JavaThread "Unconstrained build operations Thread 312"        [_thread_blocked, id=39732, stack(0x000000df2ec00000,0x000000df2ed00000) (1024K)]
  0x00000267a272b0f0 JavaThread "Unconstrained build operations Thread 313"        [_thread_blocked, id=8040, stack(0x000000df2ed00000,0x000000df2ee00000) (1024K)]
  0x00000267a272ec00 JavaThread "Unconstrained build operations Thread 314"        [_thread_blocked, id=26428, stack(0x000000df2ee00000,0x000000df2ef00000) (1024K)]
  0x00000267a272b780 JavaThread "Unconstrained build operations Thread 315"        [_thread_blocked, id=632, stack(0x000000df2ef00000,0x000000df2f000000) (1024K)]
  0x00000267a272f290 JavaThread "Unconstrained build operations Thread 316"        [_thread_blocked, id=9220, stack(0x000000df2f000000,0x000000df2f100000) (1024K)]
  0x00000267a2732710 JavaThread "Unconstrained build operations Thread 317"        [_thread_blocked, id=656, stack(0x000000df2f100000,0x000000df2f200000) (1024K)]
  0x00000267a2731360 JavaThread "Unconstrained build operations Thread 318"        [_thread_blocked, id=29484, stack(0x000000df2f200000,0x000000df2f300000) (1024K)]
  0x00000267a2730640 JavaThread "Unconstrained build operations Thread 319"        [_thread_blocked, id=39544, stack(0x000000df2f300000,0x000000df2f400000) (1024K)]
  0x00000267a2730cd0 JavaThread "Unconstrained build operations Thread 320"        [_thread_blocked, id=17952, stack(0x000000df2f400000,0x000000df2f500000) (1024K)]
  0x000002679cd4da60 JavaThread "C1 CompilerThread1"         daemon [_thread_blocked, id=33808, stack(0x000000df14b00000,0x000000df14c00000) (1024K)]
  0x000002679cd4b180 JavaThread "C1 CompilerThread2"         daemon [_thread_blocked, id=15644, stack(0x000000df15f00000,0x000000df16000000) (1024K)]
  0x000002679cd4eed0 JavaThread "C1 CompilerThread3"         daemon [_thread_blocked, id=28524, stack(0x000000df2de00000,0x000000df2df00000) (1024K)]
  0x000002679cd4bf20 JavaThread "C1 CompilerThread4"         daemon [_thread_blocked, id=29820, stack(0x000000df2e200000,0x000000df2e300000) (1024K)]
  0x00000267ff31d2f0 JavaThread "C2 CompilerThread1"         daemon [_thread_in_native, id=36596, stack(0x000000df14c00000,0x000000df14d00000) (1024K)]
  0x00000267ff31be80 JavaThread "C2 CompilerThread2"         daemon [_thread_in_native, id=10132, stack(0x000000df2e100000,0x000000df2e200000) (1024K)]
  0x00000267ff31c550 JavaThread "C2 CompilerThread3"         daemon [_thread_in_native, id=35092, stack(0x000000df2f500000,0x000000df2f600000) (1024K)]
  0x00000267ff31e090 JavaThread "C2 CompilerThread4"         daemon [_thread_in_native, id=34524, stack(0x000000df2f600000,0x000000df2f700000) (1024K)]
  0x00000267a968b980 JavaThread "jar transforms Thread 10"          [_thread_blocked, id=16884, stack(0x000000df2f800000,0x000000df2f900000) (1024K)]
  0x00000267a968ee00 JavaThread "jar transforms Thread 11"          [_thread_blocked, id=8420, stack(0x000000df2f700000,0x000000df2f800000) (1024K)]
  0x000002679cd4fc70 JavaThread "C2 CompilerThread5"         daemon [_thread_in_native, id=34644, stack(0x000000df2f900000,0x000000df2fa00000) (1024K)]
  0x000002679cd4c5f0 JavaThread "C2 CompilerThread6"         daemon [_thread_in_native, id=30960, stack(0x000000df2fa00000,0x000000df2fb00000) (1024K)]
  0x000002679cd50340 JavaThread "C2 CompilerThread7"         daemon [_thread_in_native, id=35908, stack(0x000000df2fb00000,0x000000df2fc00000) (1024K)]
=>0x000002679cd50a10 JavaThread "C2 CompilerThread8"         daemon [_thread_in_native, id=29676, stack(0x000000df2fc00000,0x000000df2fd00000) (1024K)]
  0x000002679efa3160 JavaThread "C2 CompilerThread9"         daemon [_thread_in_native, id=38344, stack(0x000000df2fd00000,0x000000df2fe00000) (1024K)]
  0x00000267a969e0d0 JavaThread "jar transforms Thread 12"          [_thread_blocked, id=30356, stack(0x000000df2fe00000,0x000000df2ff00000) (1024K)]
  0x00000267a9680ee0 JavaThread "jar transforms Thread 13"          [_thread_blocked, id=17380, stack(0x000000df2ff00000,0x000000df30000000) (1024K)]
  0x00000267a9681570 JavaThread "jar transforms Thread 14"          [_thread_blocked, id=39132, stack(0x000000df30200000,0x000000df30300000) (1024K)]
  0x00000267a9682290 JavaThread "jar transforms Thread 15"          [_thread_blocked, id=4936, stack(0x000000df30300000,0x000000df30400000) (1024K)]
  0x00000267a27368b0 JavaThread "jar transforms Thread 16"          [_thread_blocked, id=17896, stack(0x000000df30400000,0x000000df30500000) (1024K)]
  0x00000267a2735500 JavaThread "jar transforms Thread 17"          [_thread_blocked, id=8244, stack(0x000000df30500000,0x000000df30600000) (1024K)]
  0x00000267a2735b90 JavaThread "jar transforms Thread 18"          [_thread_blocked, id=29256, stack(0x000000df30600000,0x000000df30700000) (1024K)]
  0x00000267a2736f40 JavaThread "File lock release action executor"        [_thread_blocked, id=36420, stack(0x000000df30700000,0x000000df30800000) (1024K)]
  0x00000267a2733ac0 JavaThread "jar transforms Thread 19"          [_thread_blocked, id=6480, stack(0x000000df30800000,0x000000df30900000) (1024K)]
  0x00000267a27375d0 JavaThread "jar transforms Thread 20"          [_thread_blocked, id=31020, stack(0x000000df30900000,0x000000df30a00000) (1024K)]
  0x00000267a2734150 JavaThread "jar transforms Thread 21"          [_thread_blocked, id=30172, stack(0x000000df30a00000,0x000000df30b00000) (1024K)]
  0x00000267a9695d90 JavaThread "jar transforms Thread 22"          [_thread_blocked, id=38788, stack(0x000000df30b00000,0x000000df30c00000) (1024K)]
  0x00000267a96998a0 JavaThread "jar transforms Thread 23"          [_thread_blocked, id=27644, stack(0x000000df30c00000,0x000000df30d00000) (1024K)]
Total: 427

Other Threads:
  0x00000267fed773e0 VMThread "VM Thread"                           [id=39856, stack(0x000000df14200000,0x000000df14300000) (1024K)]
  0x00000267fe48d6b0 WatcherThread "VM Periodic Task Thread"        [id=36892, stack(0x000000df14100000,0x000000df14200000) (1024K)]
  0x00000267e136e1e0 WorkerThread "GC Thread#0"                     [id=37364, stack(0x000000df13c00000,0x000000df13d00000) (1024K)]
  0x00000267ff7c31e0 WorkerThread "GC Thread#1"                     [id=2192, stack(0x000000df15400000,0x000000df15500000) (1024K)]
  0x00000267ff7c3590 WorkerThread "GC Thread#2"                     [id=16500, stack(0x000000df15500000,0x000000df15600000) (1024K)]
  0x000002679905a970 WorkerThread "GC Thread#3"                     [id=38684, stack(0x000000df15600000,0x000000df15700000) (1024K)]
  0x000002679905ad20 WorkerThread "GC Thread#4"                     [id=38160, stack(0x000000df15700000,0x000000df15800000) (1024K)]
  0x00000267ff7ba250 WorkerThread "GC Thread#5"                     [id=39932, stack(0x000000df15800000,0x000000df15900000) (1024K)]
  0x00000267ff7af830 WorkerThread "GC Thread#6"                     [id=32404, stack(0x000000df15900000,0x000000df15a00000) (1024K)]
  0x00000267ff7afbe0 WorkerThread "GC Thread#7"                     [id=38188, stack(0x000000df15a00000,0x000000df15b00000) (1024K)]
  0x00000267ff5747a0 WorkerThread "GC Thread#8"                     [id=23480, stack(0x000000df15b00000,0x000000df15c00000) (1024K)]
  0x00000267ff574b50 WorkerThread "GC Thread#9"                     [id=37596, stack(0x000000df15c00000,0x000000df15d00000) (1024K)]
  0x00000267ff574f00 WorkerThread "GC Thread#10"                    [id=37100, stack(0x000000df15d00000,0x000000df15e00000) (1024K)]
  0x00000267990b08c0 WorkerThread "GC Thread#11"                    [id=19400, stack(0x000000df15e00000,0x000000df15f00000) (1024K)]
  0x000002679d7e9a80 WorkerThread "GC Thread#12"                    [id=14592, stack(0x000000df16e00000,0x000000df16f00000) (1024K)]
  0x000002679d7e8810 WorkerThread "GC Thread#13"                    [id=38388, stack(0x000000df16f00000,0x000000df17000000) (1024K)]
  0x000002679d7e96d0 WorkerThread "GC Thread#14"                    [id=36860, stack(0x000000df17000000,0x000000df17100000) (1024K)]
  0x000002679d7e8bc0 WorkerThread "GC Thread#15"                    [id=37424, stack(0x000000df17100000,0x000000df17200000) (1024K)]
  0x000002679d7e8f70 WorkerThread "GC Thread#16"                    [id=39380, stack(0x000000df17200000,0x000000df17300000) (1024K)]
  0x000002679d7e9e30 WorkerThread "GC Thread#17"                    [id=37308, stack(0x000000df17300000,0x000000df17400000) (1024K)]
  0x000002679d7ea590 WorkerThread "GC Thread#18"                    [id=37344, stack(0x000000df17400000,0x000000df17500000) (1024K)]
  0x000002679d7eacf0 WorkerThread "GC Thread#19"                    [id=34468, stack(0x000000df17500000,0x000000df17600000) (1024K)]
  0x000002679d7ea940 WorkerThread "GC Thread#20"                    [id=31868, stack(0x000000df17600000,0x000000df17700000) (1024K)]
  0x000002679d7eb0a0 WorkerThread "GC Thread#21"                    [id=38968, stack(0x000000df17700000,0x000000df17800000) (1024K)]
  0x000002679d7ebbb0 WorkerThread "GC Thread#22"                    [id=37880, stack(0x000000df17800000,0x000000df17900000) (1024K)]
  0x00000267e1377530 ConcurrentGCThread "G1 Main Marker"            [id=24436, stack(0x000000df13d00000,0x000000df13e00000) (1024K)]
  0x00000267e137a110 WorkerThread "G1 Conc#0"                       [id=28608, stack(0x000000df13e00000,0x000000df13f00000) (1024K)]
  0x000002679d7ebf60 WorkerThread "G1 Conc#1"                       [id=34804, stack(0x000000df17900000,0x000000df17a00000) (1024K)]
  0x000002679bc06b70 WorkerThread "G1 Conc#2"                       [id=14952, stack(0x000000df17a00000,0x000000df17b00000) (1024K)]
  0x000002679bc05cb0 WorkerThread "G1 Conc#3"                       [id=7472, stack(0x000000df17b00000,0x000000df17c00000) (1024K)]
  0x000002679bc06f20 WorkerThread "G1 Conc#4"                       [id=38368, stack(0x000000df17c00000,0x000000df17d00000) (1024K)]
  0x000002679bc06060 WorkerThread "G1 Conc#5"                       [id=27844, stack(0x000000df17d00000,0x000000df17e00000) (1024K)]
  0x00000267fec42010 ConcurrentGCThread "G1 Refine#0"               [id=30400, stack(0x000000df13f00000,0x000000df14000000) (1024K)]
  0x00000267fec42840 ConcurrentGCThread "G1 Service"                [id=16128, stack(0x000000df14000000,0x000000df14100000) (1024K)]
Total: 34

Threads with active compile tasks:
C2 CompilerThread0  39120 22928       4       org.gradle.internal.serialize.BaseSerializerFactory$FileSerializer::write (10 bytes)
C1 CompilerThread0  40116 22932       3       java.util.Collections$2::forEachRemaining (7 bytes)
C1 CompilerThread1  40117 22935       3       org.gradle.internal.resources.ExclusiveAccessResourceLock::doIsLockedByCurrentThread (16 bytes)
C1 CompilerThread2  40117 22930       3       java.util.Collections$2::tryAdvance (38 bytes)
C1 CompilerThread3  40117 22934       3       com.google.common.collect.SingletonImmutableList::spliterator (13 bytes)
C2 CompilerThread1  40117 22922       4       org.gradle.cache.internal.CrossProcessSynchronizingIndexedCache::put (23 bytes)
C2 CompilerThread2  40117 22493       4       org.gradle.internal.execution.steps.IdentifyStep::lambda$createIdentityContext$0 (34 bytes)
C2 CompilerThread3  40117 22919       4       org.gradle.cache.internal.InMemoryDecoratedCache::putLater (24 bytes)
C2 CompilerThread4  40117 22927   !   4       sun.nio.fs.WindowsPath::toAbsolutePath (56 bytes)
C2 CompilerThread5  40117 22929       4       org.gradle.api.internal.changedetection.state.DefaultFileAccessTimeJournal::setLastAccessTime (15 bytes)
C2 CompilerThread6  40117 22492       4       org.gradle.internal.execution.steps.IdentifyStep$$Lambda/0x00000267814746b0::apply (20 bytes)
C2 CompilerThread7  40117 22445       4       java.lang.invoke.MethodHandleImpl::makePairwiseConvertByEditor (617 bytes)
C2 CompilerThread8  40117 22494       4       org.gradle.internal.execution.steps.IdentifyStep::createIdentityContextInternal (78 bytes)
C2 CompilerThread9  40117 22920   !   4       org.gradle.cache.internal.AsyncCacheAccessDecoratedCache::putLater (33 bytes)
Total: 14

VM state: synchronizing (normal execution)

VM Mutex/Monitor currently owned by a thread:  ([mutex/lock_event])
[0x00007ffffbede560] Threads_lock - owner thread: 0x00000267fed773e0

Heap address: 0x00000000c0000000, size: 1024 MB, Compressed Oops mode: 32-bit

CDS archive(s) mapped at: [0x0000026780000000-0x0000026780c80000-0x0000026780c80000), size 13107200, SharedBaseAddress: 0x0000026780000000, ArchiveRelocationMode: 1.
Compressed class space mapped at: 0x0000026781000000-0x0000026795000000, reserved size: 335544320
Narrow klass base: 0x0000026780000000, Narrow klass shift: 0, Narrow klass range: 0x100000000

GC Precious Log:
 CardTable entry size: 512
 Card Set container configuration: InlinePtr #cards 5 size 8 Array Of Cards #cards 12 size 40 Howl #buckets 4 coarsen threshold 1843 Howl Bitmap #cards 512 size 80 coarsen threshold 460 Card regions per heap region 1 cards per card region 2048
 CPUs: 32 total, 32 available
 Memory: 32544M
 Large Page Support: Disabled
 NUMA Support: Disabled
 Compressed Oops: Enabled (32-bit)
 Heap Region Size: 1M
 Heap Min Capacity: 8M
 Heap Initial Capacity: 510M
 Heap Max Capacity: 1G
 Pre-touch: Disabled
 Parallel Workers: 23
 Concurrent Workers: 6
 Concurrent Refinement Workers: 23
 Periodic GC: Disabled

Heap:
 garbage-first heap   total 462848K, used 350611K [0x00000000c0000000, 0x0000000100000000)
  region size 1024K, 78 young (79872K), 8 survivors (8192K)
 Metaspace       used 125683K, committed 128448K, reserved 458752K
  class space    used 17500K, committed 18816K, reserved 327680K

Heap Regions: E=young(eden), S=young(survivor), O=old, HS=humongous(starts), HC=humongous(continues), CS=collection set, F=free, TAMS=top-at-mark-start, PB=parsable bottom
|   0|0x00000000c0000000, 0x00000000c0100000, 0x00000000c0100000|100%| O|  |TAMS 0x00000000c0000000| PB 0x00000000c0000000| Untracked 
|   1|0x00000000c0100000, 0x00000000c0200000, 0x00000000c0200000|100%|HS|  |TAMS 0x00000000c0100000| PB 0x00000000c0100000| Complete 
|   2|0x00000000c0200000, 0x00000000c0300000, 0x00000000c0300000|100%|HC|  |TAMS 0x00000000c0200000| PB 0x00000000c0200000| Complete 
|   3|0x00000000c0300000, 0x00000000c0400000, 0x00000000c0400000|100%|HC|  |TAMS 0x00000000c0300000| PB 0x00000000c0300000| Complete 
|   4|0x00000000c0400000, 0x00000000c0500000, 0x00000000c0500000|100%| O|  |TAMS 0x00000000c0400000| PB 0x00000000c0400000| Untracked 
|   5|0x00000000c0500000, 0x00000000c0600000, 0x00000000c0600000|100%| O|  |TAMS 0x00000000c0500000| PB 0x00000000c0500000| Untracked 
|   6|0x00000000c0600000, 0x00000000c0700000, 0x00000000c0700000|100%| O|  |TAMS 0x00000000c0600000| PB 0x00000000c0600000| Untracked 
|   7|0x00000000c0700000, 0x00000000c0800000, 0x00000000c0800000|100%|HS|  |TAMS 0x00000000c0700000| PB 0x00000000c0700000| Complete 
|   8|0x00000000c0800000, 0x00000000c0900000, 0x00000000c0900000|100%| O|  |TAMS 0x00000000c0800000| PB 0x00000000c0800000| Untracked 
|   9|0x00000000c0900000, 0x00000000c0a00000, 0x00000000c0a00000|100%| O|  |TAMS 0x00000000c0900000| PB 0x00000000c0900000| Untracked 
|  10|0x00000000c0a00000, 0x00000000c0b00000, 0x00000000c0b00000|100%| O|  |TAMS 0x00000000c0a00000| PB 0x00000000c0a00000| Untracked 
|  11|0x00000000c0b00000, 0x00000000c0c00000, 0x00000000c0c00000|100%| O|  |TAMS 0x00000000c0b00000| PB 0x00000000c0b00000| Untracked 
|  12|0x00000000c0c00000, 0x00000000c0d00000, 0x00000000c0d00000|100%| O|  |TAMS 0x00000000c0c00000| PB 0x00000000c0c00000| Untracked 
|  13|0x00000000c0d00000, 0x00000000c0e00000, 0x00000000c0e00000|100%| O|  |TAMS 0x00000000c0d00000| PB 0x00000000c0d00000| Untracked 
|  14|0x00000000c0e00000, 0x00000000c0f00000, 0x00000000c0f00000|100%| O|  |TAMS 0x00000000c0e00000| PB 0x00000000c0e00000| Untracked 
|  15|0x00000000c0f00000, 0x00000000c1000000, 0x00000000c1000000|100%| O|  |TAMS 0x00000000c0f00000| PB 0x00000000c0f00000| Untracked 
|  16|0x00000000c1000000, 0x00000000c1100000, 0x00000000c1100000|100%| O|  |TAMS 0x00000000c1000000| PB 0x00000000c1000000| Untracked 
|  17|0x00000000c1100000, 0x00000000c1200000, 0x00000000c1200000|100%| O|  |TAMS 0x00000000c1100000| PB 0x00000000c1100000| Untracked 
|  18|0x00000000c1200000, 0x00000000c1300000, 0x00000000c1300000|100%| O|  |TAMS 0x00000000c1200000| PB 0x00000000c1200000| Untracked 
|  19|0x00000000c1300000, 0x00000000c1400000, 0x00000000c1400000|100%| O|  |TAMS 0x00000000c1300000| PB 0x00000000c1300000| Untracked 
|  20|0x00000000c1400000, 0x00000000c1500000, 0x00000000c1500000|100%| O|  |TAMS 0x00000000c1400000| PB 0x00000000c1400000| Untracked 
|  21|0x00000000c1500000, 0x00000000c1600000, 0x00000000c1600000|100%| O|  |TAMS 0x00000000c1500000| PB 0x00000000c1500000| Untracked 
|  22|0x00000000c1600000, 0x00000000c1700000, 0x00000000c1700000|100%| O|  |TAMS 0x00000000c1600000| PB 0x00000000c1600000| Untracked 
|  23|0x00000000c1700000, 0x00000000c1800000, 0x00000000c1800000|100%| O|  |TAMS 0x00000000c1700000| PB 0x00000000c1700000| Untracked 
|  24|0x00000000c1800000, 0x00000000c1900000, 0x00000000c1900000|100%| O|  |TAMS 0x00000000c1800000| PB 0x00000000c1800000| Untracked 
|  25|0x00000000c1900000, 0x00000000c1a00000, 0x00000000c1a00000|100%| O|  |TAMS 0x00000000c1900000| PB 0x00000000c1900000| Untracked 
|  26|0x00000000c1a00000, 0x00000000c1b00000, 0x00000000c1b00000|100%| O|  |TAMS 0x00000000c1a00000| PB 0x00000000c1a00000| Untracked 
|  27|0x00000000c1b00000, 0x00000000c1c00000, 0x00000000c1c00000|100%| O|  |TAMS 0x00000000c1b00000| PB 0x00000000c1b00000| Untracked 
|  28|0x00000000c1c00000, 0x00000000c1d00000, 0x00000000c1d00000|100%| O|  |TAMS 0x00000000c1c00000| PB 0x00000000c1c00000| Untracked 
|  29|0x00000000c1d00000, 0x00000000c1e00000, 0x00000000c1e00000|100%| O|  |TAMS 0x00000000c1d00000| PB 0x00000000c1d00000| Untracked 
|  30|0x00000000c1e00000, 0x00000000c1f00000, 0x00000000c1f00000|100%| O|  |TAMS 0x00000000c1e00000| PB 0x00000000c1e00000| Untracked 
|  31|0x00000000c1f00000, 0x00000000c2000000, 0x00000000c2000000|100%| O|  |TAMS 0x00000000c1f00000| PB 0x00000000c1f00000| Untracked 
|  32|0x00000000c2000000, 0x00000000c2100000, 0x00000000c2100000|100%| O|  |TAMS 0x00000000c2000000| PB 0x00000000c2000000| Untracked 
|  33|0x00000000c2100000, 0x00000000c2200000, 0x00000000c2200000|100%| O|  |TAMS 0x00000000c2100000| PB 0x00000000c2100000| Untracked 
|  34|0x00000000c2200000, 0x00000000c2300000, 0x00000000c2300000|100%| O|  |TAMS 0x00000000c2200000| PB 0x00000000c2200000| Untracked 
|  35|0x00000000c2300000, 0x00000000c2400000, 0x00000000c2400000|100%| O|  |TAMS 0x00000000c2300000| PB 0x00000000c2300000| Untracked 
|  36|0x00000000c2400000, 0x00000000c2500000, 0x00000000c2500000|100%| O|  |TAMS 0x00000000c2400000| PB 0x00000000c2400000| Untracked 
|  37|0x00000000c2500000, 0x00000000c2600000, 0x00000000c2600000|100%| O|  |TAMS 0x00000000c2500000| PB 0x00000000c2500000| Untracked 
|  38|0x00000000c2600000, 0x00000000c2700000, 0x00000000c2700000|100%| O|  |TAMS 0x00000000c2600000| PB 0x00000000c2600000| Untracked 
|  39|0x00000000c2700000, 0x00000000c2800000, 0x00000000c2800000|100%| O|  |TAMS 0x00000000c2700000| PB 0x00000000c2700000| Untracked 
|  40|0x00000000c2800000, 0x00000000c2900000, 0x00000000c2900000|100%| O|  |TAMS 0x00000000c2800000| PB 0x00000000c2800000| Untracked 
|  41|0x00000000c2900000, 0x00000000c2a00000, 0x00000000c2a00000|100%| O|  |TAMS 0x00000000c2900000| PB 0x00000000c2900000| Untracked 
|  42|0x00000000c2a00000, 0x00000000c2b00000, 0x00000000c2b00000|100%| O|  |TAMS 0x00000000c2a00000| PB 0x00000000c2a00000| Untracked 
|  43|0x00000000c2b00000, 0x00000000c2c00000, 0x00000000c2c00000|100%| O|  |TAMS 0x00000000c2b00000| PB 0x00000000c2b00000| Untracked 
|  44|0x00000000c2c00000, 0x00000000c2d00000, 0x00000000c2d00000|100%| O|  |TAMS 0x00000000c2c00000| PB 0x00000000c2c00000| Untracked 
|  45|0x00000000c2d00000, 0x00000000c2e00000, 0x00000000c2e00000|100%|HS|  |TAMS 0x00000000c2d00000| PB 0x00000000c2d00000| Complete 
|  46|0x00000000c2e00000, 0x00000000c2f00000, 0x00000000c2f00000|100%|HC|  |TAMS 0x00000000c2e00000| PB 0x00000000c2e00000| Complete 
|  47|0x00000000c2f00000, 0x00000000c3000000, 0x00000000c3000000|100%|HS|  |TAMS 0x00000000c2f00000| PB 0x00000000c2f00000| Complete 
|  48|0x00000000c3000000, 0x00000000c3100000, 0x00000000c3100000|100%|HC|  |TAMS 0x00000000c3000000| PB 0x00000000c3000000| Complete 
|  49|0x00000000c3100000, 0x00000000c3200000, 0x00000000c3200000|100%| O|  |TAMS 0x00000000c3100000| PB 0x00000000c3100000| Untracked 
|  50|0x00000000c3200000, 0x00000000c3300000, 0x00000000c3300000|100%| O|  |TAMS 0x00000000c3200000| PB 0x00000000c3200000| Untracked 
|  51|0x00000000c3300000, 0x00000000c3400000, 0x00000000c3400000|100%|HS|  |TAMS 0x00000000c3300000| PB 0x00000000c3300000| Complete 
|  52|0x00000000c3400000, 0x00000000c3500000, 0x00000000c3500000|100%| O|  |TAMS 0x00000000c3400000| PB 0x00000000c3400000| Untracked 
|  53|0x00000000c3500000, 0x00000000c3600000, 0x00000000c3600000|100%| O|  |TAMS 0x00000000c3500000| PB 0x00000000c3500000| Untracked 
|  54|0x00000000c3600000, 0x00000000c3700000, 0x00000000c3700000|100%| O|  |TAMS 0x00000000c3600000| PB 0x00000000c3600000| Untracked 
|  55|0x00000000c3700000, 0x00000000c3800000, 0x00000000c3800000|100%| O|  |TAMS 0x00000000c3700000| PB 0x00000000c3700000| Untracked 
|  56|0x00000000c3800000, 0x00000000c3900000, 0x00000000c3900000|100%| O|  |TAMS 0x00000000c3800000| PB 0x00000000c3800000| Untracked 
|  57|0x00000000c3900000, 0x00000000c3a00000, 0x00000000c3a00000|100%| O|  |TAMS 0x00000000c3900000| PB 0x00000000c3900000| Untracked 
|  58|0x00000000c3a00000, 0x00000000c3b00000, 0x00000000c3b00000|100%| O|  |TAMS 0x00000000c3a00000| PB 0x00000000c3a00000| Untracked 
|  59|0x00000000c3b00000, 0x00000000c3c00000, 0x00000000c3c00000|100%| O|  |TAMS 0x00000000c3b00000| PB 0x00000000c3b00000| Untracked 
|  60|0x00000000c3c00000, 0x00000000c3d00000, 0x00000000c3d00000|100%|HS|  |TAMS 0x00000000c3c00000| PB 0x00000000c3c00000| Complete 
|  61|0x00000000c3d00000, 0x00000000c3e00000, 0x00000000c3e00000|100%|HC|  |TAMS 0x00000000c3d00000| PB 0x00000000c3d00000| Complete 
|  62|0x00000000c3e00000, 0x00000000c3f00000, 0x00000000c3f00000|100%|HC|  |TAMS 0x00000000c3e00000| PB 0x00000000c3e00000| Complete 
|  63|0x00000000c3f00000, 0x00000000c4000000, 0x00000000c4000000|100%| O|  |TAMS 0x00000000c3f00000| PB 0x00000000c3f00000| Untracked 
|  64|0x00000000c4000000, 0x00000000c4100000, 0x00000000c4100000|100%| O|  |TAMS 0x00000000c4000000| PB 0x00000000c4000000| Untracked 
|  65|0x00000000c4100000, 0x00000000c4200000, 0x00000000c4200000|100%| O|  |TAMS 0x00000000c4100000| PB 0x00000000c4100000| Untracked 
|  66|0x00000000c4200000, 0x00000000c4300000, 0x00000000c4300000|100%|HS|  |TAMS 0x00000000c4200000| PB 0x00000000c4200000| Complete 
|  67|0x00000000c4300000, 0x00000000c4400000, 0x00000000c4400000|100%| O|  |TAMS 0x00000000c4300000| PB 0x00000000c4300000| Untracked 
|  68|0x00000000c4400000, 0x00000000c4500000, 0x00000000c4500000|100%|HS|  |TAMS 0x00000000c4400000| PB 0x00000000c4400000| Complete 
|  69|0x00000000c4500000, 0x00000000c4600000, 0x00000000c4600000|100%|HC|  |TAMS 0x00000000c4500000| PB 0x00000000c4500000| Complete 
|  70|0x00000000c4600000, 0x00000000c4700000, 0x00000000c4700000|100%|HC|  |TAMS 0x00000000c4600000| PB 0x00000000c4600000| Complete 
|  71|0x00000000c4700000, 0x00000000c4800000, 0x00000000c4800000|100%| O|  |TAMS 0x00000000c4700000| PB 0x00000000c4700000| Untracked 
|  72|0x00000000c4800000, 0x00000000c4900000, 0x00000000c4900000|100%| O|  |TAMS 0x00000000c4800000| PB 0x00000000c4800000| Untracked 
|  73|0x00000000c4900000, 0x00000000c4a00000, 0x00000000c4a00000|100%| O|  |TAMS 0x00000000c4900000| PB 0x00000000c4900000| Untracked 
|  74|0x00000000c4a00000, 0x00000000c4b00000, 0x00000000c4b00000|100%| O|  |TAMS 0x00000000c4a00000| PB 0x00000000c4a00000| Untracked 
|  75|0x00000000c4b00000, 0x00000000c4c00000, 0x00000000c4c00000|100%|HS|  |TAMS 0x00000000c4b00000| PB 0x00000000c4b00000| Complete 
|  76|0x00000000c4c00000, 0x00000000c4d00000, 0x00000000c4d00000|100%|HC|  |TAMS 0x00000000c4c00000| PB 0x00000000c4c00000| Complete 
|  77|0x00000000c4d00000, 0x00000000c4e00000, 0x00000000c4e00000|100%|HS|  |TAMS 0x00000000c4d00000| PB 0x00000000c4d00000| Complete 
|  78|0x00000000c4e00000, 0x00000000c4f00000, 0x00000000c4f00000|100%| O|  |TAMS 0x00000000c4e00000| PB 0x00000000c4e00000| Untracked 
|  79|0x00000000c4f00000, 0x00000000c5000000, 0x00000000c5000000|100%| O|  |TAMS 0x00000000c4f00000| PB 0x00000000c4f00000| Untracked 
|  80|0x00000000c5000000, 0x00000000c5100000, 0x00000000c5100000|100%|HS|  |TAMS 0x00000000c5000000| PB 0x00000000c5000000| Complete 
|  81|0x00000000c5100000, 0x00000000c5200000, 0x00000000c5200000|100%|HS|  |TAMS 0x00000000c5100000| PB 0x00000000c5100000| Complete 
|  82|0x00000000c5200000, 0x00000000c5300000, 0x00000000c5300000|100%|HS|  |TAMS 0x00000000c5200000| PB 0x00000000c5200000| Complete 
|  83|0x00000000c5300000, 0x00000000c5400000, 0x00000000c5400000|100%|HS|  |TAMS 0x00000000c5300000| PB 0x00000000c5300000| Complete 
|  84|0x00000000c5400000, 0x00000000c5500000, 0x00000000c5500000|100%| O|  |TAMS 0x00000000c5400000| PB 0x00000000c5400000| Untracked 
|  85|0x00000000c5500000, 0x00000000c5600000, 0x00000000c5600000|100%| O|  |TAMS 0x00000000c5500000| PB 0x00000000c5500000| Untracked 
|  86|0x00000000c5600000, 0x00000000c5700000, 0x00000000c5700000|100%| O|  |TAMS 0x00000000c5600000| PB 0x00000000c5600000| Untracked 
|  87|0x00000000c5700000, 0x00000000c5800000, 0x00000000c5800000|100%|HS|  |TAMS 0x00000000c5700000| PB 0x00000000c5700000| Complete 
|  88|0x00000000c5800000, 0x00000000c5900000, 0x00000000c5900000|100%|HC|  |TAMS 0x00000000c5800000| PB 0x00000000c5800000| Complete 
|  89|0x00000000c5900000, 0x00000000c5a00000, 0x00000000c5a00000|100%|HS|  |TAMS 0x00000000c5900000| PB 0x00000000c5900000| Complete 
|  90|0x00000000c5a00000, 0x00000000c5b00000, 0x00000000c5b00000|100%| O|  |TAMS 0x00000000c5a00000| PB 0x00000000c5a00000| Untracked 
|  91|0x00000000c5b00000, 0x00000000c5c00000, 0x00000000c5c00000|100%| O|  |TAMS 0x00000000c5b00000| PB 0x00000000c5b00000| Untracked 
|  92|0x00000000c5c00000, 0x00000000c5d00000, 0x00000000c5d00000|100%| O|  |TAMS 0x00000000c5c00000| PB 0x00000000c5c00000| Untracked 
|  93|0x00000000c5d00000, 0x00000000c5e00000, 0x00000000c5e00000|100%| O|  |TAMS 0x00000000c5d00000| PB 0x00000000c5d00000| Untracked 
|  94|0x00000000c5e00000, 0x00000000c5f00000, 0x00000000c5f00000|100%| O|  |TAMS 0x00000000c5e00000| PB 0x00000000c5e00000| Untracked 
|  95|0x00000000c5f00000, 0x00000000c6000000, 0x00000000c6000000|100%|HS|  |TAMS 0x00000000c5f00000| PB 0x00000000c5f00000| Complete 
|  96|0x00000000c6000000, 0x00000000c6100000, 0x00000000c6100000|100%| O|  |TAMS 0x00000000c6000000| PB 0x00000000c6000000| Untracked 
|  97|0x00000000c6100000, 0x00000000c6200000, 0x00000000c6200000|100%| O|  |TAMS 0x00000000c6100000| PB 0x00000000c6100000| Untracked 
|  98|0x00000000c6200000, 0x00000000c6300000, 0x00000000c6300000|100%| O|  |TAMS 0x00000000c6200000| PB 0x00000000c6200000| Untracked 
|  99|0x00000000c6300000, 0x00000000c6400000, 0x00000000c6400000|100%| O|  |TAMS 0x00000000c6300000| PB 0x00000000c6300000| Untracked 
| 100|0x00000000c6400000, 0x00000000c6500000, 0x00000000c6500000|100%| O|  |TAMS 0x00000000c6400000| PB 0x00000000c6400000| Untracked 
| 101|0x00000000c6500000, 0x00000000c6600000, 0x00000000c6600000|100%| O|  |TAMS 0x00000000c6500000| PB 0x00000000c6500000| Untracked 
| 102|0x00000000c6600000, 0x00000000c6700000, 0x00000000c6700000|100%| O|  |TAMS 0x00000000c6600000| PB 0x00000000c6600000| Untracked 
| 103|0x00000000c6700000, 0x00000000c6800000, 0x00000000c6800000|100%| O|  |TAMS 0x00000000c6700000| PB 0x00000000c6700000| Untracked 
| 104|0x00000000c6800000, 0x00000000c6900000, 0x00000000c6900000|100%| O|  |TAMS 0x00000000c6800000| PB 0x00000000c6800000| Untracked 
| 105|0x00000000c6900000, 0x00000000c6a00000, 0x00000000c6a00000|100%| O|  |TAMS 0x00000000c6900000| PB 0x00000000c6900000| Untracked 
| 106|0x00000000c6a00000, 0x00000000c6b00000, 0x00000000c6b00000|100%| O|  |TAMS 0x00000000c6a00000| PB 0x00000000c6a00000| Untracked 
| 107|0x00000000c6b00000, 0x00000000c6c00000, 0x00000000c6c00000|100%| O|  |TAMS 0x00000000c6b00000| PB 0x00000000c6b00000| Untracked 
| 108|0x00000000c6c00000, 0x00000000c6d00000, 0x00000000c6d00000|100%| O|  |TAMS 0x00000000c6c00000| PB 0x00000000c6c00000| Untracked 
| 109|0x00000000c6d00000, 0x00000000c6e00000, 0x00000000c6e00000|100%|HS|  |TAMS 0x00000000c6d00000| PB 0x00000000c6d00000| Complete 
| 110|0x00000000c6e00000, 0x00000000c6f00000, 0x00000000c6f00000|100%| O|  |TAMS 0x00000000c6e00000| PB 0x00000000c6e00000| Untracked 
| 111|0x00000000c6f00000, 0x00000000c7000000, 0x00000000c7000000|100%| O|  |TAMS 0x00000000c6f00000| PB 0x00000000c6f00000| Untracked 
| 112|0x00000000c7000000, 0x00000000c7100000, 0x00000000c7100000|100%| O|  |TAMS 0x00000000c7000000| PB 0x00000000c7000000| Untracked 
| 113|0x00000000c7100000, 0x00000000c7200000, 0x00000000c7200000|100%| O|  |TAMS 0x00000000c7100000| PB 0x00000000c7100000| Untracked 
| 114|0x00000000c7200000, 0x00000000c7300000, 0x00000000c7300000|100%| O|  |TAMS 0x00000000c7200000| PB 0x00000000c7200000| Untracked 
| 115|0x00000000c7300000, 0x00000000c7400000, 0x00000000c7400000|100%| O|  |TAMS 0x00000000c7300000| PB 0x00000000c7300000| Untracked 
| 116|0x00000000c7400000, 0x00000000c7500000, 0x00000000c7500000|100%| O|  |TAMS 0x00000000c7400000| PB 0x00000000c7400000| Untracked 
| 117|0x00000000c7500000, 0x00000000c7600000, 0x00000000c7600000|100%| O|  |TAMS 0x00000000c7500000| PB 0x00000000c7500000| Untracked 
| 118|0x00000000c7600000, 0x00000000c7700000, 0x00000000c7700000|100%| O|  |TAMS 0x00000000c7600000| PB 0x00000000c7600000| Untracked 
| 119|0x00000000c7700000, 0x00000000c7800000, 0x00000000c7800000|100%| O|  |TAMS 0x00000000c7700000| PB 0x00000000c7700000| Untracked 
| 120|0x00000000c7800000, 0x00000000c7900000, 0x00000000c7900000|100%| O|  |TAMS 0x00000000c7800000| PB 0x00000000c7800000| Untracked 
| 121|0x00000000c7900000, 0x00000000c7a00000, 0x00000000c7a00000|100%| O|  |TAMS 0x00000000c7900000| PB 0x00000000c7900000| Untracked 
| 122|0x00000000c7a00000, 0x00000000c7b00000, 0x00000000c7b00000|100%| O|  |TAMS 0x00000000c7a00000| PB 0x00000000c7a00000| Untracked 
| 123|0x00000000c7b00000, 0x00000000c7c00000, 0x00000000c7c00000|100%| O|  |TAMS 0x00000000c7b00000| PB 0x00000000c7b00000| Untracked 
| 124|0x00000000c7c00000, 0x00000000c7d00000, 0x00000000c7d00000|100%| O|  |TAMS 0x00000000c7c00000| PB 0x00000000c7c00000| Untracked 
| 125|0x00000000c7d00000, 0x00000000c7e00000, 0x00000000c7e00000|100%| O|  |TAMS 0x00000000c7d00000| PB 0x00000000c7d00000| Untracked 
| 126|0x00000000c7e00000, 0x00000000c7f00000, 0x00000000c7f00000|100%| O|  |TAMS 0x00000000c7e00000| PB 0x00000000c7e00000| Untracked 
| 127|0x00000000c7f00000, 0x00000000c8000000, 0x00000000c8000000|100%| O|  |TAMS 0x00000000c7f00000| PB 0x00000000c7f00000| Untracked 
| 128|0x00000000c8000000, 0x00000000c8100000, 0x00000000c8100000|100%| O|  |TAMS 0x00000000c8000000| PB 0x00000000c8000000| Untracked 
| 129|0x00000000c8100000, 0x00000000c8200000, 0x00000000c8200000|100%| O|  |TAMS 0x00000000c8100000| PB 0x00000000c8100000| Untracked 
| 130|0x00000000c8200000, 0x00000000c8300000, 0x00000000c8300000|100%| O|  |TAMS 0x00000000c8200000| PB 0x00000000c8200000| Untracked 
| 131|0x00000000c8300000, 0x00000000c8400000, 0x00000000c8400000|100%| O|  |TAMS 0x00000000c8300000| PB 0x00000000c8300000| Untracked 
| 132|0x00000000c8400000, 0x00000000c8500000, 0x00000000c8500000|100%| O|  |TAMS 0x00000000c8400000| PB 0x00000000c8400000| Untracked 
| 133|0x00000000c8500000, 0x00000000c8600000, 0x00000000c8600000|100%| O|  |TAMS 0x00000000c8500000| PB 0x00000000c8500000| Untracked 
| 134|0x00000000c8600000, 0x00000000c8700000, 0x00000000c8700000|100%|HS|  |TAMS 0x00000000c8600000| PB 0x00000000c8600000| Complete 
| 135|0x00000000c8700000, 0x00000000c8800000, 0x00000000c8800000|100%| O|  |TAMS 0x00000000c8700000| PB 0x00000000c8700000| Untracked 
| 136|0x00000000c8800000, 0x00000000c8900000, 0x00000000c8900000|100%| O|Cm|TAMS 0x00000000c8800000| PB 0x00000000c8800000| Complete 
| 137|0x00000000c8900000, 0x00000000c8a00000, 0x00000000c8a00000|100%| O|  |TAMS 0x00000000c8900000| PB 0x00000000c8900000| Untracked 
| 138|0x00000000c8a00000, 0x00000000c8b00000, 0x00000000c8b00000|100%| O|  |TAMS 0x00000000c8a00000| PB 0x00000000c8a00000| Untracked 
| 139|0x00000000c8b00000, 0x00000000c8c00000, 0x00000000c8c00000|100%| O|  |TAMS 0x00000000c8b00000| PB 0x00000000c8b00000| Untracked 
| 140|0x00000000c8c00000, 0x00000000c8d00000, 0x00000000c8d00000|100%| O|  |TAMS 0x00000000c8c00000| PB 0x00000000c8c00000| Untracked 
| 141|0x00000000c8d00000, 0x00000000c8e00000, 0x00000000c8e00000|100%| O|  |TAMS 0x00000000c8d00000| PB 0x00000000c8d00000| Untracked 
| 142|0x00000000c8e00000, 0x00000000c8f00000, 0x00000000c8f00000|100%| O|  |TAMS 0x00000000c8e00000| PB 0x00000000c8e00000| Untracked 
| 143|0x00000000c8f00000, 0x00000000c9000000, 0x00000000c9000000|100%| O|  |TAMS 0x00000000c8f00000| PB 0x00000000c8f00000| Untracked 
| 144|0x00000000c9000000, 0x00000000c9100000, 0x00000000c9100000|100%| O|  |TAMS 0x00000000c9000000| PB 0x00000000c9000000| Untracked 
| 145|0x00000000c9100000, 0x00000000c9200000, 0x00000000c9200000|100%| O|  |TAMS 0x00000000c9100000| PB 0x00000000c9100000| Untracked 
| 146|0x00000000c9200000, 0x00000000c9300000, 0x00000000c9300000|100%| O|  |TAMS 0x00000000c9200000| PB 0x00000000c9200000| Untracked 
| 147|0x00000000c9300000, 0x00000000c9400000, 0x00000000c9400000|100%| O|  |TAMS 0x00000000c9300000| PB 0x00000000c9300000| Untracked 
| 148|0x00000000c9400000, 0x00000000c9500000, 0x00000000c9500000|100%| O|  |TAMS 0x00000000c9400000| PB 0x00000000c9400000| Untracked 
| 149|0x00000000c9500000, 0x00000000c9600000, 0x00000000c9600000|100%| O|  |TAMS 0x00000000c9500000| PB 0x00000000c9500000| Untracked 
| 150|0x00000000c9600000, 0x00000000c9700000, 0x00000000c9700000|100%| O|  |TAMS 0x00000000c9600000| PB 0x00000000c9600000| Untracked 
| 151|0x00000000c9700000, 0x00000000c9800000, 0x00000000c9800000|100%| O|  |TAMS 0x00000000c9700000| PB 0x00000000c9700000| Untracked 
| 152|0x00000000c9800000, 0x00000000c9900000, 0x00000000c9900000|100%| O|  |TAMS 0x00000000c9800000| PB 0x00000000c9800000| Untracked 
| 153|0x00000000c9900000, 0x00000000c9a00000, 0x00000000c9a00000|100%| O|  |TAMS 0x00000000c9900000| PB 0x00000000c9900000| Untracked 
| 154|0x00000000c9a00000, 0x00000000c9b00000, 0x00000000c9b00000|100%| O|  |TAMS 0x00000000c9a00000| PB 0x00000000c9a00000| Untracked 
| 155|0x00000000c9b00000, 0x00000000c9c00000, 0x00000000c9c00000|100%| O|  |TAMS 0x00000000c9b00000| PB 0x00000000c9b00000| Untracked 
| 156|0x00000000c9c00000, 0x00000000c9d00000, 0x00000000c9d00000|100%| O|  |TAMS 0x00000000c9c00000| PB 0x00000000c9c00000| Untracked 
| 157|0x00000000c9d00000, 0x00000000c9e00000, 0x00000000c9e00000|100%| O|  |TAMS 0x00000000c9d00000| PB 0x00000000c9d00000| Untracked 
| 158|0x00000000c9e00000, 0x00000000c9f00000, 0x00000000c9f00000|100%| O|  |TAMS 0x00000000c9e00000| PB 0x00000000c9e00000| Untracked 
| 159|0x00000000c9f00000, 0x00000000ca000000, 0x00000000ca000000|100%|HS|  |TAMS 0x00000000c9f00000| PB 0x00000000c9f00000| Complete 
| 160|0x00000000ca000000, 0x00000000ca100000, 0x00000000ca100000|100%| O|  |TAMS 0x00000000ca000000| PB 0x00000000ca000000| Untracked 
| 161|0x00000000ca100000, 0x00000000ca200000, 0x00000000ca200000|100%| O|  |TAMS 0x00000000ca100000| PB 0x00000000ca100000| Untracked 
| 162|0x00000000ca200000, 0x00000000ca300000, 0x00000000ca300000|100%|HS|  |TAMS 0x00000000ca200000| PB 0x00000000ca200000| Complete 
| 163|0x00000000ca300000, 0x00000000ca400000, 0x00000000ca400000|100%|HC|  |TAMS 0x00000000ca300000| PB 0x00000000ca300000| Complete 
| 164|0x00000000ca400000, 0x00000000ca500000, 0x00000000ca500000|100%| O|  |TAMS 0x00000000ca400000| PB 0x00000000ca400000| Untracked 
| 165|0x00000000ca500000, 0x00000000ca600000, 0x00000000ca600000|100%| O|  |TAMS 0x00000000ca500000| PB 0x00000000ca500000| Untracked 
| 166|0x00000000ca600000, 0x00000000ca700000, 0x00000000ca700000|100%| O|  |TAMS 0x00000000ca600000| PB 0x00000000ca600000| Untracked 
| 167|0x00000000ca700000, 0x00000000ca800000, 0x00000000ca800000|100%| O|  |TAMS 0x00000000ca700000| PB 0x00000000ca700000| Untracked 
| 168|0x00000000ca800000, 0x00000000ca900000, 0x00000000ca900000|100%| O|  |TAMS 0x00000000ca800000| PB 0x00000000ca800000| Untracked 
| 169|0x00000000ca900000, 0x00000000caa00000, 0x00000000caa00000|100%| O|  |TAMS 0x00000000ca900000| PB 0x00000000ca900000| Untracked 
| 170|0x00000000caa00000, 0x00000000cab00000, 0x00000000cab00000|100%| O|  |TAMS 0x00000000caa00000| PB 0x00000000caa00000| Untracked 
| 171|0x00000000cab00000, 0x00000000cac00000, 0x00000000cac00000|100%| O|  |TAMS 0x00000000cab00000| PB 0x00000000cab00000| Untracked 
| 172|0x00000000cac00000, 0x00000000cad00000, 0x00000000cad00000|100%| O|  |TAMS 0x00000000cac00000| PB 0x00000000cac00000| Untracked 
| 173|0x00000000cad00000, 0x00000000cae00000, 0x00000000cae00000|100%| O|  |TAMS 0x00000000cad00000| PB 0x00000000cad00000| Untracked 
| 174|0x00000000cae00000, 0x00000000caf00000, 0x00000000caf00000|100%| O|Cm|TAMS 0x00000000cae00000| PB 0x00000000cae00000| Complete 
| 175|0x00000000caf00000, 0x00000000cb000000, 0x00000000cb000000|100%| O|  |TAMS 0x00000000caf00000| PB 0x00000000caf00000| Untracked 
| 176|0x00000000cb000000, 0x00000000cb100000, 0x00000000cb100000|100%| O|  |TAMS 0x00000000cb000000| PB 0x00000000cb000000| Untracked 
| 177|0x00000000cb100000, 0x00000000cb200000, 0x00000000cb200000|100%| O|  |TAMS 0x00000000cb100000| PB 0x00000000cb100000| Untracked 
| 178|0x00000000cb200000, 0x00000000cb300000, 0x00000000cb300000|100%| O|  |TAMS 0x00000000cb200000| PB 0x00000000cb200000| Untracked 
| 179|0x00000000cb300000, 0x00000000cb400000, 0x00000000cb400000|100%| O|  |TAMS 0x00000000cb300000| PB 0x00000000cb300000| Untracked 
| 180|0x00000000cb400000, 0x00000000cb500000, 0x00000000cb500000|100%| O|  |TAMS 0x00000000cb400000| PB 0x00000000cb400000| Untracked 
| 181|0x00000000cb500000, 0x00000000cb600000, 0x00000000cb600000|100%| O|  |TAMS 0x00000000cb500000| PB 0x00000000cb500000| Untracked 
| 182|0x00000000cb600000, 0x00000000cb700000, 0x00000000cb700000|100%| O|  |TAMS 0x00000000cb600000| PB 0x00000000cb600000| Untracked 
| 183|0x00000000cb700000, 0x00000000cb800000, 0x00000000cb800000|100%| O|  |TAMS 0x00000000cb700000| PB 0x00000000cb700000| Untracked 
| 184|0x00000000cb800000, 0x00000000cb900000, 0x00000000cb900000|100%| O|  |TAMS 0x00000000cb800000| PB 0x00000000cb800000| Untracked 
| 185|0x00000000cb900000, 0x00000000cba00000, 0x00000000cba00000|100%| O|  |TAMS 0x00000000cb900000| PB 0x00000000cb900000| Untracked 
| 186|0x00000000cba00000, 0x00000000cbb00000, 0x00000000cbb00000|100%| O|  |TAMS 0x00000000cba00000| PB 0x00000000cba00000| Untracked 
| 187|0x00000000cbb00000, 0x00000000cbc00000, 0x00000000cbc00000|100%| O|  |TAMS 0x00000000cbb00000| PB 0x00000000cbb00000| Untracked 
| 188|0x00000000cbc00000, 0x00000000cbd00000, 0x00000000cbd00000|100%| O|  |TAMS 0x00000000cbc00000| PB 0x00000000cbc00000| Untracked 
| 189|0x00000000cbd00000, 0x00000000cbe00000, 0x00000000cbe00000|100%| O|  |TAMS 0x00000000cbd00000| PB 0x00000000cbd00000| Untracked 
| 190|0x00000000cbe00000, 0x00000000cbf00000, 0x00000000cbf00000|100%| O|Cm|TAMS 0x00000000cbe00000| PB 0x00000000cbe00000| Complete 
| 191|0x00000000cbf00000, 0x00000000cc000000, 0x00000000cc000000|100%| O|  |TAMS 0x00000000cbf00000| PB 0x00000000cbf00000| Untracked 
| 192|0x00000000cc000000, 0x00000000cc100000, 0x00000000cc100000|100%| O|  |TAMS 0x00000000cc000000| PB 0x00000000cc000000| Untracked 
| 193|0x00000000cc100000, 0x00000000cc200000, 0x00000000cc200000|100%| O|  |TAMS 0x00000000cc100000| PB 0x00000000cc100000| Untracked 
| 194|0x00000000cc200000, 0x00000000cc300000, 0x00000000cc300000|100%| O|  |TAMS 0x00000000cc200000| PB 0x00000000cc200000| Untracked 
| 195|0x00000000cc300000, 0x00000000cc400000, 0x00000000cc400000|100%| O|  |TAMS 0x00000000cc300000| PB 0x00000000cc300000| Untracked 
| 196|0x00000000cc400000, 0x00000000cc500000, 0x00000000cc500000|100%| O|  |TAMS 0x00000000cc400000| PB 0x00000000cc400000| Untracked 
| 197|0x00000000cc500000, 0x00000000cc600000, 0x00000000cc600000|100%| O|  |TAMS 0x00000000cc500000| PB 0x00000000cc500000| Untracked 
| 198|0x00000000cc600000, 0x00000000cc700000, 0x00000000cc700000|100%| O|  |TAMS 0x00000000cc600000| PB 0x00000000cc600000| Untracked 
| 199|0x00000000cc700000, 0x00000000cc800000, 0x00000000cc800000|100%|HS|  |TAMS 0x00000000cc700000| PB 0x00000000cc700000| Complete 
| 200|0x00000000cc800000, 0x00000000cc900000, 0x00000000cc900000|100%|HC|  |TAMS 0x00000000cc800000| PB 0x00000000cc800000| Complete 
| 201|0x00000000cc900000, 0x00000000cca00000, 0x00000000cca00000|100%| O|  |TAMS 0x00000000cc900000| PB 0x00000000cc900000| Untracked 
| 202|0x00000000cca00000, 0x00000000ccb00000, 0x00000000ccb00000|100%|HS|  |TAMS 0x00000000cca00000| PB 0x00000000cca00000| Complete 
| 203|0x00000000ccb00000, 0x00000000ccc00000, 0x00000000ccc00000|100%|HC|  |TAMS 0x00000000ccb00000| PB 0x00000000ccb00000| Complete 
| 204|0x00000000ccc00000, 0x00000000ccd00000, 0x00000000ccd00000|100%| O|  |TAMS 0x00000000ccc00000| PB 0x00000000ccc00000| Untracked 
| 205|0x00000000ccd00000, 0x00000000cce00000, 0x00000000cce00000|100%|HS|  |TAMS 0x00000000ccd00000| PB 0x00000000ccd00000| Complete 
| 206|0x00000000cce00000, 0x00000000ccf00000, 0x00000000ccf00000|100%| O|  |TAMS 0x00000000cce00000| PB 0x00000000cce00000| Untracked 
| 207|0x00000000ccf00000, 0x00000000cd000000, 0x00000000cd000000|100%|HS|  |TAMS 0x00000000ccf00000| PB 0x00000000ccf00000| Complete 
| 208|0x00000000cd000000, 0x00000000cd100000, 0x00000000cd100000|100%|HS|  |TAMS 0x00000000cd000000| PB 0x00000000cd000000| Complete 
| 209|0x00000000cd100000, 0x00000000cd200000, 0x00000000cd200000|100%|HC|  |TAMS 0x00000000cd100000| PB 0x00000000cd100000| Complete 
| 210|0x00000000cd200000, 0x00000000cd300000, 0x00000000cd300000|100%|HC|  |TAMS 0x00000000cd200000| PB 0x00000000cd200000| Complete 
| 211|0x00000000cd300000, 0x00000000cd400000, 0x00000000cd400000|100%| O|  |TAMS 0x00000000cd300000| PB 0x00000000cd300000| Untracked 
| 212|0x00000000cd400000, 0x00000000cd500000, 0x00000000cd500000|100%| O|  |TAMS 0x00000000cd400000| PB 0x00000000cd400000| Untracked 
| 213|0x00000000cd500000, 0x00000000cd600000, 0x00000000cd600000|100%| O|  |TAMS 0x00000000cd500000| PB 0x00000000cd500000| Untracked 
| 214|0x00000000cd600000, 0x00000000cd700000, 0x00000000cd700000|100%| O|  |TAMS 0x00000000cd600000| PB 0x00000000cd600000| Untracked 
| 215|0x00000000cd700000, 0x00000000cd800000, 0x00000000cd800000|100%| O|  |TAMS 0x00000000cd700000| PB 0x00000000cd700000| Untracked 
| 216|0x00000000cd800000, 0x00000000cd900000, 0x00000000cd900000|100%| O|  |TAMS 0x00000000cd800000| PB 0x00000000cd800000| Untracked 
| 217|0x00000000cd900000, 0x00000000cda00000, 0x00000000cda00000|100%| O|  |TAMS 0x00000000cd900000| PB 0x00000000cd900000| Untracked 
| 218|0x00000000cda00000, 0x00000000cdb00000, 0x00000000cdb00000|100%| O|  |TAMS 0x00000000cda00000| PB 0x00000000cda00000| Untracked 
| 219|0x00000000cdb00000, 0x00000000cdc00000, 0x00000000cdc00000|100%| O|  |TAMS 0x00000000cdb00000| PB 0x00000000cdb00000| Untracked 
| 220|0x00000000cdc00000, 0x00000000cdd00000, 0x00000000cdd00000|100%| O|  |TAMS 0x00000000cdc00000| PB 0x00000000cdc00000| Untracked 
| 221|0x00000000cdd00000, 0x00000000cde00000, 0x00000000cde00000|100%| O|  |TAMS 0x00000000cdd00000| PB 0x00000000cdd00000| Untracked 
| 222|0x00000000cde00000, 0x00000000cdf00000, 0x00000000cdf00000|100%| O|  |TAMS 0x00000000cde00000| PB 0x00000000cde00000| Untracked 
| 223|0x00000000cdf00000, 0x00000000ce000000, 0x00000000ce000000|100%| O|Cm|TAMS 0x00000000cdf00000| PB 0x00000000cdf00000| Complete 
| 224|0x00000000ce000000, 0x00000000ce100000, 0x00000000ce100000|100%| O|Cm|TAMS 0x00000000ce000000| PB 0x00000000ce000000| Complete 
| 225|0x00000000ce100000, 0x00000000ce200000, 0x00000000ce200000|100%| O|  |TAMS 0x00000000ce100000| PB 0x00000000ce100000| Untracked 
| 226|0x00000000ce200000, 0x00000000ce300000, 0x00000000ce300000|100%| O|  |TAMS 0x00000000ce200000| PB 0x00000000ce200000| Untracked 
| 227|0x00000000ce300000, 0x00000000ce400000, 0x00000000ce400000|100%| O|  |TAMS 0x00000000ce300000| PB 0x00000000ce300000| Untracked 
| 228|0x00000000ce400000, 0x00000000ce500000, 0x00000000ce500000|100%| O|  |TAMS 0x00000000ce400000| PB 0x00000000ce400000| Untracked 
| 229|0x00000000ce500000, 0x00000000ce600000, 0x00000000ce600000|100%| O|  |TAMS 0x00000000ce500000| PB 0x00000000ce500000| Untracked 
| 230|0x00000000ce600000, 0x00000000ce700000, 0x00000000ce700000|100%| O|Cm|TAMS 0x00000000ce600000| PB 0x00000000ce600000| Complete 
| 231|0x00000000ce700000, 0x00000000ce800000, 0x00000000ce800000|100%| O|  |TAMS 0x00000000ce700000| PB 0x00000000ce700000| Untracked 
| 232|0x00000000ce800000, 0x00000000ce900000, 0x00000000ce900000|100%| O|  |TAMS 0x00000000ce800000| PB 0x00000000ce800000| Untracked 
| 233|0x00000000ce900000, 0x00000000ce900000, 0x00000000cea00000|  0%| F|  |TAMS 0x00000000ce900000| PB 0x00000000ce900000| Untracked 
| 234|0x00000000cea00000, 0x00000000cea00000, 0x00000000ceb00000|  0%| F|  |TAMS 0x00000000cea00000| PB 0x00000000cea00000| Untracked 
| 235|0x00000000ceb00000, 0x00000000ceb00000, 0x00000000cec00000|  0%| F|  |TAMS 0x00000000ceb00000| PB 0x00000000ceb00000| Untracked 
| 236|0x00000000cec00000, 0x00000000cec00000, 0x00000000ced00000|  0%| F|  |TAMS 0x00000000cec00000| PB 0x00000000cec00000| Untracked 
| 237|0x00000000ced00000, 0x00000000ced00000, 0x00000000cee00000|  0%| F|  |TAMS 0x00000000ced00000| PB 0x00000000ced00000| Untracked 
| 238|0x00000000cee00000, 0x00000000cee00000, 0x00000000cef00000|  0%| F|  |TAMS 0x00000000cee00000| PB 0x00000000cee00000| Untracked 
| 239|0x00000000cef00000, 0x00000000cef00000, 0x00000000cf000000|  0%| F|  |TAMS 0x00000000cef00000| PB 0x00000000cef00000| Untracked 
| 240|0x00000000cf000000, 0x00000000cf000000, 0x00000000cf100000|  0%| F|  |TAMS 0x00000000cf000000| PB 0x00000000cf000000| Untracked 
| 241|0x00000000cf100000, 0x00000000cf100000, 0x00000000cf200000|  0%| F|  |TAMS 0x00000000cf100000| PB 0x00000000cf100000| Untracked 
| 242|0x00000000cf200000, 0x00000000cf200000, 0x00000000cf300000|  0%| F|  |TAMS 0x00000000cf200000| PB 0x00000000cf200000| Untracked 
| 243|0x00000000cf300000, 0x00000000cf300000, 0x00000000cf400000|  0%| F|  |TAMS 0x00000000cf300000| PB 0x00000000cf300000| Untracked 
| 244|0x00000000cf400000, 0x00000000cf400000, 0x00000000cf500000|  0%| F|  |TAMS 0x00000000cf400000| PB 0x00000000cf400000| Untracked 
| 245|0x00000000cf500000, 0x00000000cf600000, 0x00000000cf600000|100%| O|  |TAMS 0x00000000cf500000| PB 0x00000000cf500000| Untracked 
| 246|0x00000000cf600000, 0x00000000cf700000, 0x00000000cf700000|100%| O|  |TAMS 0x00000000cf600000| PB 0x00000000cf600000| Untracked 
| 247|0x00000000cf700000, 0x00000000cf800000, 0x00000000cf800000|100%| O|  |TAMS 0x00000000cf700000| PB 0x00000000cf700000| Untracked 
| 248|0x00000000cf800000, 0x00000000cf900000, 0x00000000cf900000|100%| O|  |TAMS 0x00000000cf800000| PB 0x00000000cf800000| Untracked 
| 249|0x00000000cf900000, 0x00000000cfa00000, 0x00000000cfa00000|100%| O|  |TAMS 0x00000000cf900000| PB 0x00000000cf900000| Untracked 
| 250|0x00000000cfa00000, 0x00000000cfb00000, 0x00000000cfb00000|100%| O|  |TAMS 0x00000000cfa00000| PB 0x00000000cfa00000| Untracked 
| 251|0x00000000cfb00000, 0x00000000cfc00000, 0x00000000cfc00000|100%| O|  |TAMS 0x00000000cfb00000| PB 0x00000000cfb00000| Untracked 
| 252|0x00000000cfc00000, 0x00000000cfd00000, 0x00000000cfd00000|100%| O|  |TAMS 0x00000000cfc00000| PB 0x00000000cfc00000| Untracked 
| 253|0x00000000cfd00000, 0x00000000cfe00000, 0x00000000cfe00000|100%| O|  |TAMS 0x00000000cfd00000| PB 0x00000000cfd00000| Untracked 
| 254|0x00000000cfe00000, 0x00000000cff00000, 0x00000000cff00000|100%| O|  |TAMS 0x00000000cfe00000| PB 0x00000000cfe00000| Untracked 
| 255|0x00000000cff00000, 0x00000000d0000000, 0x00000000d0000000|100%| O|  |TAMS 0x00000000cff00000| PB 0x00000000cff00000| Untracked 
| 256|0x00000000d0000000, 0x00000000d0100000, 0x00000000d0100000|100%| O|  |TAMS 0x00000000d0000000| PB 0x00000000d0000000| Untracked 
| 257|0x00000000d0100000, 0x00000000d0100000, 0x00000000d0200000|  0%| F|  |TAMS 0x00000000d0100000| PB 0x00000000d0100000| Untracked 
| 258|0x00000000d0200000, 0x00000000d0200000, 0x00000000d0300000|  0%| F|  |TAMS 0x00000000d0200000| PB 0x00000000d0200000| Untracked 
| 259|0x00000000d0300000, 0x00000000d0300000, 0x00000000d0400000|  0%| F|  |TAMS 0x00000000d0300000| PB 0x00000000d0300000| Untracked 
| 260|0x00000000d0400000, 0x00000000d0400000, 0x00000000d0500000|  0%| F|  |TAMS 0x00000000d0400000| PB 0x00000000d0400000| Untracked 
| 261|0x00000000d0500000, 0x00000000d0500000, 0x00000000d0600000|  0%| F|  |TAMS 0x00000000d0500000| PB 0x00000000d0500000| Untracked 
| 262|0x00000000d0600000, 0x00000000d0600000, 0x00000000d0700000|  0%| F|  |TAMS 0x00000000d0600000| PB 0x00000000d0600000| Untracked 
| 263|0x00000000d0700000, 0x00000000d0700000, 0x00000000d0800000|  0%| F|  |TAMS 0x00000000d0700000| PB 0x00000000d0700000| Untracked 
| 264|0x00000000d0800000, 0x00000000d0800000, 0x00000000d0900000|  0%| F|  |TAMS 0x00000000d0800000| PB 0x00000000d0800000| Untracked 
| 265|0x00000000d0900000, 0x00000000d0900000, 0x00000000d0a00000|  0%| F|  |TAMS 0x00000000d0900000| PB 0x00000000d0900000| Untracked 
| 266|0x00000000d0a00000, 0x00000000d0a00000, 0x00000000d0b00000|  0%| F|  |TAMS 0x00000000d0a00000| PB 0x00000000d0a00000| Untracked 
| 267|0x00000000d0b00000, 0x00000000d0b00000, 0x00000000d0c00000|  0%| F|  |TAMS 0x00000000d0b00000| PB 0x00000000d0b00000| Untracked 
| 268|0x00000000d0c00000, 0x00000000d0c00000, 0x00000000d0d00000|  0%| F|  |TAMS 0x00000000d0c00000| PB 0x00000000d0c00000| Untracked 
| 269|0x00000000d0d00000, 0x00000000d0d00000, 0x00000000d0e00000|  0%| F|  |TAMS 0x00000000d0d00000| PB 0x00000000d0d00000| Untracked 
| 270|0x00000000d0e00000, 0x00000000d0e00000, 0x00000000d0f00000|  0%| F|  |TAMS 0x00000000d0e00000| PB 0x00000000d0e00000| Untracked 
| 271|0x00000000d0f00000, 0x00000000d0f00000, 0x00000000d1000000|  0%| F|  |TAMS 0x00000000d0f00000| PB 0x00000000d0f00000| Untracked 
| 272|0x00000000d1000000, 0x00000000d1000000, 0x00000000d1100000|  0%| F|  |TAMS 0x00000000d1000000| PB 0x00000000d1000000| Untracked 
| 273|0x00000000d1100000, 0x00000000d1100000, 0x00000000d1200000|  0%| F|  |TAMS 0x00000000d1100000| PB 0x00000000d1100000| Untracked 
| 274|0x00000000d1200000, 0x00000000d1200000, 0x00000000d1300000|  0%| F|  |TAMS 0x00000000d1200000| PB 0x00000000d1200000| Untracked 
| 275|0x00000000d1300000, 0x00000000d1300000, 0x00000000d1400000|  0%| F|  |TAMS 0x00000000d1300000| PB 0x00000000d1300000| Untracked 
| 276|0x00000000d1400000, 0x00000000d1400000, 0x00000000d1500000|  0%| F|  |TAMS 0x00000000d1400000| PB 0x00000000d1400000| Untracked 
| 277|0x00000000d1500000, 0x00000000d1500000, 0x00000000d1600000|  0%| F|  |TAMS 0x00000000d1500000| PB 0x00000000d1500000| Untracked 
| 278|0x00000000d1600000, 0x00000000d1600000, 0x00000000d1700000|  0%| F|  |TAMS 0x00000000d1600000| PB 0x00000000d1600000| Untracked 
| 279|0x00000000d1700000, 0x00000000d1700000, 0x00000000d1800000|  0%| F|  |TAMS 0x00000000d1700000| PB 0x00000000d1700000| Untracked 
| 280|0x00000000d1800000, 0x00000000d1800000, 0x00000000d1900000|  0%| F|  |TAMS 0x00000000d1800000| PB 0x00000000d1800000| Untracked 
| 281|0x00000000d1900000, 0x00000000d1900000, 0x00000000d1a00000|  0%| F|  |TAMS 0x00000000d1900000| PB 0x00000000d1900000| Untracked 
| 282|0x00000000d1a00000, 0x00000000d1a00000, 0x00000000d1b00000|  0%| F|  |TAMS 0x00000000d1a00000| PB 0x00000000d1a00000| Untracked 
| 283|0x00000000d1b00000, 0x00000000d1b00000, 0x00000000d1c00000|  0%| F|  |TAMS 0x00000000d1b00000| PB 0x00000000d1b00000| Untracked 
| 284|0x00000000d1c00000, 0x00000000d1c00000, 0x00000000d1d00000|  0%| F|  |TAMS 0x00000000d1c00000| PB 0x00000000d1c00000| Untracked 
| 285|0x00000000d1d00000, 0x00000000d1d00000, 0x00000000d1e00000|  0%| F|  |TAMS 0x00000000d1d00000| PB 0x00000000d1d00000| Untracked 
| 286|0x00000000d1e00000, 0x00000000d1e00000, 0x00000000d1f00000|  0%| F|  |TAMS 0x00000000d1e00000| PB 0x00000000d1e00000| Untracked 
| 287|0x00000000d1f00000, 0x00000000d1f00000, 0x00000000d2000000|  0%| F|  |TAMS 0x00000000d1f00000| PB 0x00000000d1f00000| Untracked 
| 288|0x00000000d2000000, 0x00000000d2000000, 0x00000000d2100000|  0%| F|  |TAMS 0x00000000d2000000| PB 0x00000000d2000000| Untracked 
| 289|0x00000000d2100000, 0x00000000d2100000, 0x00000000d2200000|  0%| F|  |TAMS 0x00000000d2100000| PB 0x00000000d2100000| Untracked 
| 290|0x00000000d2200000, 0x00000000d2200000, 0x00000000d2300000|  0%| F|  |TAMS 0x00000000d2200000| PB 0x00000000d2200000| Untracked 
| 291|0x00000000d2300000, 0x00000000d2300000, 0x00000000d2400000|  0%| F|  |TAMS 0x00000000d2300000| PB 0x00000000d2300000| Untracked 
| 292|0x00000000d2400000, 0x00000000d2400000, 0x00000000d2500000|  0%| F|  |TAMS 0x00000000d2400000| PB 0x00000000d2400000| Untracked 
| 293|0x00000000d2500000, 0x00000000d2500000, 0x00000000d2600000|  0%| F|  |TAMS 0x00000000d2500000| PB 0x00000000d2500000| Untracked 
| 294|0x00000000d2600000, 0x00000000d2600000, 0x00000000d2700000|  0%| F|  |TAMS 0x00000000d2600000| PB 0x00000000d2600000| Untracked 
| 295|0x00000000d2700000, 0x00000000d2700000, 0x00000000d2800000|  0%| F|  |TAMS 0x00000000d2700000| PB 0x00000000d2700000| Untracked 
| 296|0x00000000d2800000, 0x00000000d2800000, 0x00000000d2900000|  0%| F|  |TAMS 0x00000000d2800000| PB 0x00000000d2800000| Untracked 
| 297|0x00000000d2900000, 0x00000000d2900000, 0x00000000d2a00000|  0%| F|  |TAMS 0x00000000d2900000| PB 0x00000000d2900000| Untracked 
| 298|0x00000000d2a00000, 0x00000000d2a00000, 0x00000000d2b00000|  0%| F|  |TAMS 0x00000000d2a00000| PB 0x00000000d2a00000| Untracked 
| 299|0x00000000d2b00000, 0x00000000d2b00000, 0x00000000d2c00000|  0%| F|  |TAMS 0x00000000d2b00000| PB 0x00000000d2b00000| Untracked 
| 300|0x00000000d2c00000, 0x00000000d2c00000, 0x00000000d2d00000|  0%| F|  |TAMS 0x00000000d2c00000| PB 0x00000000d2c00000| Untracked 
| 301|0x00000000d2d00000, 0x00000000d2d00000, 0x00000000d2e00000|  0%| F|  |TAMS 0x00000000d2d00000| PB 0x00000000d2d00000| Untracked 
| 302|0x00000000d2e00000, 0x00000000d2e00000, 0x00000000d2f00000|  0%| F|  |TAMS 0x00000000d2e00000| PB 0x00000000d2e00000| Untracked 
| 303|0x00000000d2f00000, 0x00000000d2f00000, 0x00000000d3000000|  0%| F|  |TAMS 0x00000000d2f00000| PB 0x00000000d2f00000| Untracked 
| 304|0x00000000d3000000, 0x00000000d3000000, 0x00000000d3100000|  0%| F|  |TAMS 0x00000000d3000000| PB 0x00000000d3000000| Untracked 
| 305|0x00000000d3100000, 0x00000000d3100000, 0x00000000d3200000|  0%| F|  |TAMS 0x00000000d3100000| PB 0x00000000d3100000| Untracked 
| 306|0x00000000d3200000, 0x00000000d3200000, 0x00000000d3300000|  0%| F|  |TAMS 0x00000000d3200000| PB 0x00000000d3200000| Untracked 
| 307|0x00000000d3300000, 0x00000000d3300000, 0x00000000d3400000|  0%| F|  |TAMS 0x00000000d3300000| PB 0x00000000d3300000| Untracked 
| 308|0x00000000d3400000, 0x00000000d3400000, 0x00000000d3500000|  0%| F|  |TAMS 0x00000000d3400000| PB 0x00000000d3400000| Untracked 
| 309|0x00000000d3500000, 0x00000000d3500000, 0x00000000d3600000|  0%| F|  |TAMS 0x00000000d3500000| PB 0x00000000d3500000| Untracked 
| 310|0x00000000d3600000, 0x00000000d3664ff0, 0x00000000d3700000| 39%| S|CS|TAMS 0x00000000d3600000| PB 0x00000000d3600000| Complete 
| 311|0x00000000d3700000, 0x00000000d3800000, 0x00000000d3800000|100%| S|CS|TAMS 0x00000000d3700000| PB 0x00000000d3700000| Complete 
| 312|0x00000000d3800000, 0x00000000d3900000, 0x00000000d3900000|100%| S|CS|TAMS 0x00000000d3800000| PB 0x00000000d3800000| Complete 
| 313|0x00000000d3900000, 0x00000000d3a00000, 0x00000000d3a00000|100%| S|CS|TAMS 0x00000000d3900000| PB 0x00000000d3900000| Complete 
| 314|0x00000000d3a00000, 0x00000000d3b00000, 0x00000000d3b00000|100%| S|CS|TAMS 0x00000000d3a00000| PB 0x00000000d3a00000| Complete 
| 315|0x00000000d3b00000, 0x00000000d3c00000, 0x00000000d3c00000|100%| S|CS|TAMS 0x00000000d3b00000| PB 0x00000000d3b00000| Complete 
| 316|0x00000000d3c00000, 0x00000000d3d00000, 0x00000000d3d00000|100%| S|CS|TAMS 0x00000000d3c00000| PB 0x00000000d3c00000| Complete 
| 317|0x00000000d3d00000, 0x00000000d3e00000, 0x00000000d3e00000|100%| S|CS|TAMS 0x00000000d3d00000| PB 0x00000000d3d00000| Complete 
| 318|0x00000000d3e00000, 0x00000000d3e00000, 0x00000000d3f00000|  0%| F|  |TAMS 0x00000000d3e00000| PB 0x00000000d3e00000| Untracked 
| 319|0x00000000d3f00000, 0x00000000d3f00000, 0x00000000d4000000|  0%| F|  |TAMS 0x00000000d3f00000| PB 0x00000000d3f00000| Untracked 
| 320|0x00000000d4000000, 0x00000000d4000000, 0x00000000d4100000|  0%| F|  |TAMS 0x00000000d4000000| PB 0x00000000d4000000| Untracked 
| 321|0x00000000d4100000, 0x00000000d4100000, 0x00000000d4200000|  0%| F|  |TAMS 0x00000000d4100000| PB 0x00000000d4100000| Untracked 
| 322|0x00000000d4200000, 0x00000000d4200000, 0x00000000d4300000|  0%| F|  |TAMS 0x00000000d4200000| PB 0x00000000d4200000| Untracked 
| 323|0x00000000d4300000, 0x00000000d4300000, 0x00000000d4400000|  0%| F|  |TAMS 0x00000000d4300000| PB 0x00000000d4300000| Untracked 
| 324|0x00000000d4400000, 0x00000000d4400000, 0x00000000d4500000|  0%| F|  |TAMS 0x00000000d4400000| PB 0x00000000d4400000| Untracked 
| 325|0x00000000d4500000, 0x00000000d4500000, 0x00000000d4600000|  0%| F|  |TAMS 0x00000000d4500000| PB 0x00000000d4500000| Untracked 
| 326|0x00000000d4600000, 0x00000000d4600000, 0x00000000d4700000|  0%| F|  |TAMS 0x00000000d4600000| PB 0x00000000d4600000| Untracked 
| 327|0x00000000d4700000, 0x00000000d4700000, 0x00000000d4800000|  0%| F|  |TAMS 0x00000000d4700000| PB 0x00000000d4700000| Untracked 
| 328|0x00000000d4800000, 0x00000000d4800000, 0x00000000d4900000|  0%| F|  |TAMS 0x00000000d4800000| PB 0x00000000d4800000| Untracked 
| 329|0x00000000d4900000, 0x00000000d4900000, 0x00000000d4a00000|  0%| F|  |TAMS 0x00000000d4900000| PB 0x00000000d4900000| Untracked 
| 330|0x00000000d4a00000, 0x00000000d4a00000, 0x00000000d4b00000|  0%| F|  |TAMS 0x00000000d4a00000| PB 0x00000000d4a00000| Untracked 
| 331|0x00000000d4b00000, 0x00000000d4b00000, 0x00000000d4c00000|  0%| F|  |TAMS 0x00000000d4b00000| PB 0x00000000d4b00000| Untracked 
| 332|0x00000000d4c00000, 0x00000000d4c00000, 0x00000000d4d00000|  0%| F|  |TAMS 0x00000000d4c00000| PB 0x00000000d4c00000| Untracked 
| 333|0x00000000d4d00000, 0x00000000d4d00000, 0x00000000d4e00000|  0%| F|  |TAMS 0x00000000d4d00000| PB 0x00000000d4d00000| Untracked 
| 334|0x00000000d4e00000, 0x00000000d4e00000, 0x00000000d4f00000|  0%| F|  |TAMS 0x00000000d4e00000| PB 0x00000000d4e00000| Untracked 
| 335|0x00000000d4f00000, 0x00000000d4f00000, 0x00000000d5000000|  0%| F|  |TAMS 0x00000000d4f00000| PB 0x00000000d4f00000| Untracked 
| 336|0x00000000d5000000, 0x00000000d5000000, 0x00000000d5100000|  0%| F|  |TAMS 0x00000000d5000000| PB 0x00000000d5000000| Untracked 
| 337|0x00000000d5100000, 0x00000000d5100000, 0x00000000d5200000|  0%| F|  |TAMS 0x00000000d5100000| PB 0x00000000d5100000| Untracked 
| 338|0x00000000d5200000, 0x00000000d5200000, 0x00000000d5300000|  0%| F|  |TAMS 0x00000000d5200000| PB 0x00000000d5200000| Untracked 
| 339|0x00000000d5300000, 0x00000000d5300000, 0x00000000d5400000|  0%| F|  |TAMS 0x00000000d5300000| PB 0x00000000d5300000| Untracked 
| 340|0x00000000d5400000, 0x00000000d5400000, 0x00000000d5500000|  0%| F|  |TAMS 0x00000000d5400000| PB 0x00000000d5400000| Untracked 
| 341|0x00000000d5500000, 0x00000000d5500000, 0x00000000d5600000|  0%| F|  |TAMS 0x00000000d5500000| PB 0x00000000d5500000| Untracked 
| 342|0x00000000d5600000, 0x00000000d5600000, 0x00000000d5700000|  0%| F|  |TAMS 0x00000000d5600000| PB 0x00000000d5600000| Untracked 
| 343|0x00000000d5700000, 0x00000000d5700000, 0x00000000d5800000|  0%| F|  |TAMS 0x00000000d5700000| PB 0x00000000d5700000| Untracked 
| 344|0x00000000d5800000, 0x00000000d5800000, 0x00000000d5900000|  0%| F|  |TAMS 0x00000000d5800000| PB 0x00000000d5800000| Untracked 
| 345|0x00000000d5900000, 0x00000000d5900000, 0x00000000d5a00000|  0%| F|  |TAMS 0x00000000d5900000| PB 0x00000000d5900000| Untracked 
| 346|0x00000000d5a00000, 0x00000000d5a00000, 0x00000000d5b00000|  0%| F|  |TAMS 0x00000000d5a00000| PB 0x00000000d5a00000| Untracked 
| 347|0x00000000d5b00000, 0x00000000d5b00000, 0x00000000d5c00000|  0%| F|  |TAMS 0x00000000d5b00000| PB 0x00000000d5b00000| Untracked 
| 348|0x00000000d5c00000, 0x00000000d5c00000, 0x00000000d5d00000|  0%| F|  |TAMS 0x00000000d5c00000| PB 0x00000000d5c00000| Untracked 
| 349|0x00000000d5d00000, 0x00000000d5d00000, 0x00000000d5e00000|  0%| F|  |TAMS 0x00000000d5d00000| PB 0x00000000d5d00000| Untracked 
| 350|0x00000000d5e00000, 0x00000000d5e00000, 0x00000000d5f00000|  0%| F|  |TAMS 0x00000000d5e00000| PB 0x00000000d5e00000| Untracked 
| 351|0x00000000d5f00000, 0x00000000d5f00000, 0x00000000d6000000|  0%| F|  |TAMS 0x00000000d5f00000| PB 0x00000000d5f00000| Untracked 
| 352|0x00000000d6000000, 0x00000000d6000000, 0x00000000d6100000|  0%| F|  |TAMS 0x00000000d6000000| PB 0x00000000d6000000| Untracked 
| 353|0x00000000d6100000, 0x00000000d6100000, 0x00000000d6200000|  0%| F|  |TAMS 0x00000000d6100000| PB 0x00000000d6100000| Untracked 
| 354|0x00000000d6200000, 0x00000000d6200000, 0x00000000d6300000|  0%| F|  |TAMS 0x00000000d6200000| PB 0x00000000d6200000| Untracked 
| 355|0x00000000d6300000, 0x00000000d6300000, 0x00000000d6400000|  0%| F|  |TAMS 0x00000000d6300000| PB 0x00000000d6300000| Untracked 
| 356|0x00000000d6400000, 0x00000000d6400000, 0x00000000d6500000|  0%| F|  |TAMS 0x00000000d6400000| PB 0x00000000d6400000| Untracked 
| 357|0x00000000d6500000, 0x00000000d6500000, 0x00000000d6600000|  0%| F|  |TAMS 0x00000000d6500000| PB 0x00000000d6500000| Untracked 
| 358|0x00000000d6600000, 0x00000000d6600000, 0x00000000d6700000|  0%| F|  |TAMS 0x00000000d6600000| PB 0x00000000d6600000| Untracked 
| 359|0x00000000d6700000, 0x00000000d6700000, 0x00000000d6800000|  0%| F|  |TAMS 0x00000000d6700000| PB 0x00000000d6700000| Untracked 
| 360|0x00000000d6800000, 0x00000000d6880388, 0x00000000d6900000| 50%| E|  |TAMS 0x00000000d6800000| PB 0x00000000d6800000| Complete 
| 361|0x00000000d6900000, 0x00000000d6a00000, 0x00000000d6a00000|100%| E|CS|TAMS 0x00000000d6900000| PB 0x00000000d6900000| Complete 
| 362|0x00000000d6a00000, 0x00000000d6b00000, 0x00000000d6b00000|100%| E|  |TAMS 0x00000000d6a00000| PB 0x00000000d6a00000| Complete 
| 363|0x00000000d6b00000, 0x00000000d6c00000, 0x00000000d6c00000|100%| E|CS|TAMS 0x00000000d6b00000| PB 0x00000000d6b00000| Complete 
| 364|0x00000000d6c00000, 0x00000000d6d00000, 0x00000000d6d00000|100%| E|CS|TAMS 0x00000000d6c00000| PB 0x00000000d6c00000| Complete 
| 365|0x00000000d6d00000, 0x00000000d6e00000, 0x00000000d6e00000|100%| E|CS|TAMS 0x00000000d6d00000| PB 0x00000000d6d00000| Complete 
| 366|0x00000000d6e00000, 0x00000000d6f00000, 0x00000000d6f00000|100%| E|CS|TAMS 0x00000000d6e00000| PB 0x00000000d6e00000| Complete 
| 367|0x00000000d6f00000, 0x00000000d7000000, 0x00000000d7000000|100%| E|CS|TAMS 0x00000000d6f00000| PB 0x00000000d6f00000| Complete 
| 368|0x00000000d7000000, 0x00000000d7100000, 0x00000000d7100000|100%| E|CS|TAMS 0x00000000d7000000| PB 0x00000000d7000000| Complete 
| 369|0x00000000d7100000, 0x00000000d7200000, 0x00000000d7200000|100%| E|CS|TAMS 0x00000000d7100000| PB 0x00000000d7100000| Complete 
| 370|0x00000000d7200000, 0x00000000d7300000, 0x00000000d7300000|100%| E|CS|TAMS 0x00000000d7200000| PB 0x00000000d7200000| Complete 
| 371|0x00000000d7300000, 0x00000000d7400000, 0x00000000d7400000|100%| E|CS|TAMS 0x00000000d7300000| PB 0x00000000d7300000| Complete 
| 372|0x00000000d7400000, 0x00000000d7500000, 0x00000000d7500000|100%| E|CS|TAMS 0x00000000d7400000| PB 0x00000000d7400000| Complete 
| 373|0x00000000d7500000, 0x00000000d7600000, 0x00000000d7600000|100%| E|CS|TAMS 0x00000000d7500000| PB 0x00000000d7500000| Complete 
| 374|0x00000000d7600000, 0x00000000d7700000, 0x00000000d7700000|100%| E|CS|TAMS 0x00000000d7600000| PB 0x00000000d7600000| Complete 
| 375|0x00000000d7700000, 0x00000000d7800000, 0x00000000d7800000|100%| E|CS|TAMS 0x00000000d7700000| PB 0x00000000d7700000| Complete 
| 376|0x00000000d7800000, 0x00000000d7900000, 0x00000000d7900000|100%| E|CS|TAMS 0x00000000d7800000| PB 0x00000000d7800000| Complete 
| 377|0x00000000d7900000, 0x00000000d7a00000, 0x00000000d7a00000|100%| E|CS|TAMS 0x00000000d7900000| PB 0x00000000d7900000| Complete 
| 378|0x00000000d7a00000, 0x00000000d7b00000, 0x00000000d7b00000|100%| E|CS|TAMS 0x00000000d7a00000| PB 0x00000000d7a00000| Complete 
| 379|0x00000000d7b00000, 0x00000000d7c00000, 0x00000000d7c00000|100%| E|CS|TAMS 0x00000000d7b00000| PB 0x00000000d7b00000| Complete 
| 380|0x00000000d7c00000, 0x00000000d7d00000, 0x00000000d7d00000|100%| E|CS|TAMS 0x00000000d7c00000| PB 0x00000000d7c00000| Complete 
| 381|0x00000000d7d00000, 0x00000000d7e00000, 0x00000000d7e00000|100%| E|CS|TAMS 0x00000000d7d00000| PB 0x00000000d7d00000| Complete 
| 382|0x00000000d7e00000, 0x00000000d7f00000, 0x00000000d7f00000|100%| E|CS|TAMS 0x00000000d7e00000| PB 0x00000000d7e00000| Complete 
| 383|0x00000000d7f00000, 0x00000000d8000000, 0x00000000d8000000|100%| E|CS|TAMS 0x00000000d7f00000| PB 0x00000000d7f00000| Complete 
| 384|0x00000000d8000000, 0x00000000d8100000, 0x00000000d8100000|100%| E|CS|TAMS 0x00000000d8000000| PB 0x00000000d8000000| Complete 
| 385|0x00000000d8100000, 0x00000000d8200000, 0x00000000d8200000|100%| E|CS|TAMS 0x00000000d8100000| PB 0x00000000d8100000| Complete 
| 386|0x00000000d8200000, 0x00000000d8300000, 0x00000000d8300000|100%| E|CS|TAMS 0x00000000d8200000| PB 0x00000000d8200000| Complete 
| 387|0x00000000d8300000, 0x00000000d8400000, 0x00000000d8400000|100%| E|CS|TAMS 0x00000000d8300000| PB 0x00000000d8300000| Complete 
| 388|0x00000000d8400000, 0x00000000d8500000, 0x00000000d8500000|100%| E|CS|TAMS 0x00000000d8400000| PB 0x00000000d8400000| Complete 
| 389|0x00000000d8500000, 0x00000000d8600000, 0x00000000d8600000|100%| E|CS|TAMS 0x00000000d8500000| PB 0x00000000d8500000| Complete 
| 390|0x00000000d8600000, 0x00000000d8700000, 0x00000000d8700000|100%| E|CS|TAMS 0x00000000d8600000| PB 0x00000000d8600000| Complete 
| 391|0x00000000d8700000, 0x00000000d8800000, 0x00000000d8800000|100%| E|CS|TAMS 0x00000000d8700000| PB 0x00000000d8700000| Complete 
| 392|0x00000000d8800000, 0x00000000d8900000, 0x00000000d8900000|100%| E|CS|TAMS 0x00000000d8800000| PB 0x00000000d8800000| Complete 
| 393|0x00000000d8900000, 0x00000000d8a00000, 0x00000000d8a00000|100%| E|CS|TAMS 0x00000000d8900000| PB 0x00000000d8900000| Complete 
| 394|0x00000000d8a00000, 0x00000000d8b00000, 0x00000000d8b00000|100%| E|CS|TAMS 0x00000000d8a00000| PB 0x00000000d8a00000| Complete 
| 395|0x00000000d8b00000, 0x00000000d8c00000, 0x00000000d8c00000|100%| E|CS|TAMS 0x00000000d8b00000| PB 0x00000000d8b00000| Complete 
| 396|0x00000000d8c00000, 0x00000000d8d00000, 0x00000000d8d00000|100%| E|CS|TAMS 0x00000000d8c00000| PB 0x00000000d8c00000| Complete 
| 397|0x00000000d8d00000, 0x00000000d8e00000, 0x00000000d8e00000|100%| E|CS|TAMS 0x00000000d8d00000| PB 0x00000000d8d00000| Complete 
| 398|0x00000000d8e00000, 0x00000000d8f00000, 0x00000000d8f00000|100%| E|CS|TAMS 0x00000000d8e00000| PB 0x00000000d8e00000| Complete 
| 399|0x00000000d8f00000, 0x00000000d9000000, 0x00000000d9000000|100%| E|CS|TAMS 0x00000000d8f00000| PB 0x00000000d8f00000| Complete 
| 400|0x00000000d9000000, 0x00000000d9100000, 0x00000000d9100000|100%| E|CS|TAMS 0x00000000d9000000| PB 0x00000000d9000000| Complete 
| 401|0x00000000d9100000, 0x00000000d9200000, 0x00000000d9200000|100%| E|CS|TAMS 0x00000000d9100000| PB 0x00000000d9100000| Complete 
| 402|0x00000000d9200000, 0x00000000d9300000, 0x00000000d9300000|100%| E|CS|TAMS 0x00000000d9200000| PB 0x00000000d9200000| Complete 
| 403|0x00000000d9300000, 0x00000000d9400000, 0x00000000d9400000|100%| E|CS|TAMS 0x00000000d9300000| PB 0x00000000d9300000| Complete 
| 404|0x00000000d9400000, 0x00000000d9500000, 0x00000000d9500000|100%| E|CS|TAMS 0x00000000d9400000| PB 0x00000000d9400000| Complete 
| 405|0x00000000d9500000, 0x00000000d9600000, 0x00000000d9600000|100%| E|CS|TAMS 0x00000000d9500000| PB 0x00000000d9500000| Complete 
| 408|0x00000000d9800000, 0x00000000d9900000, 0x00000000d9900000|100%| E|CS|TAMS 0x00000000d9800000| PB 0x00000000d9800000| Complete 
| 409|0x00000000d9900000, 0x00000000d9a00000, 0x00000000d9a00000|100%| E|CS|TAMS 0x00000000d9900000| PB 0x00000000d9900000| Complete 
| 410|0x00000000d9a00000, 0x00000000d9b00000, 0x00000000d9b00000|100%| E|CS|TAMS 0x00000000d9a00000| PB 0x00000000d9a00000| Complete 
| 411|0x00000000d9b00000, 0x00000000d9c00000, 0x00000000d9c00000|100%| E|CS|TAMS 0x00000000d9b00000| PB 0x00000000d9b00000| Complete 
| 412|0x00000000d9c00000, 0x00000000d9d00000, 0x00000000d9d00000|100%| E|CS|TAMS 0x00000000d9c00000| PB 0x00000000d9c00000| Complete 
| 413|0x00000000d9d00000, 0x00000000d9e00000, 0x00000000d9e00000|100%| E|CS|TAMS 0x00000000d9d00000| PB 0x00000000d9d00000| Complete 
| 414|0x00000000d9e00000, 0x00000000d9f00000, 0x00000000d9f00000|100%| E|CS|TAMS 0x00000000d9e00000| PB 0x00000000d9e00000| Complete 
| 415|0x00000000d9f00000, 0x00000000da000000, 0x00000000da000000|100%| E|CS|TAMS 0x00000000d9f00000| PB 0x00000000d9f00000| Complete 
| 416|0x00000000da000000, 0x00000000da100000, 0x00000000da100000|100%| E|CS|TAMS 0x00000000da000000| PB 0x00000000da000000| Complete 
| 417|0x00000000da100000, 0x00000000da200000, 0x00000000da200000|100%| E|CS|TAMS 0x00000000da100000| PB 0x00000000da100000| Complete 
| 418|0x00000000da200000, 0x00000000da300000, 0x00000000da300000|100%| E|CS|TAMS 0x00000000da200000| PB 0x00000000da200000| Complete 
| 419|0x00000000da300000, 0x00000000da400000, 0x00000000da400000|100%| E|CS|TAMS 0x00000000da300000| PB 0x00000000da300000| Complete 
| 509|0x00000000dfd00000, 0x00000000dfe00000, 0x00000000dfe00000|100%| E|CS|TAMS 0x00000000dfd00000| PB 0x00000000dfd00000| Complete 
| 991|0x00000000fdf00000, 0x00000000fe000000, 0x00000000fe000000|100%| O|  |TAMS 0x00000000fdf00000| PB 0x00000000fdf00000| Untracked 
| 992|0x00000000fe000000, 0x00000000fe100000, 0x00000000fe100000|100%| O|  |TAMS 0x00000000fe000000| PB 0x00000000fe000000| Untracked 
| 993|0x00000000fe100000, 0x00000000fe200000, 0x00000000fe200000|100%| E|CS|TAMS 0x00000000fe100000| PB 0x00000000fe100000| Complete 
| 994|0x00000000fe200000, 0x00000000fe300000, 0x00000000fe300000|100%| O|  |TAMS 0x00000000fe200000| PB 0x00000000fe200000| Untracked 
| 995|0x00000000fe300000, 0x00000000fe400000, 0x00000000fe400000|100%| O|  |TAMS 0x00000000fe300000| PB 0x00000000fe300000| Untracked 
| 996|0x00000000fe400000, 0x00000000fe500000, 0x00000000fe500000|100%| O|  |TAMS 0x00000000fe400000| PB 0x00000000fe400000| Untracked 
| 997|0x00000000fe500000, 0x00000000fe600000, 0x00000000fe600000|100%| O|  |TAMS 0x00000000fe500000| PB 0x00000000fe500000| Untracked 
| 998|0x00000000fe600000, 0x00000000fe700000, 0x00000000fe700000|100%| O|  |TAMS 0x00000000fe600000| PB 0x00000000fe600000| Untracked 
| 999|0x00000000fe700000, 0x00000000fe800000, 0x00000000fe800000|100%| O|  |TAMS 0x00000000fe700000| PB 0x00000000fe700000| Untracked 
|1000|0x00000000fe800000, 0x00000000fe900000, 0x00000000fe900000|100%| O|  |TAMS 0x00000000fe800000| PB 0x00000000fe800000| Untracked 
|1001|0x00000000fe900000, 0x00000000fea00000, 0x00000000fea00000|100%| O|  |TAMS 0x00000000fe900000| PB 0x00000000fe900000| Untracked 
|1002|0x00000000fea00000, 0x00000000feb00000, 0x00000000feb00000|100%| O|  |TAMS 0x00000000fea00000| PB 0x00000000fea00000| Untracked 
|1003|0x00000000feb00000, 0x00000000fec00000, 0x00000000fec00000|100%| E|CS|TAMS 0x00000000feb00000| PB 0x00000000feb00000| Complete 
|1004|0x00000000fec00000, 0x00000000fed00000, 0x00000000fed00000|100%| O|Cm|TAMS 0x00000000fec00000| PB 0x00000000fec00000| Complete 
|1005|0x00000000fed00000, 0x00000000fee00000, 0x00000000fee00000|100%| O|  |TAMS 0x00000000fed00000| PB 0x00000000fed00000| Untracked 
|1006|0x00000000fee00000, 0x00000000fef00000, 0x00000000fef00000|100%| O|  |TAMS 0x00000000fee00000| PB 0x00000000fee00000| Untracked 
|1007|0x00000000fef00000, 0x00000000ff000000, 0x00000000ff000000|100%| O|  |TAMS 0x00000000fef00000| PB 0x00000000fef00000| Untracked 
|1008|0x00000000ff000000, 0x00000000ff100000, 0x00000000ff100000|100%| O|  |TAMS 0x00000000ff000000| PB 0x00000000ff000000| Untracked 
|1009|0x00000000ff100000, 0x00000000ff200000, 0x00000000ff200000|100%| O|  |TAMS 0x00000000ff100000| PB 0x00000000ff100000| Untracked 
|1010|0x00000000ff200000, 0x00000000ff300000, 0x00000000ff300000|100%| O|  |TAMS 0x00000000ff200000| PB 0x00000000ff200000| Untracked 
|1011|0x00000000ff300000, 0x00000000ff400000, 0x00000000ff400000|100%| E|CS|TAMS 0x00000000ff300000| PB 0x00000000ff300000| Complete 
|1012|0x00000000ff400000, 0x00000000ff500000, 0x00000000ff500000|100%| E|CS|TAMS 0x00000000ff400000| PB 0x00000000ff400000| Complete 
|1013|0x00000000ff500000, 0x00000000ff600000, 0x00000000ff600000|100%| E|CS|TAMS 0x00000000ff500000| PB 0x00000000ff500000| Complete 
|1014|0x00000000ff600000, 0x00000000ff700000, 0x00000000ff700000|100%| O|  |TAMS 0x00000000ff600000| PB 0x00000000ff600000| Untracked 
|1015|0x00000000ff700000, 0x00000000ff800000, 0x00000000ff800000|100%| O|  |TAMS 0x00000000ff700000| PB 0x00000000ff700000| Untracked 
|1016|0x00000000ff800000, 0x00000000ff900000, 0x00000000ff900000|100%| E|CS|TAMS 0x00000000ff800000| PB 0x00000000ff800000| Complete 
|1017|0x00000000ff900000, 0x00000000ffa00000, 0x00000000ffa00000|100%| E|CS|TAMS 0x00000000ff900000| PB 0x00000000ff900000| Complete 
|1018|0x00000000ffa00000, 0x00000000ffb00000, 0x00000000ffb00000|100%| O|  |TAMS 0x00000000ffa00000| PB 0x00000000ffa00000| Untracked 
|1019|0x00000000ffb00000, 0x00000000ffc00000, 0x00000000ffc00000|100%| E|CS|TAMS 0x00000000ffb00000| PB 0x00000000ffb00000| Complete 
|1020|0x00000000ffc00000, 0x00000000ffd00000, 0x00000000ffd00000|100%| E|CS|TAMS 0x00000000ffc00000| PB 0x00000000ffc00000| Complete 
|1021|0x00000000ffd00000, 0x00000000ffe00000, 0x00000000ffe00000|100%| E|CS|TAMS 0x00000000ffd00000| PB 0x00000000ffd00000| Complete 
|1022|0x00000000ffe00000, 0x00000000fff00000, 0x00000000fff00000|100%| O|  |TAMS 0x00000000ffe00000| PB 0x00000000ffe00000| Untracked 
|1023|0x00000000fff00000, 0x0000000100000000, 0x0000000100000000|100%| E|CS|TAMS 0x00000000fff00000| PB 0x00000000fff00000| Complete 

Card table byte_map: [0x00000267f9f70000,0x00000267fa170000] _byte_map_base: 0x00000267f9970000

Marking Bits: (CMBitMap*) 0x00000267e136e800
 Bits: [0x00000267fa170000, 0x00000267fb170000)

Polling page: 0x00000267df190000

Metaspace:

Usage:
  Non-class:    105.65 MB used.
      Class:     17.09 MB used.
       Both:    122.74 MB used.

Virtual space:
  Non-class space:      128.00 MB reserved,     107.06 MB ( 84%) committed,  2 nodes.
      Class space:      320.00 MB reserved,      18.38 MB (  6%) committed,  1 nodes.
             Both:      448.00 MB reserved,     125.44 MB ( 28%) committed. 

Chunk freelists:
   Non-Class:  4.97 MB
       Class:  13.63 MB
        Both:  18.60 MB

MaxMetaspaceSize: 384.00 MB
CompressedClassSpaceSize: 320.00 MB
Initial GC threshold: 21.00 MB
Current GC threshold: 208.75 MB
CDS: on
 - commit_granule_bytes: 65536.
 - commit_granule_words: 8192.
 - virtual_space_node_default_size: 8388608.
 - enlarge_chunks_in_place: 1.
 - use_allocation_guard: 0.


Internal statistics:

num_allocs_failed_limit: 9.
num_arena_births: 4600.
num_arena_deaths: 4.
num_vsnodes_births: 3.
num_vsnodes_deaths: 0.
num_space_committed: 2007.
num_space_uncommitted: 0.
num_chunks_returned_to_freelist: 21.
num_chunks_taken_from_freelist: 10393.
num_chunk_merges: 10.
num_chunk_splits: 6742.
num_chunks_enlarged: 4193.
num_inconsistent_stats: 0.

CodeHeap 'non-profiled nmethods': size=118848Kb used=15365Kb max_used=15609Kb free=103482Kb
 bounds [0x00000267f1620000, 0x00000267f2560000, 0x00000267f8a30000]
CodeHeap 'profiled nmethods': size=118848Kb used=32121Kb max_used=32787Kb free=86726Kb
 bounds [0x00000267e9a30000, 0x00000267eba40000, 0x00000267f0e40000]
CodeHeap 'non-nmethods': size=8064Kb used=5095Kb max_used=5196Kb free=2968Kb
 bounds [0x00000267f0e40000, 0x00000267f1360000, 0x00000267f1620000]
CodeCache: size=245760Kb, used=52581Kb, max_used=53592Kb, free=193176Kb
 total_blobs=18456, nmethods=17377, adapters=978, full_count=0
Compilation: enabled, stopped_count=0, restarted_count=0

Compilation events (20 events):
Event: 38.012 Thread 0x00000267fedad380 22895       4       org.gradle.internal.component.external.model.AbstractLazyModuleComponentResolveMetadata::getSources (5 bytes)
Event: 38.015 Thread 0x00000267fedad380 nmethod 22895 0x00000267f20a1890 code [0x00000267f20a1a20, 0x00000267f20a1ab0]
Event: 38.016 Thread 0x00000267fedad380 22897       4       java.util.concurrent.locks.AbstractQueuedSynchronizer::acquire (20 bytes)
Event: 38.016 Thread 0x00000267ff31c550 nmethod 22891 0x00000267f2228110 code [0x00000267f22282e0, 0x00000267f22285f0]
Event: 38.018 Thread 0x00000267ff31c550 22899       4       com.google.common.cache.LocalCache$Segment::removeEntryFromChain (73 bytes)
Event: 38.019 Thread 0x000002679cd4da60 22900       3       java.nio.DirectByteBuffer$Deallocator::run (23 bytes)
Event: 38.019 Thread 0x000002679cd4bf20 22901  s    3       jdk.internal.ref.Cleaner::remove (89 bytes)
Event: 38.020 Thread 0x000002679cd4da60 nmethod 22900 0x00000267ea2f0190 code [0x00000267ea2f0380, 0x00000267ea2f06f0]
Event: 38.020 Thread 0x000002679cd4bf20 nmethod 22901 0x00000267ea374c10 code [0x00000267ea374de0, 0x00000267ea375370]
Event: 38.020 Thread 0x00000267fedad380 nmethod 22897 0x00000267f20a1410 code [0x00000267f20a15a0, 0x00000267f20a1698]
Event: 38.024 Thread 0x00000267fedad380 22898       4       com.google.common.cache.LocalCache$Segment::removeValueFromChain (67 bytes)
Event: 38.025 Thread 0x000002679cd4b180 22906       3       sun.nio.ch.Util$BufferCache::removeFirst (65 bytes)
Event: 38.025 Thread 0x00000267fede8e80 22907       3       java.util.concurrent.atomic.AtomicLong::decrementAndGet (16 bytes)
Event: 38.026 Thread 0x00000267fede8e80 nmethod 22907 0x00000267e9f05110 code [0x00000267e9f052a0, 0x00000267e9f053c8]
Event: 38.026 Thread 0x000002679cd4b180 nmethod 22906 0x00000267ea8d4b90 code [0x00000267ea8d4d40, 0x00000267ea8d50b8]
Event: 38.029 Thread 0x00000267ff31c550 nmethod 22899 0x00000267f2227b90 code [0x00000267f2227d40, 0x00000267f2227f08]
Event: 38.030 Thread 0x00000267ff31c550 22902       4       com.google.common.cache.LocalCache$AccessQueue::iterator (13 bytes)
Event: 38.030 Thread 0x000002679cd4fc70 nmethod 22749 0x00000267f2311510 code [0x00000267f2311760, 0x00000267f2312040]
Event: 38.030 Thread 0x00000267fede8e80 22908   !   3       jdk.internal.ref.Cleaner::clean (35 bytes)
Event: 38.031 Thread 0x00000267fede8e80 nmethod 22908 0x00000267e9c09610 code [0x00000267e9c09840, 0x00000267e9c09e30]

GC Heap History (20 events):
Event: 32.285 GC heap before
{Heap before GC invocations=100 (full 0):
 garbage-first heap   total 387072K, used 367536K [0x00000000c0000000, 0x0000000100000000)
  region size 1024K, 160 young (163840K), 9 survivors (9216K)
 Metaspace       used 121494K, committed 124032K, reserved 458752K
  class space    used 16868K, committed 18112K, reserved 327680K
}
Event: 32.287 GC heap after
{Heap after GC invocations=101 (full 0):
 garbage-first heap   total 387072K, used 207993K [0x00000000c0000000, 0x0000000100000000)
  region size 1024K, 4 young (4096K), 4 survivors (4096K)
 Metaspace       used 121494K, committed 124032K, reserved 458752K
  class space    used 16868K, committed 18112K, reserved 327680K
}
Event: 32.660 GC heap before
{Heap before GC invocations=101 (full 0):
 garbage-first heap   total 387072K, used 366713K [0x00000000c0000000, 0x0000000100000000)
  region size 1024K, 158 young (161792K), 4 survivors (4096K)
 Metaspace       used 121494K, committed 124032K, reserved 458752K
  class space    used 16868K, committed 18112K, reserved 327680K
}
Event: 32.663 GC heap after
{Heap after GC invocations=102 (full 0):
 garbage-first heap   total 387072K, used 204927K [0x00000000c0000000, 0x0000000100000000)
  region size 1024K, 3 young (3072K), 3 survivors (3072K)
 Metaspace       used 121494K, committed 124032K, reserved 458752K
  class space    used 16868K, committed 18112K, reserved 327680K
}
Event: 33.078 GC heap before
{Heap before GC invocations=102 (full 0):
 garbage-first heap   total 387072K, used 365695K [0x00000000c0000000, 0x0000000100000000)
  region size 1024K, 160 young (163840K), 3 survivors (3072K)
 Metaspace       used 121494K, committed 124032K, reserved 458752K
  class space    used 16868K, committed 18112K, reserved 327680K
}
Event: 33.080 GC heap after
{Heap after GC invocations=103 (full 0):
 garbage-first heap   total 387072K, used 204067K [0x00000000c0000000, 0x0000000100000000)
  region size 1024K, 3 young (3072K), 3 survivors (3072K)
 Metaspace       used 121494K, committed 124032K, reserved 458752K
  class space    used 16868K, committed 18112K, reserved 327680K
}
Event: 34.013 GC heap before
{Heap before GC invocations=104 (full 0):
 garbage-first heap   total 387072K, used 370979K [0x00000000c0000000, 0x0000000100000000)
  region size 1024K, 161 young (164864K), 3 survivors (3072K)
 Metaspace       used 123249K, committed 125824K, reserved 458752K
  class space    used 17178K, committed 18432K, reserved 327680K
}
Event: 34.017 GC heap after
{Heap after GC invocations=105 (full 0):
 garbage-first heap   total 388096K, used 221084K [0x00000000c0000000, 0x0000000100000000)
  region size 1024K, 15 young (15360K), 15 survivors (15360K)
 Metaspace       used 123249K, committed 125824K, reserved 458752K
  class space    used 17178K, committed 18432K, reserved 327680K
}
Event: 34.619 GC heap before
{Heap before GC invocations=105 (full 0):
 garbage-first heap   total 388096K, used 374684K [0x00000000c0000000, 0x0000000100000000)
  region size 1024K, 157 young (160768K), 15 survivors (15360K)
 Metaspace       used 124115K, committed 126720K, reserved 458752K
  class space    used 17308K, committed 18624K, reserved 327680K
}
Event: 34.627 GC heap after
{Heap after GC invocations=106 (full 0):
 garbage-first heap   total 409600K, used 241064K [0x00000000c0000000, 0x0000000100000000)
  region size 1024K, 16 young (16384K), 16 survivors (16384K)
 Metaspace       used 124115K, committed 126720K, reserved 458752K
  class space    used 17308K, committed 18624K, reserved 327680K
}
Event: 35.157 GC heap before
{Heap before GC invocations=106 (full 0):
 garbage-first heap   total 409600K, used 380328K [0x00000000c0000000, 0x0000000100000000)
  region size 1024K, 153 young (156672K), 16 survivors (16384K)
 Metaspace       used 124825K, committed 127488K, reserved 458752K
  class space    used 17413K, committed 18752K, reserved 327680K
}
Event: 35.163 GC heap after
{Heap after GC invocations=107 (full 0):
 garbage-first heap   total 409600K, used 249902K [0x00000000c0000000, 0x0000000100000000)
  region size 1024K, 12 young (12288K), 12 survivors (12288K)
 Metaspace       used 124825K, committed 127488K, reserved 458752K
  class space    used 17413K, committed 18752K, reserved 327680K
}
Event: 36.557 GC heap before
{Heap before GC invocations=108 (full 0):
 garbage-first heap   total 418816K, used 381998K [0x00000000c0000000, 0x0000000100000000)
  region size 1024K, 142 young (145408K), 12 survivors (12288K)
 Metaspace       used 124898K, committed 127552K, reserved 458752K
  class space    used 17408K, committed 18752K, reserved 327680K
}
Event: 36.562 GC heap after
{Heap after GC invocations=109 (full 0):
 garbage-first heap   total 418816K, used 256630K [0x00000000c0000000, 0x0000000100000000)
  region size 1024K, 10 young (10240K), 10 survivors (10240K)
 Metaspace       used 124898K, committed 127552K, reserved 458752K
  class space    used 17408K, committed 18752K, reserved 327680K
}
Event: 37.205 GC heap before
{Heap before GC invocations=109 (full 0):
 garbage-first heap   total 418816K, used 391798K [0x00000000c0000000, 0x0000000100000000)
  region size 1024K, 141 young (144384K), 10 survivors (10240K)
 Metaspace       used 125297K, committed 128064K, reserved 458752K
  class space    used 17461K, committed 18816K, reserved 327680K
}
Event: 37.210 GC heap after
{Heap after GC invocations=110 (full 0):
 garbage-first heap   total 419840K, used 268360K [0x00000000c0000000, 0x0000000100000000)
  region size 1024K, 18 young (18432K), 18 survivors (18432K)
 Metaspace       used 125297K, committed 128064K, reserved 458752K
  class space    used 17461K, committed 18816K, reserved 327680K
}
Event: 37.688 GC heap before
{Heap before GC invocations=110 (full 0):
 garbage-first heap   total 419840K, used 388168K [0x00000000c0000000, 0x0000000100000000)
  region size 1024K, 136 young (139264K), 18 survivors (18432K)
 Metaspace       used 125520K, committed 128256K, reserved 458752K
  class space    used 17478K, committed 18816K, reserved 327680K
}
Event: 37.694 GC heap after
{Heap after GC invocations=111 (full 0):
 garbage-first heap   total 419840K, used 276035K [0x00000000c0000000, 0x0000000100000000)
  region size 1024K, 10 young (10240K), 10 survivors (10240K)
 Metaspace       used 125520K, committed 128256K, reserved 458752K
  class space    used 17478K, committed 18816K, reserved 327680K
}
Event: 38.020 GC heap before
{Heap before GC invocations=112 (full 0):
 garbage-first heap   total 462848K, used 389699K [0x00000000c0000000, 0x0000000100000000)
  region size 1024K, 122 young (124928K), 10 survivors (10240K)
 Metaspace       used 125676K, committed 128448K, reserved 458752K
  class space    used 17499K, committed 18816K, reserved 327680K
}
Event: 38.024 GC heap after
{Heap after GC invocations=113 (full 0):
 garbage-first heap   total 462848K, used 280979K [0x00000000c0000000, 0x0000000100000000)
  region size 1024K, 8 young (8192K), 8 survivors (8192K)
 Metaspace       used 125676K, committed 128448K, reserved 458752K
  class space    used 17499K, committed 18816K, reserved 327680K
}

Dll operation events (16 events):
Event: 0.005 Loaded shared library C:\Program Files\Eclipse Adoptium\jdk-21.0.10.7-hotspot\bin\java.dll
Event: 0.020 Loaded shared library C:\Program Files\Eclipse Adoptium\jdk-21.0.10.7-hotspot\bin\jsvml.dll
Event: 0.036 Loaded shared library C:\Program Files\Eclipse Adoptium\jdk-21.0.10.7-hotspot\bin\zip.dll
Event: 0.037 Loaded shared library C:\Program Files\Eclipse Adoptium\jdk-21.0.10.7-hotspot\bin\instrument.dll
Event: 0.039 Loaded shared library C:\Program Files\Eclipse Adoptium\jdk-21.0.10.7-hotspot\bin\net.dll
Event: 0.040 Loaded shared library C:\Program Files\Eclipse Adoptium\jdk-21.0.10.7-hotspot\bin\nio.dll
Event: 0.041 Loaded shared library C:\Program Files\Eclipse Adoptium\jdk-21.0.10.7-hotspot\bin\zip.dll
Event: 0.121 Loaded shared library C:\Program Files\Eclipse Adoptium\jdk-21.0.10.7-hotspot\bin\jimage.dll
Event: 0.169 Loaded shared library C:\Program Files\Eclipse Adoptium\jdk-21.0.10.7-hotspot\bin\verify.dll
Event: 0.233 Loaded shared library C:\Users\User\.gradle\native\1def1411415f61bf3af743bc5b6707747c0891f09f0c88961ee8f79bc544acac\windows-amd64\native-platform.dll
Event: 0.236 Loaded shared library C:\Users\User\.gradle\native\0.2.5\x86_64-windows-gnu\gradle-fileevents.dll
Event: 0.590 Loaded shared library C:\Program Files\Eclipse Adoptium\jdk-21.0.10.7-hotspot\bin\management.dll
Event: 0.591 Loaded shared library C:\Program Files\Eclipse Adoptium\jdk-21.0.10.7-hotspot\bin\management_ext.dll
Event: 0.663 Loaded shared library C:\Program Files\Eclipse Adoptium\jdk-21.0.10.7-hotspot\bin\extnet.dll
Event: 0.726 Loaded shared library C:\Program Files\Eclipse Adoptium\jdk-21.0.10.7-hotspot\bin\sunmscapi.dll
Event: 0.953 Loaded shared library C:\Users\User\AppData\Local\Temp\native-platform14240210539610098067dir\gradle-fileevents.dll

Deoptimization events (20 events):
Event: 36.918 Thread 0x000002679a745820 Uncommon trap: reason=unstable_if action=reinterpret pc=0x00000267f16d9254 method=java.util.jar.JarFile.match([B[B[B[B)I @ 52 c2
Event: 36.919 Thread 0x000002679a745820 DEOPT PACKING pc=0x00000267f16d9254 sp=0x000000df167f61f0
Event: 36.919 Thread 0x000002679a745820 DEOPT UNPACKING pc=0x00000267f0e94422 sp=0x000000df167f6160 mode 2
Event: 36.942 Thread 0x000002679a745820 Uncommon trap: trap_request=0xffffffbe fr.pc=0x00000267f24c1f34 relative=0x0000000000000754
Event: 36.942 Thread 0x000002679a745820 Uncommon trap: reason=profile_predicate action=maybe_recompile pc=0x00000267f24c1f34 method=groovy.lang.MetaClassImpl$MethodIndexAction.iterate()V @ 78 c2
Event: 36.943 Thread 0x000002679a745820 DEOPT PACKING pc=0x00000267f24c1f34 sp=0x000000df167f73f0
Event: 36.943 Thread 0x000002679a745820 DEOPT UNPACKING pc=0x00000267f0e94422 sp=0x000000df167f73c8 mode 2
Event: 36.943 Thread 0x000002679a745820 Uncommon trap: trap_request=0xffffffbe fr.pc=0x00000267f24c1f34 relative=0x0000000000000754
Event: 36.943 Thread 0x000002679a745820 Uncommon trap: reason=profile_predicate action=maybe_recompile pc=0x00000267f24c1f34 method=groovy.lang.MetaClassImpl$MethodIndexAction.iterate()V @ 78 c2
Event: 36.943 Thread 0x000002679a745820 DEOPT PACKING pc=0x00000267f24c1f34 sp=0x000000df167f73f0
Event: 36.943 Thread 0x000002679a745820 DEOPT UNPACKING pc=0x00000267f0e94422 sp=0x000000df167f73c8 mode 2
Event: 37.594 Thread 0x000002679d4fcfa0 Uncommon trap: trap_request=0xffffff45 fr.pc=0x00000267f1fe7664 relative=0x00000000000037c4
Event: 37.594 Thread 0x000002679d4fcfa0 Uncommon trap: reason=unstable_if action=reinterpret pc=0x00000267f1fe7664 method=com.google.common.cache.LongAdder.add(J)V @ 24 c2
Event: 37.594 Thread 0x000002679d4fcfa0 DEOPT PACKING pc=0x00000267f1fe7664 sp=0x000000df26ffce00
Event: 37.594 Thread 0x000002679d4fcfa0 DEOPT UNPACKING pc=0x00000267f0e94422 sp=0x000000df26ffcae8 mode 2
Event: 37.596 Thread 0x00000267a2089f90 Uncommon trap: trap_request=0xffffff45 fr.pc=0x00000267f1a3ca2c relative=0x000000000000008c
Event: 37.596 Thread 0x00000267a2089f90 Uncommon trap: reason=unstable_if action=reinterpret pc=0x00000267f1a3ca2c method=com.google.common.cache.LongAdder.add(J)V @ 6 c2
Event: 37.597 Thread 0x00000267a2089f90 DEOPT PACKING pc=0x00000267f1a3ca2c sp=0x000000df29cfd380
Event: 37.597 Thread 0x00000267a2089f90 DEOPT UNPACKING pc=0x00000267f0e94422 sp=0x000000df29cfd2c0 mode 2
Event: 38.248 Thread 0x000002679a745eb0 Uncommon trap: trap_request=0xffffff45 fr.pc=0x00000267f2516588 relative=0x0000000000000188

Classes loaded (20 events):
Event: 34.606 Loading class java/util/AbstractListBeanInfo
Event: 34.606 Loading class java/util/AbstractListBeanInfo done
Event: 34.606 Loading class java/util/AbstractListBeanInfo
Event: 34.606 Loading class java/util/AbstractListBeanInfo done
Event: 34.606 Loading class java/util/AbstractListCustomizer
Event: 34.606 Loading class java/util/AbstractListCustomizer done
Event: 34.606 Loading class java/util/AbstractListCustomizer
Event: 34.606 Loading class java/util/AbstractListCustomizer done
Event: 34.607 Loading class java/util/ArrayListCustomizer
Event: 34.607 Loading class java/util/ArrayListCustomizer done
Event: 34.607 Loading class java/util/ArrayListCustomizer
Event: 34.607 Loading class java/util/ArrayListCustomizer done
Event: 34.770 Loading class java/util/Collections$SingletonListBeanInfo
Event: 34.770 Loading class java/util/Collections$SingletonListBeanInfo done
Event: 34.770 Loading class java/util/Collections$SingletonListBeanInfo
Event: 34.770 Loading class java/util/Collections$SingletonListBeanInfo done
Event: 34.770 Loading class java/util/Collections$SingletonListCustomizer
Event: 34.770 Loading class java/util/Collections$SingletonListCustomizer done
Event: 34.771 Loading class java/util/Collections$SingletonListCustomizer
Event: 34.771 Loading class java/util/Collections$SingletonListCustomizer done

Classes unloaded (14 events):
Event: 20.227 Thread 0x00000267fed773e0 Unloading class 0x000002678206d3f0 '_BuildScript_$_run_closure1$_closure4'
Event: 20.227 Thread 0x00000267fed773e0 Unloading class 0x000002678206d000 '_BuildScript_$_run_closure1$_closure3'
Event: 20.227 Thread 0x00000267fed773e0 Unloading class 0x000002678206c930 '_BuildScript_$_run_closure1$_closure2'
Event: 20.227 Thread 0x00000267fed773e0 Unloading class 0x000002678206c540 '_BuildScript_$_run_closure1'
Event: 20.227 Thread 0x00000267fed773e0 Unloading class 0x000002678206c000 '_BuildScript_'
Event: 35.211 Thread 0x00000267fed773e0 Unloading class 0x00000267821ae3f0 '_BuildScript_$_run_closure3'
Event: 35.211 Thread 0x00000267fed773e0 Unloading class 0x00000267821ae000 '_BuildScript_$_run_closure2$_closure8'
Event: 35.211 Thread 0x00000267fed773e0 Unloading class 0x00000267821adbd0 '_BuildScript_$_run_closure2$_closure7'
Event: 35.211 Thread 0x00000267fed773e0 Unloading class 0x00000267821ad7e0 '_BuildScript_$_run_closure2$_closure6'
Event: 35.211 Thread 0x00000267fed773e0 Unloading class 0x00000267821ad3f0 '_BuildScript_$_run_closure2$_closure5'
Event: 35.211 Thread 0x00000267fed773e0 Unloading class 0x00000267821ad000 '_BuildScript_$_run_closure2'
Event: 35.211 Thread 0x00000267fed773e0 Unloading class 0x00000267821ac930 '_BuildScript_$_run_closure1$_closure4'
Event: 35.211 Thread 0x00000267fed773e0 Unloading class 0x00000267821ac540 '_BuildScript_$_run_closure1'
Event: 35.211 Thread 0x00000267fed773e0 Unloading class 0x00000267821ac000 '_BuildScript_'

Classes redefined (0 events):
No events

Internal exceptions (20 events):
Event: 36.812 Thread 0x000002679a745820 Exception <a 'java/lang/ClassNotFoundException'{0x00000000d53c8880}: build_lu2ruzg4f9q4zt49o4hfxkfoBeanInfo> (0x00000000d53c8880) 
thrown [s\src\hotspot\share\classfile\systemDictionary.cpp, line 312]
Event: 36.813 Thread 0x000002679a745820 Exception <a 'java/lang/ClassNotFoundException'{0x00000000d53cf470}: build_lu2ruzg4f9q4zt49o4hfxkfoCustomizer> (0x00000000d53cf470) 
thrown [s\src\hotspot\share\classfile\systemDictionary.cpp, line 312]
Event: 36.935 Thread 0x000002679a745820 Exception <a 'java/lang/ClassNotFoundException'{0x00000000d4715758}: com/android/build/gradle/internal/dsl/TestOptions_DecoratedBeanInfo> (0x00000000d4715758) 
thrown [s\src\hotspot\share\classfile\systemDictionary.cpp, line 312]
Event: 36.936 Thread 0x000002679a745820 Exception <a 'java/lang/ClassNotFoundException'{0x00000000d4723018}: com/android/build/gradle/internal/dsl/TestOptionsBeanInfo> (0x00000000d4723018) 
thrown [s\src\hotspot\share\classfile\systemDictionary.cpp, line 312]
Event: 36.937 Thread 0x000002679a745820 Exception <a 'java/lang/ClassNotFoundException'{0x00000000d47308b0}: com/android/build/gradle/internal/dsl/TestOptionsCustomizer> (0x00000000d47308b0) 
thrown [s\src\hotspot\share\classfile\systemDictionary.cpp, line 312]
Event: 36.939 Thread 0x000002679a745820 Exception <a 'java/lang/ClassNotFoundException'{0x00000000d475cf30}: com/android/build/gradle/internal/dsl/TestOptions_DecoratedCustomizer> (0x00000000d475cf30) 
thrown [s\src\hotspot\share\classfile\systemDictionary.cpp, line 312]
Event: 36.944 Thread 0x000002679a745820 Exception <a 'java/lang/ClassNotFoundException'{0x00000000d47c5d18}: com/android/build/gradle/internal/dsl/TestOptions$UnitTestOptions_DecoratedBeanInfo> (0x00000000d47c5d18) 
thrown [s\src\hotspot\share\classfile\systemDictionary.cpp, line 312]
Event: 36.945 Thread 0x000002679a745820 Exception <a 'java/lang/ClassNotFoundException'{0x00000000d47d38c8}: com/android/build/gradle/internal/dsl/TestOptions$UnitTestOptionsBeanInfo> (0x00000000d47d38c8) 
thrown [s\src\hotspot\share\classfile\systemDictionary.cpp, line 312]
Event: 36.947 Thread 0x000002679a745820 Exception <a 'java/lang/ClassNotFoundException'{0x00000000d47f9618}: com/android/build/gradle/internal/dsl/TestOptions$UnitTestOptionsCustomizer> (0x00000000d47f9618) 
thrown [s\src\hotspot\share\classfile\systemDictionary.cpp, line 312]
Event: 36.948 Thread 0x000002679a745820 Exception <a 'java/lang/ClassNotFoundException'{0x00000000d460dac8}: com/android/build/gradle/internal/dsl/TestOptions$UnitTestOptions_DecoratedCustomizer> (0x00000000d460dac8) 
thrown [s\src\hotspot\share\classfile\systemDictionary.cpp, line 312]
Event: 37.020 Thread 0x000002679a745820 Exception <a 'java/lang/ClassNotFoundException'{0x00000000d3dc3988}: build_c0w3gog1j05kd6p7uqihfa3fsBeanInfo> (0x00000000d3dc3988) 
thrown [s\src\hotspot\share\classfile\systemDictionary.cpp, line 312]
Event: 37.021 Thread 0x000002679a745820 Exception <a 'java/lang/ClassNotFoundException'{0x00000000d3dca608}: build_c0w3gog1j05kd6p7uqihfa3fsCustomizer> (0x00000000d3dca608) 
thrown [s\src\hotspot\share\classfile\systemDictionary.cpp, line 312]
Event: 37.307 Thread 0x000002679a745820 Exception <a 'java/lang/ClassNotFoundException'{0x00000000d63db680}: build_c0w3gog1j05kd6p7uqihfa3fsBeanInfo> (0x00000000d63db680) 
thrown [s\src\hotspot\share\classfile\systemDictionary.cpp, line 312]
Event: 37.308 Thread 0x000002679a745820 Exception <a 'java/lang/ClassNotFoundException'{0x00000000d63e22a0}: build_c0w3gog1j05kd6p7uqihfa3fsCustomizer> (0x00000000d63e22a0) 
thrown [s\src\hotspot\share\classfile\systemDictionary.cpp, line 312]
Event: 37.450 Thread 0x000002679a745820 Exception <a 'java/lang/ClassNotFoundException'{0x00000000d4a67ed0}: build_6dbxf9xdn1ebzbkqjmfgrr5t1BeanInfo> (0x00000000d4a67ed0) 
thrown [s\src\hotspot\share\classfile\systemDictionary.cpp, line 312]
Event: 37.451 Thread 0x000002679a745820 Exception <a 'java/lang/ClassNotFoundException'{0x00000000d4a6eb50}: build_6dbxf9xdn1ebzbkqjmfgrr5t1Customizer> (0x00000000d4a6eb50) 
thrown [s\src\hotspot\share\classfile\systemDictionary.cpp, line 312]
Event: 37.877 Thread 0x000002679a745820 Exception <a 'java/lang/ClassNotFoundException'{0x00000000d52ac520}: build_6dbxf9xdn1ebzbkqjmfgrr5t1BeanInfo> (0x00000000d52ac520) 
thrown [s\src\hotspot\share\classfile\systemDictionary.cpp, line 312]
Event: 37.878 Thread 0x000002679a745820 Exception <a 'java/lang/ClassNotFoundException'{0x00000000d52b3140}: build_6dbxf9xdn1ebzbkqjmfgrr5t1Customizer> (0x00000000d52b3140) 
thrown [s\src\hotspot\share\classfile\systemDictionary.cpp, line 312]
Event: 37.973 Thread 0x000002679a745820 Exception <a 'java/lang/ClassNotFoundException'{0x00000000d45cf000}: build_2paxlqfqysu7ku9vuprjxy04rBeanInfo> (0x00000000d45cf000) 
thrown [s\src\hotspot\share\classfile\systemDictionary.cpp, line 312]
Event: 37.974 Thread 0x000002679a745820 Exception <a 'java/lang/ClassNotFoundException'{0x00000000d45d5c80}: build_2paxlqfqysu7ku9vuprjxy04rCustomizer> (0x00000000d45d5c80) 
thrown [s\src\hotspot\share\classfile\systemDictionary.cpp, line 312]

ZGC Phase Switch (0 events):
No events

VM Operations (20 events):
Event: 35.163 Executing safepoint VM operation: G1CollectForAllocation (G1 Evacuation Pause) done
Event: 35.210 Executing safepoint VM operation: G1PauseRemark
Event: 36.231 Executing safepoint VM operation: G1PauseRemark done
Event: 36.261 Executing safepoint VM operation: G1PauseCleanup
Event: 36.262 Executing safepoint VM operation: G1PauseCleanup done
Event: 36.557 Executing safepoint VM operation: G1CollectForAllocation (G1 Evacuation Pause)
Event: 36.562 Executing safepoint VM operation: G1CollectForAllocation (G1 Evacuation Pause) done
Event: 37.061 Executing safepoint VM operation: ICBufferFull
Event: 37.062 Executing safepoint VM operation: ICBufferFull done
Event: 37.205 Executing safepoint VM operation: G1CollectForAllocation (G1 Evacuation Pause)
Event: 37.210 Executing safepoint VM operation: G1CollectForAllocation (G1 Evacuation Pause) done
Event: 37.688 Executing safepoint VM operation: G1CollectForAllocation (G1 Evacuation Pause)
Event: 37.694 Executing safepoint VM operation: G1CollectForAllocation (G1 Evacuation Pause) done
Event: 37.751 Executing safepoint VM operation: G1PauseRemark
Event: 37.762 Executing safepoint VM operation: G1PauseRemark done
Event: 37.800 Executing safepoint VM operation: G1PauseCleanup
Event: 37.800 Executing safepoint VM operation: G1PauseCleanup done
Event: 38.020 Executing safepoint VM operation: G1CollectForAllocation (G1 Evacuation Pause)
Event: 38.024 Executing safepoint VM operation: G1CollectForAllocation (G1 Evacuation Pause) done
Event: 39.028 Executing safepoint VM operation: Cleanup

Memory protections (0 events):
No events

Nmethod flushes (20 events):
Event: 37.760 Thread 0x00000267fed773e0 flushing  nmethod 0x00000267ea530b90
Event: 37.760 Thread 0x00000267fed773e0 flushing  nmethod 0x00000267ea545a10
Event: 37.760 Thread 0x00000267fed773e0 flushing  nmethod 0x00000267ea576310
Event: 37.760 Thread 0x00000267fed773e0 flushing  nmethod 0x00000267eaa39510
Event: 37.760 Thread 0x00000267fed773e0 flushing  nmethod 0x00000267eaa3ad90
Event: 37.760 Thread 0x00000267fed773e0 flushing  nmethod 0x00000267eaa75b10
Event: 37.760 Thread 0x00000267fed773e0 flushing  nmethod 0x00000267eaa8d410
Event: 37.760 Thread 0x00000267fed773e0 flushing  nmethod 0x00000267eaaa5e10
Event: 37.760 Thread 0x00000267fed773e0 flushing  nmethod 0x00000267eaad1a90
Event: 37.760 Thread 0x00000267fed773e0 flushing  nmethod 0x00000267eaad2c10
Event: 37.760 Thread 0x00000267fed773e0 flushing  nmethod 0x00000267eab2ae10
Event: 37.760 Thread 0x00000267fed773e0 flushing  nmethod 0x00000267eab2b390
Event: 37.760 Thread 0x00000267fed773e0 flushing  nmethod 0x00000267eab2cf10
Event: 37.760 Thread 0x00000267fed773e0 flushing  nmethod 0x00000267eab2d390
Event: 37.760 Thread 0x00000267fed773e0 flushing  nmethod 0x00000267eab49e90
Event: 37.760 Thread 0x00000267fed773e0 flushing  nmethod 0x00000267eab4ac90
Event: 37.760 Thread 0x00000267fed773e0 flushing  nmethod 0x00000267eab4b490
Event: 37.760 Thread 0x00000267fed773e0 flushing  nmethod 0x00000267eab4bf10
Event: 37.760 Thread 0x00000267fed773e0 flushing  nmethod 0x00000267eab8a690
Event: 37.760 Thread 0x00000267fed773e0 flushing  nmethod 0x00000267eb3f9f10

Events (20 events):
Event: 33.459 Thread 0x00000267ff31aa10 Thread exited: 0x00000267ff31aa10
Event: 33.827 Thread 0x000002679a745820 Thread added: 0x00000267a968ee00
Event: 33.965 Thread 0x00000267fedad380 Thread added: 0x000002679cd4fc70
Event: 33.984 Thread 0x000002679cd4b180 Thread added: 0x000002679cd4c5f0
Event: 33.997 Thread 0x000002679cd4b180 Thread added: 0x000002679cd50340
Event: 33.997 Thread 0x000002679cd4b180 Thread added: 0x000002679cd50a10
Event: 33.997 Thread 0x000002679cd4b180 Thread added: 0x000002679efa3160
Event: 34.147 Thread 0x000002679a745820 Thread added: 0x00000267a969e0d0
Event: 34.821 Thread 0x000002679a745820 Thread added: 0x00000267a9680ee0
Event: 35.013 Thread 0x000002679a745820 Thread added: 0x00000267a9681570
Event: 35.210 Thread 0x000002679a745820 Thread added: 0x00000267a9682290
Event: 36.590 Thread 0x000002679a745820 Thread added: 0x00000267a27368b0
Event: 36.754 Thread 0x000002679a745820 Thread added: 0x00000267a2735500
Event: 36.802 Thread 0x000002679a745820 Thread added: 0x00000267a2735b90
Event: 36.931 Thread 0x000002679a747260 Thread added: 0x00000267a2736f40
Event: 37.011 Thread 0x000002679a745820 Thread added: 0x00000267a2733ac0
Event: 37.299 Thread 0x000002679a745820 Thread added: 0x00000267a27375d0
Event: 37.441 Thread 0x000002679a745820 Thread added: 0x00000267a2734150
Event: 37.869 Thread 0x000002679a745820 Thread added: 0x00000267a9695d90
Event: 37.965 Thread 0x000002679a745820 Thread added: 0x00000267a96998a0


Dynamic libraries:
0x00007ff7a5a30000 - 0x00007ff7a5a3e000 	C:\Program Files\Eclipse Adoptium\jdk-21.0.10.7-hotspot\bin\java.exe
0x00007ff90e160000 - 0x00007ff90e3c7000 	C:\WINDOWS\SYSTEM32\ntdll.dll
0x00007ff8db790000 - 0x00007ff8db7b1000 	C:\Program Files\Avast Software\Avast\aswhook.dll
0x00007ff90cbe0000 - 0x00007ff90cca9000 	C:\WINDOWS\System32\KERNEL32.DLL
0x00007ff90abb0000 - 0x00007ff90afa1000 	C:\WINDOWS\System32\KERNELBASE.dll
0x00007ff90b3d0000 - 0x00007ff90b51b000 	C:\WINDOWS\System32\ucrtbase.dll
0x00007ff8d8720000 - 0x00007ff8d873e000 	C:\Program Files\Eclipse Adoptium\jdk-21.0.10.7-hotspot\bin\VCRUNTIME140.dll
0x00007ff8d9230000 - 0x00007ff8d9248000 	C:\Program Files\Eclipse Adoptium\jdk-21.0.10.7-hotspot\bin\jli.dll
0x00007ff90c380000 - 0x00007ff90c545000 	C:\WINDOWS\System32\USER32.dll
0x00007ff8ef600000 - 0x00007ff8ef893000 	C:\WINDOWS\WinSxS\amd64_microsoft.windows.common-controls_6595b64144ccf1df_6.0.26100.8037_none_3e092faae333b53b\COMCTL32.dll
0x00007ff90b5d0000 - 0x00007ff90b5f7000 	C:\WINDOWS\System32\win32u.dll
0x00007ff90c550000 - 0x00007ff90c5f9000 	C:\WINDOWS\System32\msvcrt.dll
0x00007ff90c070000 - 0x00007ff90c09b000 	C:\WINDOWS\System32\GDI32.dll
0x00007ff90b130000 - 0x00007ff90b25b000 	C:\WINDOWS\System32\gdi32full.dll
0x00007ff90b320000 - 0x00007ff90b3c3000 	C:\WINDOWS\System32\msvcp_win.dll
0x00007ff90d920000 - 0x00007ff90d951000 	C:\WINDOWS\System32\IMM32.DLL
0x000000006e600000 - 0x000000006e60d000 	C:\Program Files (x86)\360\Total Security\safemon\SafeWrapper.dll
0x00007ff8e8880000 - 0x00007ff8e888c000 	C:\Program Files\Eclipse Adoptium\jdk-21.0.10.7-hotspot\bin\vcruntime140_1.dll
0x00007ff8bd730000 - 0x00007ff8bd7bd000 	C:\Program Files\Eclipse Adoptium\jdk-21.0.10.7-hotspot\bin\msvcp140.dll
0x00007ffffb220000 - 0x00007ffffbfc1000 	C:\Program Files\Eclipse Adoptium\jdk-21.0.10.7-hotspot\bin\server\jvm.dll
0x00007ff90bf30000 - 0x00007ff90bfeb000 	C:\WINDOWS\System32\ADVAPI32.dll
0x00007ff90c270000 - 0x00007ff90c317000 	C:\WINDOWS\System32\sechost.dll
0x00007ff90d960000 - 0x00007ff90da78000 	C:\WINDOWS\System32\RPCRT4.dll
0x00007ff90dbd0000 - 0x00007ff90dc44000 	C:\WINDOWS\System32\WS2_32.dll
0x00007ff90a8a0000 - 0x00007ff90a8fe000 	C:\WINDOWS\SYSTEM32\POWRPROF.dll
0x00007ff90a520000 - 0x00007ff90a52b000 	C:\WINDOWS\SYSTEM32\VERSION.dll
0x00007ff8fe710000 - 0x00007ff8fe745000 	C:\WINDOWS\SYSTEM32\WINMM.dll
0x00007ff90a880000 - 0x00007ff90a894000 	C:\WINDOWS\SYSTEM32\UMPDC.dll
0x00007ff909720000 - 0x00007ff90973b000 	C:\WINDOWS\SYSTEM32\kernel.appcore.dll
0x00007ff8e3d70000 - 0x00007ff8e3d7a000 	C:\Program Files\Eclipse Adoptium\jdk-21.0.10.7-hotspot\bin\jimage.dll
0x00007ff8f8200000 - 0x00007ff8f8442000 	C:\WINDOWS\SYSTEM32\DBGHELP.DLL
0x00007ff90c600000 - 0x00007ff90c982000 	C:\WINDOWS\System32\combase.dll
0x00007ff90d840000 - 0x00007ff90d917000 	C:\WINDOWS\System32\OLEAUT32.dll
0x00007ff8f7fb0000 - 0x00007ff8f7feb000 	C:\WINDOWS\SYSTEM32\dbgcore.DLL
0x00007ff90b520000 - 0x00007ff90b5c5000 	C:\WINDOWS\System32\bcryptPrimitives.dll
0x00007ff8e04d0000 - 0x00007ff8e04df000 	C:\Program Files\Eclipse Adoptium\jdk-21.0.10.7-hotspot\bin\instrument.dll
0x00007ff8d8700000 - 0x00007ff8d8720000 	C:\Program Files\Eclipse Adoptium\jdk-21.0.10.7-hotspot\bin\java.dll
0x00007ff90d0c0000 - 0x00007ff90d81f000 	C:\WINDOWS\System32\SHELL32.dll
0x00007ff90aa40000 - 0x00007ff90abaa000 	C:\WINDOWS\System32\wintypes.dll
0x00007ff90b600000 - 0x00007ff90be64000 	C:\WINDOWS\System32\windows.storage.dll
0x00007ff90c0a0000 - 0x00007ff90c197000 	C:\WINDOWS\System32\SHCORE.dll
0x00007ff90c990000 - 0x00007ff90c9f7000 	C:\WINDOWS\System32\shlwapi.dll
0x00007ff90a960000 - 0x00007ff90a989000 	C:\WINDOWS\SYSTEM32\profapi.dll
0x00007ff8a5040000 - 0x00007ff8a5117000 	C:\Program Files\Eclipse Adoptium\jdk-21.0.10.7-hotspot\bin\jsvml.dll
0x00007ff8d7c00000 - 0x00007ff8d7c18000 	C:\Program Files\Eclipse Adoptium\jdk-21.0.10.7-hotspot\bin\zip.dll
0x00007ff8df980000 - 0x00007ff8df990000 	C:\Program Files\Eclipse Adoptium\jdk-21.0.10.7-hotspot\bin\net.dll
0x00007ff9048c0000 - 0x00007ff9049e7000 	C:\WINDOWS\SYSTEM32\WINHTTP.dll
0x00007ff909c70000 - 0x00007ff909cdb000 	C:\WINDOWS\system32\mswsock.dll
0x00007ff8d5d60000 - 0x00007ff8d5d76000 	C:\Program Files\Eclipse Adoptium\jdk-21.0.10.7-hotspot\bin\nio.dll
0x00007ff8df800000 - 0x00007ff8df810000 	C:\Program Files\Eclipse Adoptium\jdk-21.0.10.7-hotspot\bin\verify.dll
0x00007ff8e3130000 - 0x00007ff8e3157000 	C:\Users\User\.gradle\native\1def1411415f61bf3af743bc5b6707747c0891f09f0c88961ee8f79bc544acac\windows-amd64\native-platform.dll
0x000000006afc0000 - 0x000000006b033000 	C:\Users\User\.gradle\native\0.2.5\x86_64-windows-gnu\gradle-fileevents.dll
0x00007ff8df370000 - 0x00007ff8df37a000 	C:\Program Files\Eclipse Adoptium\jdk-21.0.10.7-hotspot\bin\management.dll
0x00007ff8df0c0000 - 0x00007ff8df0cc000 	C:\Program Files\Eclipse Adoptium\jdk-21.0.10.7-hotspot\bin\management_ext.dll
0x00007ff90cf10000 - 0x00007ff90cf18000 	C:\WINDOWS\System32\PSAPI.DLL
0x00007ff90a070000 - 0x00007ff90a08b000 	C:\WINDOWS\SYSTEM32\CRYPTSP.dll
0x00007ff909680000 - 0x00007ff9096b9000 	C:\WINDOWS\system32\rsaenh.dll
0x00007ff909d20000 - 0x00007ff909d52000 	C:\WINDOWS\SYSTEM32\USERENV.dll
0x00007ff90a930000 - 0x00007ff90a95a000 	C:\WINDOWS\SYSTEM32\bcrypt.dll
0x00007ff909ed0000 - 0x00007ff909edc000 	C:\WINDOWS\SYSTEM32\CRYPTBASE.dll
0x00007ff909110000 - 0x00007ff909143000 	C:\WINDOWS\SYSTEM32\IPHLPAPI.DLL
0x00007ff90dc50000 - 0x00007ff90dc5a000 	C:\WINDOWS\System32\NSI.dll
0x00007ff8df010000 - 0x00007ff8df019000 	C:\Program Files\Eclipse Adoptium\jdk-21.0.10.7-hotspot\bin\extnet.dll
0x00007ff8def30000 - 0x00007ff8def3e000 	C:\Program Files\Eclipse Adoptium\jdk-21.0.10.7-hotspot\bin\sunmscapi.dll
0x00007ff90afb0000 - 0x00007ff90b127000 	C:\WINDOWS\System32\CRYPT32.dll
0x00007ff90a1d0000 - 0x00007ff90a200000 	C:\WINDOWS\SYSTEM32\ncrypt.dll
0x00007ff90a180000 - 0x00007ff90a1bf000 	C:\WINDOWS\SYSTEM32\NTASN1.dll
0x00007ff89f6d0000 - 0x00007ff89f6d8000 	C:\WINDOWS\system32\wshunix.dll
0x000000006af40000 - 0x000000006afb3000 	C:\Users\User\AppData\Local\Temp\native-platform14240210539610098067dir\gradle-fileevents.dll
0x00007ff8e1e80000 - 0x00007ff8e1e98000 	C:\WINDOWS\system32\napinsp.dll
0x00007ff9091a0000 - 0x00007ff9092ca000 	C:\WINDOWS\SYSTEM32\DNSAPI.dll
0x00007ff8e1e60000 - 0x00007ff8e1e72000 	C:\WINDOWS\System32\winrnr.dll
0x00007ff8e1b60000 - 0x00007ff8e1b82000 	C:\WINDOWS\system32\nlansp_c.dll
0x00007ff8e1b40000 - 0x00007ff8e1b56000 	C:\WINDOWS\system32\wshbth.dll
0x000000006d1b0000 - 0x000000006d1d6000 	C:\Program Files\Bonjour\mdnsNSP.dll
0x00007ff904c40000 - 0x00007ff904c4b000 	C:\Windows\System32\rasadhlp.dll
0x00007ff904060000 - 0x00007ff9040e6000 	C:\WINDOWS\System32\fwpuclnt.dll

JVMTI agents:
C:\Users\User\.gradle\wrapper\dists\gradle-8.12-bin\cetblhg4pflnnks72fxwobvgv\gradle-8.12\lib\agents\gradle-instrumentation-agent-8.12.jar path:C:\Program Files\Eclipse Adoptium\jdk-21.0.10.7-hotspot\bin\instrument.dll, loaded, initialized, instrumentlib options:none

dbghelp: loaded successfully - version: 4.0.5 - missing functions: none
symbol engine: initialized successfully - sym options: 0x614 - pdb path: .;C:\Program Files\Eclipse Adoptium\jdk-21.0.10.7-hotspot\bin;C:\WINDOWS\SYSTEM32;C:\Program Files\Avast Software\Avast;C:\WINDOWS\WinSxS\amd64_microsoft.windows.common-controls_6595b64144ccf1df_6.0.26100.8037_none_3e092faae333b53b;C:\Program Files (x86)\360\Total Security\safemon;C:\Program Files\Eclipse Adoptium\jdk-21.0.10.7-hotspot\bin\server;C:\Users\User\.gradle\native\1def1411415f61bf3af743bc5b6707747c0891f09f0c88961ee8f79bc544acac\windows-amd64;C:\Users\User\.gradle\native\0.2.5\x86_64-windows-gnu;C:\Users\User\AppData\Local\Temp\native-platform14240210539610098067dir;C:\Program Files\Bonjour

VM Arguments:
jvm_args: --add-opens=java.base/java.lang=ALL-UNNAMED --add-opens=java.base/java.lang.invoke=ALL-UNNAMED --add-opens=java.base/java.util=ALL-UNNAMED --add-opens=java.prefs/java.util.prefs=ALL-UNNAMED --add-exports=jdk.compiler/com.sun.tools.javac.api=ALL-UNNAMED --add-exports=jdk.compiler/com.sun.tools.javac.util=ALL-UNNAMED --add-opens=java.base/java.util=ALL-UNNAMED --add-opens=java.prefs/java.util.prefs=ALL-UNNAMED --add-opens=java.base/java.nio.charset=ALL-UNNAMED --add-opens=java.base/java.net=ALL-UNNAMED --add-opens=java.base/java.util.concurrent.atomic=ALL-UNNAMED --add-opens=java.xml/javax.xml.namespace=ALL-UNNAMED -XX:MaxMetaspaceSize=384M -Xmx1024M -Dfile.encoding=UTF-8 -Duser.country=US -Duser.language=en -Duser.variant -javaagent:C:\Users\User\.gradle\wrapper\dists\gradle-8.12-bin\cetblhg4pflnnks72fxwobvgv\gradle-8.12\lib\agents\gradle-instrumentation-agent-8.12.jar 
java_command: org.gradle.launcher.daemon.bootstrap.GradleDaemon 8.12
java_class_path (initial): C:\Users\User\.gradle\wrapper\dists\gradle-8.12-bin\cetblhg4pflnnks72fxwobvgv\gradle-8.12\lib\gradle-daemon-main-8.12.jar
Launcher Type: SUN_STANDARD

[Global flags]
     intx CICompilerCount                          = 15                                        {product} {ergonomic}
   size_t CompressedClassSpaceSize                 = 335544320                                 {product} {ergonomic}
     uint ConcGCThreads                            = 6                                         {product} {ergonomic}
     uint G1ConcRefinementThreads                  = 23                                        {product} {ergonomic}
   size_t G1HeapRegionSize                         = 1048576                                   {product} {ergonomic}
    uintx GCDrainStackTargetSize                   = 64                                        {product} {ergonomic}
   size_t InitialHeapSize                          = 534773760                                 {product} {ergonomic}
   size_t MarkStackSize                            = 4194304                                   {product} {ergonomic}
   size_t MaxHeapSize                              = 1073741824                                {product} {command line}
   size_t MaxMetaspaceSize                         = 402653184                                 {product} {command line}
   size_t MaxNewSize                               = 643825664                                 {product} {ergonomic}
   size_t MinHeapDeltaBytes                        = 1048576                                   {product} {ergonomic}
   size_t MinHeapSize                              = 8388608                                   {product} {ergonomic}
    uintx NonNMethodCodeHeapSize                   = 8192380                                {pd product} {ergonomic}
    uintx NonProfiledCodeHeapSize                  = 121732930                              {pd product} {ergonomic}
    uintx ProfiledCodeHeapSize                     = 121732930                              {pd product} {ergonomic}
    uintx ReservedCodeCacheSize                    = 251658240                              {pd product} {ergonomic}
     bool SegmentedCodeCache                       = true                                      {product} {ergonomic}
   size_t SoftMaxHeapSize                          = 1073741824                             {manageable} {ergonomic}
     bool UseCompressedOops                        = true                           {product lp64_product} {ergonomic}
     bool UseG1GC                                  = true                                      {product} {ergonomic}
     bool UseLargePagesIndividualAllocation        = false                                  {pd product} {ergonomic}

Logging:
Log output configuration:
 #0: stdout all=warning uptime,level,tags foldmultilines=false
 #1: stderr all=off uptime,level,tags foldmultilines=false

Release file:
IMPLEMENTOR="Eclipse Adoptium" 
IMPLEMENTOR_VERSION="Temurin-21.0.10+7" 
JAVA_RUNTIME_VERSION="21.0.10+7-LTS" 
JAVA_VERSION="21.0.10" 
JAVA_VERSION_DATE="2026-01-20" 
LIBC="default" 
MODULES="java.base java.compiler java.datatransfer java.xml java.prefs java.desktop java.instrument java.logging java.management java.security.sasl java.naming java.rmi java.management.rmi java.net.http java.scripting java.security.jgss java.transaction.xa java.sql java.sql.rowset java.xml.crypto java.se java.smartcardio jdk.accessibility jdk.internal.jvmstat jdk.attach jdk.charsets jdk.internal.opt jdk.zipfs jdk.compiler jdk.crypto.ec jdk.crypto.cryptoki jdk.crypto.mscapi jdk.dynalink jdk.internal.ed jdk.editpad jdk.hotspot.agent jdk.httpserver jdk.incubator.vector jdk.internal.le jdk.internal.vm.ci jdk.internal.vm.compiler jdk.internal.vm.compiler.management jdk.jartool jdk.javadoc jdk.jcmd jdk.management jdk.management.agent jdk.jconsole jdk.jdeps jdk.jdwp.agent jdk.jdi jdk.jfr jdk.jlink jdk.jpackage jdk.jshell jdk.jsobject jdk.jstatd jdk.localedata jdk.management.jfr jdk.naming.dns jdk.naming.rmi jdk.net jdk.nio.mapmode jdk.random jdk.sctp jdk.security.auth jdk.security.jgss jdk.unsupported jdk.unsupported.desktop jdk.xml.dom" 
OS_ARCH="x86_64" 
OS_NAME="Windows" 
SOURCE=".:git:a633eafe0fcc" 
BUILD_SOURCE="git:458965074606f027bd5afce2cfd5c1055dea0438"
BUILD_SOURCE_REPO="https://github.com/adoptium/temurin-build.git"
SOURCE_REPO="https://github.com/adoptium/jdk21u.git"
FULL_VERSION="21.0.10+7-LTS"
SEMANTIC_VERSION="21.0.10+7"
BUILD_INFO="OS: Windows Server 2022 Version: 10.0"
JVM_VARIANT="Hotspot"
JVM_VERSION="21.0.10+7-LTS"
IMAGE_TYPE="JDK"

Environment Variables:
JAVA_HOME=C:\Program Files\Eclipse Adoptium\jdk-21.0.10.7-hotspot\
PATH=C:\Users\User\AppData\Local\Programs\Microsoft VS Code;C:\Program Files\Eclipse Adoptium\jdk-21.0.10.7-hotspot\bin;C:\Program Files\Amazon Corretto\jdk21.0.9_10\bin;C:\Program Files\Amazon Corretto\jdk17.0.17_10\bin;C:\Program Files\Microsoft MPI\Bin\;C:\Program Files\Common Files\Oracle\Java\javapath;C:\Program Files (x86)\Common Files\Oracle\Java\javapath;C:\Python313\Scripts\;C:\Python313\;C:\WINDOWS\system32;C:\WINDOWS;C:\WINDOWS\System32\Wbem;C:\WINDOWS\System32\WindowsPowerShell\v1.0\;C:\WINDOWS\System32\OpenSSH\;C:\Program Files (x86)\NVIDIA Corporation\PhysX\Common;C:\Program Files\dotnet\;C:\Program Files\nodejs\;C:\ProgramData\chocolatey\bin;C:\Program Files\php-8.4;C:\ProgramData\ComposerSetup\bin;C:\Program Files (x86)\Microsoft SQL Server\160\Tools\Binn\;C:\Program Files\Microsoft SQL Server\160\Tools\Binn\;C:\Program Files\Microsoft SQL Server\Client SDK\ODBC\170\Tools\Binn\;C:\Program Files\Microsoft SQL Server\160\DTS\Binn\;C:\Program Files (x86)\Microsoft SQL Server\160\DTS\Binn\;C:\Program Files\NVIDIA Corporation\NVIDIA App\NvDLISR;C:\Program Files\PuTTY\;C:\Program Files\Git\cmd;D:\New folder\bin\;C:\Program Files\Microsoft MPI\Bin\;C:\Program Files\Common Files\Oracle\Java\javapath;C:\Python313\Scripts\;C:\Python313\;C:\Program Files (x86)\Common Files\Oracle\Java\javapath;C:\WINDOWS\system32;C:\WINDOWS;C:\WINDOWS\System32\Wbem;C:\WINDOWS\System32\WindowsPowerShell\v1.0\;C:\WINDOWS\System32\OpenSSH\;C:\Program Files\NVIDIA Corporation\NVIDIA App\NvDLISR;C:\Program Files (x86)\NVIDIA Corporation\PhysX\Common;C:\Program Files\Cloudflare\Cloudflare WARP\;C:\Program Files\dotnet\;C:\Program Files\nodejs\;C:\ProgramData\chocolatey\bin;C:\Program Files\Git\cmd;C:\Program Files\php-8.4;C:\ProgramData\ComposerSetup\bin;C:\Program Files (x86)\Microsoft SQL Server\160\Tools\Binn\;C:\Program Files\Microsoft SQL Server\160\Tools\Binn\;C:\Program Files\Microsoft SQL Server\Client SDK\ODBC\170\Tools\Binn\;C:\Program Files\Microsoft SQL Server\160\DTS\Binn\;C:\Program Files (x86)\Microsoft SQL Server\160\DTS\Binn\;C:\Program Files\Go\bin;C:\Users\User\.cargo\bin;c:\Users\User\AppData\Local\Programs\cursor\resources\app\codeBin;C:\Users\User\AppData\Local\Microsoft\WindowsApps;C:\Users\User\AppData\Local\Programs\Microsoft VS Code\bin;C:\Users\User\AppData\Roaming\npm;C:\Users\User\AppData\Roaming\Composer\vendor\bin;C:\Users\User\.dotnet\tools;C:\Users\User\AppData\Local\Programs\Ollama;C:\Users\User\go\bin;C:\Users\User\AppData\Local\GitHubDesktop\bin;c:\Users\User\AppData\Roaming\Code\User\globalStorage\github.copilot-chat\debugCommand;C:\Users\User\flutter\bin;D:\New folder\bin\;C:\Program Files\Microsoft MPI\Bin\;C:\Program Files\Common Files\Oracle\Java\javapath;C:\Python313\Scripts\;C:\Python313\;C:\Program Files (x86)\Common Files\Oracle\Java\javapath;C:\WINDOWS\system32;C:\WINDOWS;C:\WINDOWS\System32\Wbem;C:\WINDOWS\System32\WindowsPowerShell\v1.0\;C:\WINDOWS\System32\OpenSSH\;C:\Program Files\NVIDIA Corporation\NVIDIA App\NvDLISR;C:\Program Files (x86)\NVIDIA Corporation\PhysX\Common;C:\Program Files\Cloudflare\Cloudflare WARP\;C:\Program Files\dotnet\;C:\Program Files\nodejs\;C:\ProgramData\chocolatey\bin;C:\Program Files\Git\cmd;C:\Program Files\php-8.4;C:\ProgramData\ComposerSetup\bin;C:\Program Files (x86)\Microsoft SQL Server\160\Tools\Binn\;C:\Program Files\Microsoft SQL Server\160\Tools\Binn\;C:\Program Files\Microsoft SQL Server\Client SDK\ODBC\170\Tools\Binn\;C:\Program Files\Microsoft SQL Server\160\DTS\Binn\;C:\Program Files (x86)\Microsoft SQL Server\160\DTS\Binn\;C:\Program Files\Go\bin;C:\Program Files\PostgreSQL\16\bin;C:\Users\User\.dotnet\tools
USERNAME=User
OS=Windows_NT
PROCESSOR_IDENTIFIER=Intel64 Family 6 Model 183 Stepping 1, GenuineIntel
TMP=C:\Users\User\AppData\Local\Temp
TEMP=C:\Users\User\AppData\Local\Temp




Periodic native trim disabled

---------------  S Y S T E M  ---------------

OS:
 Windows 11 , 64 bit Build 26100 (10.0.26100.7920)
OS uptime: 0 days 3:09 hours
Hyper-V role detected

CPU: total 32 (initial active 32) (16 cores per cpu, 2 threads per core) family 6 model 183 stepping 1 microcode 0x11f, cx8, cmov, fxsr, ht, mmx, 3dnowpref, sse, sse2, sse3, ssse3, sse4.1, sse4.2, popcnt, lzcnt, tsc, tscinvbit, avx, avx2, aes, erms, clmul, bmi1, bmi2, adx, sha, fma, vzeroupper, clflush, clflushopt, clwb, hv, serialize, rdtscp, rdpid, fsrm, f16c, cet_ibt, cet_ss
Processor Information for the first 32 processors :
  Max Mhz: 3000, Current Mhz: 3000, Mhz Limit: 3000

Memory: 4k page, system-wide physical 32544M (13016M free)
TotalPageFile size 36640M (AvailPageFile size 7M)
current process WorkingSet (physical memory assigned to process): 929M, peak: 931M
current process commit charge ("private bytes"): 1007M, peak: 1010M

vm_info: OpenJDK 64-Bit Server VM (21.0.10+7-LTS) for windows-amd64 JRE (21.0.10+7-LTS), built on 2026-01-20T00:00:00Z by "admin" with MS VC++ 17.12 (VS2022)

END.
