[2026-05-01 14:15:43] live.ERROR: The user credentials were incorrect. {"exception":"[object] (Laravel\\Passport\\Exceptions\\OAuthServerException(code: 6): The user credentials were incorrect. at /home/u980949395/domains/sector71.app/public_html/vendor/laravel/passport/src/Http/Controllers/HandlesOAuthErrors.php:26)
[stacktrace]
#0 /home/u980949395/domains/sector71.app/public_html/vendor/laravel/passport/src/Http/Controllers/AccessTokenController.php(50): Laravel\\Passport\\Http\\Controllers\\AccessTokenController->withErrorHandling()
#1 /home/u980949395/domains/sector71.app/public_html/vendor/laravel/framework/src/Illuminate/Routing/ControllerDispatcher.php(46): Laravel\\Passport\\Http\\Controllers\\AccessTokenController->issueToken()
#2 /home/u980949395/domains/sector71.app/public_html/vendor/laravel/framework/src/Illuminate/Routing/Route.php(259): Illuminate\\Routing\\ControllerDispatcher->dispatch()
#3 /home/u980949395/domains/sector71.app/public_html/vendor/laravel/framework/src/Illuminate/Routing/Route.php(205): Illuminate\\Routing\\Route->runController()
#4 /home/u980949395/domains/sector71.app/public_html/vendor/laravel/framework/src/Illuminate/Routing/Router.php(798): Illuminate\\Routing\\Route->run()
#5 /home/u980949395/domains/sector71.app/public_html/vendor/laravel/framework/src/Illuminate/Pipeline/Pipeline.php(141): Illuminate\\Routing\\Router->Illuminate\\Routing\\{closure}()
#6 /home/u980949395/domains/sector71.app/public_html/vendor/laravel/framework/src/Illuminate/Routing/Middleware/ThrottleRequests.php(126): Illuminate\\Pipeline\\Pipeline->Illuminate\\Pipeline\\{closure}()
#7 /home/u980949395/domains/sector71.app/public_html/vendor/laravel/framework/src/Illuminate/Routing/Middleware/ThrottleRequests.php(57): Illuminate\\Routing\\Middleware\\ThrottleRequests->handleRequest()
#8 /home/u980949395/domains/sector71.app/public_html/vendor/laravel/framework/src/Illuminate/Pipeline/Pipeline.php(180): Illuminate\\Routing\\Middleware\\ThrottleRequests->handle()
#9 /home/u980949395/domains/sector71.app/public_html/vendor/laravel/framework/src/Illuminate/Pipeline/Pipeline.php(116): Illuminate\\Pipeline\\Pipeline->Illuminate\\Pipeline\\{closure}()
#10 /home/u980949395/domains/sector71.app/public_html/vendor/laravel/framework/src/Illuminate/Routing/Router.php(797): Illuminate\\Pipeline\\Pipeline->then()
#11 /home/u980949395/domains/sector71.app/public_html/vendor/laravel/framework/src/Illuminate/Routing/Router.php(776): Illuminate\\Routing\\Router->runRouteWithinStack()
#12 /home/u980949395/domains/sector71.app/public_html/vendor/laravel/framework/src/Illuminate/Routing/Router.php(740): Illuminate\\Routing\\Router->runRoute()
#13 /home/u980949395/domains/sector71.app/public_html/vendor/laravel/framework/src/Illuminate/Routing/Router.php(729): Illuminate\\Routing\\Router->dispatchToRoute()
#14 /home/u980949395/domains/sector71.app/public_html/vendor/laravel/framework/src/Illuminate/Foundation/Http/Kernel.php(190): Illuminate\\Routing\\Router->dispatch()
#15 /home/u980949395/domains/sector71.app/public_html/vendor/laravel/framework/src/Illuminate/Pipeline/Pipeline.php(141): Illuminate\\Foundation\\Http\\Kernel->Illuminate\\Foundation\\Http\\{closure}()
#16 /home/u980949395/domains/sector71.app/public_html/vendor/barryvdh/laravel-debugbar/src/Middleware/InjectDebugbar.php(59): Illuminate\\Pipeline\\Pipeline->Illuminate\\Pipeline\\{closure}()
#17 /home/u980949395/domains/sector71.app/public_html/vendor/laravel/framework/src/Illuminate/Pipeline/Pipeline.php(180): Barryvdh\\Debugbar\\Middleware\\InjectDebugbar->handle()
#18 /home/u980949395/domains/sector71.app/public_html/vendor/laravel/framework/src/Illuminate/Foundation/Http/Middleware/TransformsRequest.php(21): Illuminate\\Pipeline\\Pipeline->Illuminate\\Pipeline\\{closure}()
#19 /home/u980949395/domains/sector71.app/public_html/vendor/laravel/framework/src/Illuminate/Foundation/Http/Middleware/ConvertEmptyStringsToNull.php(31): Illuminate\\Foundation\\Http\\Middleware\\TransformsRequest->handle()
#20 /home/u980949395/domains/sector71.app/public_html/vendor/laravel/framework/src/Illuminate/Pipeline/Pipeline.php(180): Illuminate\\Foundation\\Http\\Middleware\\ConvertEmptyStringsToNull->handle()
#21 /home/u980949395/domains/sector71.app/public_html/vendor/laravel/framework/src/Illuminate/Foundation/Http/Middleware/TransformsRequest.php(21): Illuminate\\Pipeline\\Pipeline->Illuminate\\Pipeline\\{closure}()
#22 /home/u980949395/domains/sector71.app/public_html/vendor/laravel/framework/src/Illuminate/Foundation/Http/Middleware/TrimStrings.php(40): Illuminate\\Foundation\\Http\\Middleware\\TransformsRequest->handle()
#23 /home/u980949395/domains/sector71.app/public_html/vendor/laravel/framework/src/Illuminate/Pipeline/Pipeline.php(180): Illuminate\\Foundation\\Http\\Middleware\\TrimStrings->handle()
#24 /home/u980949395/domains/sector71.app/public_html/vendor/laravel/framework/src/Illuminate/Foundation/Http/Middleware/ValidatePostSize.php(27): Illuminate\\Pipeline\\Pipeline->Illuminate\\Pipeline\\{closure}()
#25 /home/u980949395/domains/sector71.app/public_html/vendor/laravel/framework/src/Illuminate/Pipeline/Pipeline.php(180): Illuminate\\Foundation\\Http\\Middleware\\ValidatePostSize->handle()
#26 /home/u980949395/domains/sector71.app/public_html/vendor/laravel/framework/src/Illuminate/Foundation/Http/Middleware/PreventRequestsDuringMaintenance.php(86): Illuminate\\Pipeline\\Pipeline->Illuminate\\Pipeline\\{closure}()
#27 /home/u980949395/domains/sector71.app/public_html/vendor/laravel/framework/src/Illuminate/Pipeline/Pipeline.php(180): Illuminate\\Foundation\\Http\\Middleware\\PreventRequestsDuringMaintenance->handle()
#28 /home/u980949395/domains/sector71.app/public_html/vendor/laravel/framework/src/Illuminate/Http/Middleware/HandleCors.php(49): Illuminate\\Pipeline\\Pipeline->Illuminate\\Pipeline\\{closure}()
#29 /home/u980949395/domains/sector71.app/public_html/vendor/laravel/framework/src/Illuminate/Pipeline/Pipeline.php(180): Illuminate\\Http\\Middleware\\HandleCors->handle()
#30 /home/u980949395/domains/sector71.app/public_html/app/Http/Middleware/SecurityHeaders.php(12): Illuminate\\Pipeline\\Pipeline->Illuminate\\Pipeline\\{closure}()
#31 /home/u980949395/domains/sector71.app/public_html/vendor/laravel/framework/src/Illuminate/Pipeline/Pipeline.php(180): App\\Http\\Middleware\\SecurityHeaders->handle()
#32 /home/u980949395/domains/sector71.app/public_html/vendor/laravel/framework/src/Illuminate/Http/Middleware/TrustProxies.php(39): Illuminate\\Pipeline\\Pipeline->Illuminate\\Pipeline\\{closure}()
#33 /home/u980949395/domains/sector71.app/public_html/vendor/laravel/framework/src/Illuminate/Pipeline/Pipeline.php(180): Illuminate\\Http\\Middleware\\TrustProxies->handle()
#34 /home/u980949395/domains/sector71.app/public_html/vendor/laravel/framework/src/Illuminate/Pipeline/Pipeline.php(116): Illuminate\\Pipeline\\Pipeline->Illuminate\\Pipeline\\{closure}()
#35 /home/u980949395/domains/sector71.app/public_html/vendor/laravel/framework/src/Illuminate/Foundation/Http/Kernel.php(165): Illuminate\\Pipeline\\Pipeline->then()
#36 /home/u980949395/domains/sector71.app/public_html/vendor/laravel/framework/src/Illuminate/Foundation/Http/Kernel.php(134): Illuminate\\Foundation\\Http\\Kernel->sendRequestThroughRouter()
#37 /home/u980949395/domains/sector71.app/public_html/public/index.php(51): Illuminate\\Foundation\\Http\\Kernel->handle()
#38 {main}

[previous exception] [object] (League\\OAuth2\\Server\\Exception\\OAuthServerException(code: 6): The user credentials were incorrect. at /home/u980949395/domains/sector71.app/public_html/vendor/league/oauth2-server/src/Exception/OAuthServerException.php:192)
[stacktrace]
#0 /home/u980949395/domains/sector71.app/public_html/vendor/league/oauth2-server/src/Grant/PasswordGrant.php(109): League\\OAuth2\\Server\\Exception\\OAuthServerException::invalidCredentials()
#1 /home/u980949395/domains/sector71.app/public_html/vendor/league/oauth2-server/src/Grant/PasswordGrant.php(56): League\\OAuth2\\Server\\Grant\\PasswordGrant->validateUser()
#2 /home/u980949395/domains/sector71.app/public_html/vendor/league/oauth2-server/src/AuthorizationServer.php(201): League\\OAuth2\\Server\\Grant\\PasswordGrant->respondToAccessTokenRequest()
#3 /home/u980949395/domains/sector71.app/public_html/vendor/laravel/passport/src/Http/Controllers/AccessTokenController.php(52): League\\OAuth2\\Server\\AuthorizationServer->respondToAccessTokenRequest()
#4 /home/u980949395/domains/sector71.app/public_html/vendor/laravel/passport/src/Http/Controllers/HandlesOAuthErrors.php(24): Laravel\\Passport\\Http\\Controllers\\AccessTokenController->Laravel\\Passport\\Http\\Controllers\\{closure}()
#5 /home/u980949395/domains/sector71.app/public_html/vendor/laravel/passport/src/Http/Controllers/AccessTokenController.php(50): Laravel\\Passport\\Http\\Controllers\\AccessTokenController->withErrorHandling()
#6 /home/u980949395/domains/sector71.app/public_html/vendor/laravel/framework/src/Illuminate/Routing/ControllerDispatcher.php(46): Laravel\\Passport\\Http\\Controllers\\AccessTokenController->issueToken()
#7 /home/u980949395/domains/sector71.app/public_html/vendor/laravel/framework/src/Illuminate/Routing/Route.php(259): Illuminate\\Routing\\ControllerDispatcher->dispatch()
#8 /home/u980949395/domains/sector71.app/public_html/vendor/laravel/framework/src/Illuminate/Routing/Route.php(205): Illuminate\\Routing\\Route->runController()
#9 /home/u980949395/domains/sector71.app/public_html/vendor/laravel/framework/src/Illuminate/Routing/Router.php(798): Illuminate\\Routing\\Route->run()
#10 /home/u980949395/domains/sector71.app/public_html/vendor/laravel/framework/src/Illuminate/Pipeline/Pipeline.php(141): Illuminate\\Routing\\Router->Illuminate\\Routing\\{closure}()
#11 /home/u980949395/domains/sector71.app/public_html/vendor/laravel/framework/src/Illuminate/Routing/Middleware/ThrottleRequests.php(126): Illuminate\\Pipeline\\Pipeline->Illuminate\\Pipeline\\{closure}()
#12 /home/u980949395/domains/sector71.app/public_html/vendor/laravel/framework/src/Illuminate/Routing/Middleware/ThrottleRequests.php(57): Illuminate\\Routing\\Middleware\\ThrottleRequests->handleRequest()
#13 /home/u980949395/domains/sector71.app/public_html/vendor/laravel/framework/src/Illuminate/Pipeline/Pipeline.php(180): Illuminate\\Routing\\Middleware\\ThrottleRequests->handle()
#14 /home/u980949395/domains/sector71.app/public_html/vendor/laravel/framework/src/Illuminate/Pipeline/Pipeline.php(116): Illuminate\\Pipeline\\Pipeline->Illuminate\\Pipeline\\{closure}()
#15 /home/u980949395/domains/sector71.app/public_html/vendor/laravel/framework/src/Illuminate/Routing/Router.php(797): Illuminate\\Pipeline\\Pipeline->then()
#16 /home/u980949395/domains/sector71.app/public_html/vendor/laravel/framework/src/Illuminate/Routing/Router.php(776): Illuminate\\Routing\\Router->runRouteWithinStack()
#17 /home/u980949395/domains/sector71.app/public_html/vendor/laravel/framework/src/Illuminate/Routing/Router.php(740): Illuminate\\Routing\\Router->runRoute()
#18 /home/u980949395/domains/sector71.app/public_html/vendor/laravel/framework/src/Illuminate/Routing/Router.php(729): Illuminate\\Routing\\Router->dispatchToRoute()
#19 /home/u980949395/domains/sector71.app/public_html/vendor/laravel/framework/src/Illuminate/Foundation/Http/Kernel.php(190): Illuminate\\Routing\\Router->dispatch()
#20 /home/u980949395/domains/sector71.app/public_html/vendor/laravel/framework/src/Illuminate/Pipeline/Pipeline.php(141): Illuminate\\Foundation\\Http\\Kernel->Illuminate\\Foundation\\Http\\{closure}()
#21 /home/u980949395/domains/sector71.app/public_html/vendor/barryvdh/laravel-debugbar/src/Middleware/InjectDebugbar.php(59): Illuminate\\Pipeline\\Pipeline->Illuminate\\Pipeline\\{closure}()
#22 /home/u980949395/domains/sector71.app/public_html/vendor/laravel/framework/src/Illuminate/Pipeline/Pipeline.php(180): Barryvdh\\Debugbar\\Middleware\\InjectDebugbar->handle()
#23 /home/u980949395/domains/sector71.app/public_html/vendor/laravel/framework/src/Illuminate/Foundation/Http/Middleware/TransformsRequest.php(21): Illuminate\\Pipeline\\Pipeline->Illuminate\\Pipeline\\{closure}()
#24 /home/u980949395/domains/sector71.app/public_html/vendor/laravel/framework/src/Illuminate/Foundation/Http/Middleware/ConvertEmptyStringsToNull.php(31): Illuminate\\Foundation\\Http\\Middleware\\TransformsRequest->handle()
#25 /home/u980949395/domains/sector71.app/public_html/vendor/laravel/framework/src/Illuminate/Pipeline/Pipeline.php(180): Illuminate\\Foundation\\Http\\Middleware\\ConvertEmptyStringsToNull->handle()
#26 /home/u980949395/domains/sector71.app/public_html/vendor/laravel/framework/src/Illuminate/Foundation/Http/Middleware/TransformsRequest.php(21): Illuminate\\Pipeline\\Pipeline->Illuminate\\Pipeline\\{closure}()
#27 /home/u980949395/domains/sector71.app/public_html/vendor/laravel/framework/src/Illuminate/Foundation/Http/Middleware/TrimStrings.php(40): Illuminate\\Foundation\\Http\\Middleware\\TransformsRequest->handle()
#28 /home/u980949395/domains/sector71.app/public_html/vendor/laravel/framework/src/Illuminate/Pipeline/Pipeline.php(180): Illuminate\\Foundation\\Http\\Middleware\\TrimStrings->handle()
#29 /home/u980949395/domains/sector71.app/public_html/vendor/laravel/framework/src/Illuminate/Foundation/Http/Middleware/ValidatePostSize.php(27): Illuminate\\Pipeline\\Pipeline->Illuminate\\Pipeline\\{closure}()
#30 /home/u980949395/domains/sector71.app/public_html/vendor/laravel/framework/src/Illuminate/Pipeline/Pipeline.php(180): Illuminate\\Foundation\\Http\\Middleware\\ValidatePostSize->handle()
#31 /home/u980949395/domains/sector71.app/public_html/vendor/laravel/framework/src/Illuminate/Foundation/Http/Middleware/PreventRequestsDuringMaintenance.php(86): Illuminate\\Pipeline\\Pipeline->Illuminate\\Pipeline\\{closure}()
#32 /home/u980949395/domains/sector71.app/public_html/vendor/laravel/framework/src/Illuminate/Pipeline/Pipeline.php(180): Illuminate\\Foundation\\Http\\Middleware\\PreventRequestsDuringMaintenance->handle()
#33 /home/u980949395/domains/sector71.app/public_html/vendor/laravel/framework/src/Illuminate/Http/Middleware/HandleCors.php(49): Illuminate\\Pipeline\\Pipeline->Illuminate\\Pipeline\\{closure}()
#34 /home/u980949395/domains/sector71.app/public_html/vendor/laravel/framework/src/Illuminate/Pipeline/Pipeline.php(180): Illuminate\\Http\\Middleware\\HandleCors->handle()
#35 /home/u980949395/domains/sector71.app/public_html/app/Http/Middleware/SecurityHeaders.php(12): Illuminate\\Pipeline\\Pipeline->Illuminate\\Pipeline\\{closure}()
#36 /home/u980949395/domains/sector71.app/public_html/vendor/laravel/framework/src/Illuminate/Pipeline/Pipeline.php(180): App\\Http\\Middleware\\SecurityHeaders->handle()
#37 /home/u980949395/domains/sector71.app/public_html/vendor/laravel/framework/src/Illuminate/Http/Middleware/TrustProxies.php(39): Illuminate\\Pipeline\\Pipeline->Illuminate\\Pipeline\\{closure}()
#38 /home/u980949395/domains/sector71.app/public_html/vendor/laravel/framework/src/Illuminate/Pipeline/Pipeline.php(180): Illuminate\\Http\\Middleware\\TrustProxies->handle()
#39 /home/u980949395/domains/sector71.app/public_html/vendor/laravel/framework/src/Illuminate/Pipeline/Pipeline.php(116): Illuminate\\Pipeline\\Pipeline->Illuminate\\Pipeline\\{closure}()
#40 /home/u980949395/domains/sector71.app/public_html/vendor/laravel/framework/src/Illuminate/Foundation/Http/Kernel.php(165): Illuminate\\Pipeline\\Pipeline->then()
#41 /home/u980949395/domains/sector71.app/public_html/vendor/laravel/framework/src/Illuminate/Foundation/Http/Kernel.php(134): Illuminate\\Foundation\\Http\\Kernel->sendRequestThroughRouter()
#42 /home/u980949395/domains/sector71.app/public_html/public/index.php(51): Illuminate\\Foundation\\Http\\Kernel->handle()
#43 {main}
"} 
[2026-05-01 14:45:47] live.ERROR: The user credentials were incorrect. {"exception":"[object] (Laravel\\Passport\\Exceptions\\OAuthServerException(code: 6): The user credentials were incorrect. at /home/u980949395/domains/sector71.app/public_html/vendor/laravel/passport/src/Http/Controllers/HandlesOAuthErrors.php:26)
[stacktrace]
#0 /home/u980949395/domains/sector71.app/public_html/vendor/laravel/passport/src/Http/Controllers/AccessTokenController.php(50): Laravel\\Passport\\Http\\Controllers\\AccessTokenController->withErrorHandling()
#1 /home/u980949395/domains/sector71.app/public_html/vendor/laravel/framework/src/Illuminate/Routing/ControllerDispatcher.php(46): Laravel\\Passport\\Http\\Controllers\\AccessTokenController->issueToken()
#2 /home/u980949395/domains/sector71.app/public_html/vendor/laravel/framework/src/Illuminate/Routing/Route.php(259): Illuminate\\Routing\\ControllerDispatcher->dispatch()
#3 /home/u980949395/domains/sector71.app/public_html/vendor/laravel/framework/src/Illuminate/Routing/Route.php(205): Illuminate\\Routing\\Route->runController()
#4 /home/u980949395/domains/sector71.app/public_html/vendor/laravel/framework/src/Illuminate/Routing/Router.php(798): Illuminate\\Routing\\Route->run()
#5 /home/u980949395/domains/sector71.app/public_html/vendor/laravel/framework/src/Illuminate/Pipeline/Pipeline.php(141): Illuminate\\Routing\\Router->Illuminate\\Routing\\{closure}()
#6 /home/u980949395/domains/sector71.app/public_html/vendor/laravel/framework/src/Illuminate/Routing/Middleware/ThrottleRequests.php(126): Illuminate\\Pipeline\\Pipeline->Illuminate\\Pipeline\\{closure}()
#7 /home/u980949395/domains/sector71.app/public_html/vendor/laravel/framework/src/Illuminate/Routing/Middleware/ThrottleRequests.php(57): Illuminate\\Routing\\Middleware\\ThrottleRequests->handleRequest()
#8 /home/u980949395/domains/sector71.app/public_html/vendor/laravel/framework/src/Illuminate/Pipeline/Pipeline.php(180): Illuminate\\Routing\\Middleware\\ThrottleRequests->handle()
#9 /home/u980949395/domains/sector71.app/public_html/vendor/laravel/framework/src/Illuminate/Pipeline/Pipeline.php(116): Illuminate\\Pipeline\\Pipeline->Illuminate\\Pipeline\\{closure}()
#10 /home/u980949395/domains/sector71.app/public_html/vendor/laravel/framework/src/Illuminate/Routing/Router.php(797): Illuminate\\Pipeline\\Pipeline->then()
#11 /home/u980949395/domains/sector71.app/public_html/vendor/laravel/framework/src/Illuminate/Routing/Router.php(776): Illuminate\\Routing\\Router->runRouteWithinStack()
#12 /home/u980949395/domains/sector71.app/public_html/vendor/laravel/framework/src/Illuminate/Routing/Router.php(740): Illuminate\\Routing\\Router->runRoute()
#13 /home/u980949395/domains/sector71.app/public_html/vendor/laravel/framework/src/Illuminate/Routing/Router.php(729): Illuminate\\Routing\\Router->dispatchToRoute()
#14 /home/u980949395/domains/sector71.app/public_html/vendor/laravel/framework/src/Illuminate/Foundation/Http/Kernel.php(190): Illuminate\\Routing\\Router->dispatch()
#15 /home/u980949395/domains/sector71.app/public_html/vendor/laravel/framework/src/Illuminate/Pipeline/Pipeline.php(141): Illuminate\\Foundation\\Http\\Kernel->Illuminate\\Foundation\\Http\\{closure}()
#16 /home/u980949395/domains/sector71.app/public_html/vendor/barryvdh/laravel-debugbar/src/Middleware/InjectDebugbar.php(59): Illuminate\\Pipeline\\Pipeline->Illuminate\\Pipeline\\{closure}()
#17 /home/u980949395/domains/sector71.app/public_html/vendor/laravel/framework/src/Illuminate/Pipeline/Pipeline.php(180): Barryvdh\\Debugbar\\Middleware\\InjectDebugbar->handle()
#18 /home/u980949395/domains/sector71.app/public_html/vendor/laravel/framework/src/Illuminate/Foundation/Http/Middleware/TransformsRequest.php(21): Illuminate\\Pipeline\\Pipeline->Illuminate\\Pipeline\\{closure}()
#19 /home/u980949395/domains/sector71.app/public_html/vendor/laravel/framework/src/Illuminate/Foundation/Http/Middleware/ConvertEmptyStringsToNull.php(31): Illuminate\\Foundation\\Http\\Middleware\\TransformsRequest->handle()
#20 /home/u980949395/domains/sector71.app/public_html/vendor/laravel/framework/src/Illuminate/Pipeline/Pipeline.php(180): Illuminate\\Foundation\\Http\\Middleware\\ConvertEmptyStringsToNull->handle()
#21 /home/u980949395/domains/sector71.app/public_html/vendor/laravel/framework/src/Illuminate/Foundation/Http/Middleware/TransformsRequest.php(21): Illuminate\\Pipeline\\Pipeline->Illuminate\\Pipeline\\{closure}()
#22 /home/u980949395/domains/sector71.app/public_html/vendor/laravel/framework/src/Illuminate/Foundation/Http/Middleware/TrimStrings.php(40): Illuminate\\Foundation\\Http\\Middleware\\TransformsRequest->handle()
#23 /home/u980949395/domains/sector71.app/public_html/vendor/laravel/framework/src/Illuminate/Pipeline/Pipeline.php(180): Illuminate\\Foundation\\Http\\Middleware\\TrimStrings->handle()
#24 /home/u980949395/domains/sector71.app/public_html/vendor/laravel/framework/src/Illuminate/Foundation/Http/Middleware/ValidatePostSize.php(27): Illuminate\\Pipeline\\Pipeline->Illuminate\\Pipeline\\{closure}()
#25 /home/u980949395/domains/sector71.app/public_html/vendor/laravel/framework/src/Illuminate/Pipeline/Pipeline.php(180): Illuminate\\Foundation\\Http\\Middleware\\ValidatePostSize->handle()
#26 /home/u980949395/domains/sector71.app/public_html/vendor/laravel/framework/src/Illuminate/Foundation/Http/Middleware/PreventRequestsDuringMaintenance.php(86): Illuminate\\Pipeline\\Pipeline->Illuminate\\Pipeline\\{closure}()
#27 /home/u980949395/domains/sector71.app/public_html/vendor/laravel/framework/src/Illuminate/Pipeline/Pipeline.php(180): Illuminate\\Foundation\\Http\\Middleware\\PreventRequestsDuringMaintenance->handle()
#28 /home/u980949395/domains/sector71.app/public_html/vendor/laravel/framework/src/Illuminate/Http/Middleware/HandleCors.php(49): Illuminate\\Pipeline\\Pipeline->Illuminate\\Pipeline\\{closure}()
#29 /home/u980949395/domains/sector71.app/public_html/vendor/laravel/framework/src/Illuminate/Pipeline/Pipeline.php(180): Illuminate\\Http\\Middleware\\HandleCors->handle()
#30 /home/u980949395/domains/sector71.app/public_html/app/Http/Middleware/SecurityHeaders.php(12): Illuminate\\Pipeline\\Pipeline->Illuminate\\Pipeline\\{closure}()
#31 /home/u980949395/domains/sector71.app/public_html/vendor/laravel/framework/src/Illuminate/Pipeline/Pipeline.php(180): App\\Http\\Middleware\\SecurityHeaders->handle()
#32 /home/u980949395/domains/sector71.app/public_html/vendor/laravel/framework/src/Illuminate/Http/Middleware/TrustProxies.php(39): Illuminate\\Pipeline\\Pipeline->Illuminate\\Pipeline\\{closure}()
#33 /home/u980949395/domains/sector71.app/public_html/vendor/laravel/framework/src/Illuminate/Pipeline/Pipeline.php(180): Illuminate\\Http\\Middleware\\TrustProxies->handle()
#34 /home/u980949395/domains/sector71.app/public_html/vendor/laravel/framework/src/Illuminate/Pipeline/Pipeline.php(116): Illuminate\\Pipeline\\Pipeline->Illuminate\\Pipeline\\{closure}()
#35 /home/u980949395/domains/sector71.app/public_html/vendor/laravel/framework/src/Illuminate/Foundation/Http/Kernel.php(165): Illuminate\\Pipeline\\Pipeline->then()
#36 /home/u980949395/domains/sector71.app/public_html/vendor/laravel/framework/src/Illuminate/Foundation/Http/Kernel.php(134): Illuminate\\Foundation\\Http\\Kernel->sendRequestThroughRouter()
#37 /home/u980949395/domains/sector71.app/public_html/public/index.php(51): Illuminate\\Foundation\\Http\\Kernel->handle()
#38 {main}

[previous exception] [object] (League\\OAuth2\\Server\\Exception\\OAuthServerException(code: 6): The user credentials were incorrect. at /home/u980949395/domains/sector71.app/public_html/vendor/league/oauth2-server/src/Exception/OAuthServerException.php:192)
[stacktrace]
#0 /home/u980949395/domains/sector71.app/public_html/vendor/league/oauth2-server/src/Grant/PasswordGrant.php(109): League\\OAuth2\\Server\\Exception\\OAuthServerException::invalidCredentials()
#1 /home/u980949395/domains/sector71.app/public_html/vendor/league/oauth2-server/src/Grant/PasswordGrant.php(56): League\\OAuth2\\Server\\Grant\\PasswordGrant->validateUser()
#2 /home/u980949395/domains/sector71.app/public_html/vendor/league/oauth2-server/src/AuthorizationServer.php(201): League\\OAuth2\\Server\\Grant\\PasswordGrant->respondToAccessTokenRequest()
#3 /home/u980949395/domains/sector71.app/public_html/vendor/laravel/passport/src/Http/Controllers/AccessTokenController.php(52): League\\OAuth2\\Server\\AuthorizationServer->respondToAccessTokenRequest()
#4 /home/u980949395/domains/sector71.app/public_html/vendor/laravel/passport/src/Http/Controllers/HandlesOAuthErrors.php(24): Laravel\\Passport\\Http\\Controllers\\AccessTokenController->Laravel\\Passport\\Http\\Controllers\\{closure}()
#5 /home/u980949395/domains/sector71.app/public_html/vendor/laravel/passport/src/Http/Controllers/AccessTokenController.php(50): Laravel\\Passport\\Http\\Controllers\\AccessTokenController->withErrorHandling()
#6 /home/u980949395/domains/sector71.app/public_html/vendor/laravel/framework/src/Illuminate/Routing/ControllerDispatcher.php(46): Laravel\\Passport\\Http\\Controllers\\AccessTokenController->issueToken()
#7 /home/u980949395/domains/sector71.app/public_html/vendor/laravel/framework/src/Illuminate/Routing/Route.php(259): Illuminate\\Routing\\ControllerDispatcher->dispatch()
#8 /home/u980949395/domains/sector71.app/public_html/vendor/laravel/framework/src/Illuminate/Routing/Route.php(205): Illuminate\\Routing\\Route->runController()
#9 /home/u980949395/domains/sector71.app/public_html/vendor/laravel/framework/src/Illuminate/Routing/Router.php(798): Illuminate\\Routing\\Route->run()
#10 /home/u980949395/domains/sector71.app/public_html/vendor/laravel/framework/src/Illuminate/Pipeline/Pipeline.php(141): Illuminate\\Routing\\Router->Illuminate\\Routing\\{closure}()
#11 /home/u980949395/domains/sector71.app/public_html/vendor/laravel/framework/src/Illuminate/Routing/Middleware/ThrottleRequests.php(126): Illuminate\\Pipeline\\Pipeline->Illuminate\\Pipeline\\{closure}()
#12 /home/u980949395/domains/sector71.app/public_html/vendor/laravel/framework/src/Illuminate/Routing/Middleware/ThrottleRequests.php(57): Illuminate\\Routing\\Middleware\\ThrottleRequests->handleRequest()
#13 /home/u980949395/domains/sector71.app/public_html/vendor/laravel/framework/src/Illuminate/Pipeline/Pipeline.php(180): Illuminate\\Routing\\Middleware\\ThrottleRequests->handle()
#14 /home/u980949395/domains/sector71.app/public_html/vendor/laravel/framework/src/Illuminate/Pipeline/Pipeline.php(116): Illuminate\\Pipeline\\Pipeline->Illuminate\\Pipeline\\{closure}()
#15 /home/u980949395/domains/sector71.app/public_html/vendor/laravel/framework/src/Illuminate/Routing/Router.php(797): Illuminate\\Pipeline\\Pipeline->then()
#16 /home/u980949395/domains/sector71.app/public_html/vendor/laravel/framework/src/Illuminate/Routing/Router.php(776): Illuminate\\Routing\\Router->runRouteWithinStack()
#17 /home/u980949395/domains/sector71.app/public_html/vendor/laravel/framework/src/Illuminate/Routing/Router.php(740): Illuminate\\Routing\\Router->runRoute()
#18 /home/u980949395/domains/sector71.app/public_html/vendor/laravel/framework/src/Illuminate/Routing/Router.php(729): Illuminate\\Routing\\Router->dispatchToRoute()
#19 /home/u980949395/domains/sector71.app/public_html/vendor/laravel/framework/src/Illuminate/Foundation/Http/Kernel.php(190): Illuminate\\Routing\\Router->dispatch()
#20 /home/u980949395/domains/sector71.app/public_html/vendor/laravel/framework/src/Illuminate/Pipeline/Pipeline.php(141): Illuminate\\Foundation\\Http\\Kernel->Illuminate\\Foundation\\Http\\{closure}()
#21 /home/u980949395/domains/sector71.app/public_html/vendor/barryvdh/laravel-debugbar/src/Middleware/InjectDebugbar.php(59): Illuminate\\Pipeline\\Pipeline->Illuminate\\Pipeline\\{closure}()
#22 /home/u980949395/domains/sector71.app/public_html/vendor/laravel/framework/src/Illuminate/Pipeline/Pipeline.php(180): Barryvdh\\Debugbar\\Middleware\\InjectDebugbar->handle()
#23 /home/u980949395/domains/sector71.app/public_html/vendor/laravel/framework/src/Illuminate/Foundation/Http/Middleware/TransformsRequest.php(21): Illuminate\\Pipeline\\Pipeline->Illuminate\\Pipeline\\{closure}()
#24 /home/u980949395/domains/sector71.app/public_html/vendor/laravel/framework/src/Illuminate/Foundation/Http/Middleware/ConvertEmptyStringsToNull.php(31): Illuminate\\Foundation\\Http\\Middleware\\TransformsRequest->handle()
#25 /home/u980949395/domains/sector71.app/public_html/vendor/laravel/framework/src/Illuminate/Pipeline/Pipeline.php(180): Illuminate\\Foundation\\Http\\Middleware\\ConvertEmptyStringsToNull->handle()
#26 /home/u980949395/domains/sector71.app/public_html/vendor/laravel/framework/src/Illuminate/Foundation/Http/Middleware/TransformsRequest.php(21): Illuminate\\Pipeline\\Pipeline->Illuminate\\Pipeline\\{closure}()
#27 /home/u980949395/domains/sector71.app/public_html/vendor/laravel/framework/src/Illuminate/Foundation/Http/Middleware/TrimStrings.php(40): Illuminate\\Foundation\\Http\\Middleware\\TransformsRequest->handle()
#28 /home/u980949395/domains/sector71.app/public_html/vendor/laravel/framework/src/Illuminate/Pipeline/Pipeline.php(180): Illuminate\\Foundation\\Http\\Middleware\\TrimStrings->handle()
#29 /home/u980949395/domains/sector71.app/public_html/vendor/laravel/framework/src/Illuminate/Foundation/Http/Middleware/ValidatePostSize.php(27): Illuminate\\Pipeline\\Pipeline->Illuminate\\Pipeline\\{closure}()
#30 /home/u980949395/domains/sector71.app/public_html/vendor/laravel/framework/src/Illuminate/Pipeline/Pipeline.php(180): Illuminate\\Foundation\\Http\\Middleware\\ValidatePostSize->handle()
#31 /home/u980949395/domains/sector71.app/public_html/vendor/laravel/framework/src/Illuminate/Foundation/Http/Middleware/PreventRequestsDuringMaintenance.php(86): Illuminate\\Pipeline\\Pipeline->Illuminate\\Pipeline\\{closure}()
#32 /home/u980949395/domains/sector71.app/public_html/vendor/laravel/framework/src/Illuminate/Pipeline/Pipeline.php(180): Illuminate\\Foundation\\Http\\Middleware\\PreventRequestsDuringMaintenance->handle()
#33 /home/u980949395/domains/sector71.app/public_html/vendor/laravel/framework/src/Illuminate/Http/Middleware/HandleCors.php(49): Illuminate\\Pipeline\\Pipeline->Illuminate\\Pipeline\\{closure}()
#34 /home/u980949395/domains/sector71.app/public_html/vendor/laravel/framework/src/Illuminate/Pipeline/Pipeline.php(180): Illuminate\\Http\\Middleware\\HandleCors->handle()
#35 /home/u980949395/domains/sector71.app/public_html/app/Http/Middleware/SecurityHeaders.php(12): Illuminate\\Pipeline\\Pipeline->Illuminate\\Pipeline\\{closure}()
#36 /home/u980949395/domains/sector71.app/public_html/vendor/laravel/framework/src/Illuminate/Pipeline/Pipeline.php(180): App\\Http\\Middleware\\SecurityHeaders->handle()
#37 /home/u980949395/domains/sector71.app/public_html/vendor/laravel/framework/src/Illuminate/Http/Middleware/TrustProxies.php(39): Illuminate\\Pipeline\\Pipeline->Illuminate\\Pipeline\\{closure}()
#38 /home/u980949395/domains/sector71.app/public_html/vendor/laravel/framework/src/Illuminate/Pipeline/Pipeline.php(180): Illuminate\\Http\\Middleware\\TrustProxies->handle()
#39 /home/u980949395/domains/sector71.app/public_html/vendor/laravel/framework/src/Illuminate/Pipeline/Pipeline.php(116): Illuminate\\Pipeline\\Pipeline->Illuminate\\Pipeline\\{closure}()
#40 /home/u980949395/domains/sector71.app/public_html/vendor/laravel/framework/src/Illuminate/Foundation/Http/Kernel.php(165): Illuminate\\Pipeline\\Pipeline->then()
#41 /home/u980949395/domains/sector71.app/public_html/vendor/laravel/framework/src/Illuminate/Foundation/Http/Kernel.php(134): Illuminate\\Foundation\\Http\\Kernel->sendRequestThroughRouter()
#42 /home/u980949395/domains/sector71.app/public_html/public/index.php(51): Illuminate\\Foundation\\Http\\Kernel->handle()
#43 {main}
"} 
[2026-05-01 15:29:52] live.ERROR: syntax error, unexpected token "<<" {"exception":"[object] (ParseError(code: 0): syntax error, unexpected token \"<<\" at /home/u980949395/domains/sector71.app/public_html/Modules/Hms/Http/Controllers/HmsBookingController.php:286)
[stacktrace]
#0 /home/u980949395/domains/sector71.app/public_html/vendor/composer/ClassLoader.php(427): Composer\\Autoload\\{closure}()
#1 [internal function]: Composer\\Autoload\\ClassLoader->loadClass()
#2 /home/u980949395/domains/sector71.app/public_html/vendor/laravel/framework/src/Illuminate/Routing/Route.php(1091): is_a()
#3 /home/u980949395/domains/sector71.app/public_html/vendor/laravel/framework/src/Illuminate/Routing/Route.php(1030): Illuminate\\Routing\\Route->controllerMiddleware()
#4 /home/u980949395/domains/sector71.app/public_html/vendor/laravel/framework/src/Illuminate/Routing/Router.php(810): Illuminate\\Routing\\Route->gatherMiddleware()
#5 /home/u980949395/domains/sector71.app/public_html/vendor/laravel/framework/src/Illuminate/Foundation/Console/RouteListCommand.php(210): Illuminate\\Routing\\Router->gatherRouteMiddleware()
#6 /home/u980949395/domains/sector71.app/public_html/vendor/laravel/framework/src/Illuminate/Foundation/Console/RouteListCommand.php(155): Illuminate\\Foundation\\Console\\RouteListCommand->getMiddleware()
#7 /home/u980949395/domains/sector71.app/public_html/vendor/laravel/framework/src/Illuminate/Foundation/Console/RouteListCommand.php(125): Illuminate\\Foundation\\Console\\RouteListCommand->getRouteInformation()
#8 [internal function]: Illuminate\\Foundation\\Console\\RouteListCommand->Illuminate\\Foundation\\Console\\{closure}()
#9 /home/u980949395/domains/sector71.app/public_html/vendor/laravel/framework/src/Illuminate/Collections/Arr.php(560): array_map()
#10 /home/u980949395/domains/sector71.app/public_html/vendor/laravel/framework/src/Illuminate/Collections/Collection.php(768): Illuminate\\Support\\Arr::map()
#11 /home/u980949395/domains/sector71.app/public_html/vendor/laravel/framework/src/Illuminate/Foundation/Console/RouteListCommand.php(124): Illuminate\\Support\\Collection->map()
#12 /home/u980949395/domains/sector71.app/public_html/vendor/laravel/framework/src/Illuminate/Foundation/Console/RouteListCommand.php(110): Illuminate\\Foundation\\Console\\RouteListCommand->getRoutes()
#13 /home/u980949395/domains/sector71.app/public_html/vendor/laravel/framework/src/Illuminate/Container/BoundMethod.php(36): Illuminate\\Foundation\\Console\\RouteListCommand->handle()
#14 /home/u980949395/domains/sector71.app/public_html/vendor/laravel/framework/src/Illuminate/Container/Util.php(41): Illuminate\\Container\\BoundMethod::Illuminate\\Container\\{closure}()
#15 /home/u980949395/domains/sector71.app/public_html/vendor/laravel/framework/src/Illuminate/Container/BoundMethod.php(93): Illuminate\\Container\\Util::unwrapIfClosure()
#16 /home/u980949395/domains/sector71.app/public_html/vendor/laravel/framework/src/Illuminate/Container/BoundMethod.php(35): Illuminate\\Container\\BoundMethod::callBoundMethod()
#17 /home/u980949395/domains/sector71.app/public_html/vendor/laravel/framework/src/Illuminate/Container/Container.php(661): Illuminate\\Container\\BoundMethod::call()
#18 /home/u980949395/domains/sector71.app/public_html/vendor/laravel/framework/src/Illuminate/Console/Command.php(183): Illuminate\\Container\\Container->call()
#19 /home/u980949395/domains/sector71.app/public_html/vendor/symfony/console/Command/Command.php(312): Illuminate\\Console\\Command->execute()
#20 /home/u980949395/domains/sector71.app/public_html/vendor/laravel/framework/src/Illuminate/Console/Command.php(152): Symfony\\Component\\Console\\Command\\Command->run()
#21 /home/u980949395/domains/sector71.app/public_html/vendor/symfony/console/Application.php(1022): Illuminate\\Console\\Command->run()
#22 /home/u980949395/domains/sector71.app/public_html/vendor/symfony/console/Application.php(314): Symfony\\Component\\Console\\Application->doRunCommand()
#23 /home/u980949395/domains/sector71.app/public_html/vendor/symfony/console/Application.php(168): Symfony\\Component\\Console\\Application->doRun()
#24 /home/u980949395/domains/sector71.app/public_html/vendor/laravel/framework/src/Illuminate/Console/Application.php(102): Symfony\\Component\\Console\\Application->run()
#25 /home/u980949395/domains/sector71.app/public_html/vendor/laravel/framework/src/Illuminate/Foundation/Console/Kernel.php(155): Illuminate\\Console\\Application->run()
#26 /home/u980949395/domains/sector71.app/public_html/artisan(35): Illuminate\\Foundation\\Console\\Kernel->handle()
#27 {main}
"} 
[2026-05-01 17:45:52] live.ERROR: The user credentials were incorrect. {"exception":"[object] (Laravel\\Passport\\Exceptions\\OAuthServerException(code: 6): The user credentials were incorrect. at /home/u980949395/domains/sector71.app/public_html/vendor/laravel/passport/src/Http/Controllers/HandlesOAuthErrors.php:26)
[stacktrace]
#0 /home/u980949395/domains/sector71.app/public_html/vendor/laravel/passport/src/Http/Controllers/AccessTokenController.php(50): Laravel\\Passport\\Http\\Controllers\\AccessTokenController->withErrorHandling()
#1 /home/u980949395/domains/sector71.app/public_html/vendor/laravel/framework/src/Illuminate/Routing/ControllerDispatcher.php(46): Laravel\\Passport\\Http\\Controllers\\AccessTokenController->issueToken()
#2 /home/u980949395/domains/sector71.app/public_html/vendor/laravel/framework/src/Illuminate/Routing/Route.php(259): Illuminate\\Routing\\ControllerDispatcher->dispatch()
#3 /home/u980949395/domains/sector71.app/public_html/vendor/laravel/framework/src/Illuminate/Routing/Route.php(205): Illuminate\\Routing\\Route->runController()
#4 /home/u980949395/domains/sector71.app/public_html/vendor/laravel/framework/src/Illuminate/Routing/Router.php(798): Illuminate\\Routing\\Route->run()
#5 /home/u980949395/domains/sector71.app/public_html/vendor/laravel/framework/src/Illuminate/Pipeline/Pipeline.php(141): Illuminate\\Routing\\Router->Illuminate\\Routing\\{closure}()
#6 /home/u980949395/domains/sector71.app/public_html/vendor/laravel/framework/src/Illuminate/Routing/Middleware/ThrottleRequests.php(126): Illuminate\\Pipeline\\Pipeline->Illuminate\\Pipeline\\{closure}()
#7 /home/u980949395/domains/sector71.app/public_html/vendor/laravel/framework/src/Illuminate/Routing/Middleware/ThrottleRequests.php(57): Illuminate\\Routing\\Middleware\\ThrottleRequests->handleRequest()
#8 /home/u980949395/domains/sector71.app/public_html/vendor/laravel/framework/src/Illuminate/Pipeline/Pipeline.php(180): Illuminate\\Routing\\Middleware\\ThrottleRequests->handle()
#9 /home/u980949395/domains/sector71.app/public_html/vendor/laravel/framework/src/Illuminate/Pipeline/Pipeline.php(116): Illuminate\\Pipeline\\Pipeline->Illuminate\\Pipeline\\{closure}()
#10 /home/u980949395/domains/sector71.app/public_html/vendor/laravel/framework/src/Illuminate/Routing/Router.php(797): Illuminate\\Pipeline\\Pipeline->then()
#11 /home/u980949395/domains/sector71.app/public_html/vendor/laravel/framework/src/Illuminate/Routing/Router.php(776): Illuminate\\Routing\\Router->runRouteWithinStack()
#12 /home/u980949395/domains/sector71.app/public_html/vendor/laravel/framework/src/Illuminate/Routing/Router.php(740): Illuminate\\Routing\\Router->runRoute()
#13 /home/u980949395/domains/sector71.app/public_html/vendor/laravel/framework/src/Illuminate/Routing/Router.php(729): Illuminate\\Routing\\Router->dispatchToRoute()
#14 /home/u980949395/domains/sector71.app/public_html/vendor/laravel/framework/src/Illuminate/Foundation/Http/Kernel.php(190): Illuminate\\Routing\\Router->dispatch()
#15 /home/u980949395/domains/sector71.app/public_html/vendor/laravel/framework/src/Illuminate/Pipeline/Pipeline.php(141): Illuminate\\Foundation\\Http\\Kernel->Illuminate\\Foundation\\Http\\{closure}()
#16 /home/u980949395/domains/sector71.app/public_html/vendor/barryvdh/laravel-debugbar/src/Middleware/InjectDebugbar.php(59): Illuminate\\Pipeline\\Pipeline->Illuminate\\Pipeline\\{closure}()
#17 /home/u980949395/domains/sector71.app/public_html/vendor/laravel/framework/src/Illuminate/Pipeline/Pipeline.php(180): Barryvdh\\Debugbar\\Middleware\\InjectDebugbar->handle()
#18 /home/u980949395/domains/sector71.app/public_html/vendor/laravel/framework/src/Illuminate/Foundation/Http/Middleware/TransformsRequest.php(21): Illuminate\\Pipeline\\Pipeline->Illuminate\\Pipeline\\{closure}()
#19 /home/u980949395/domains/sector71.app/public_html/vendor/laravel/framework/src/Illuminate/Foundation/Http/Middleware/ConvertEmptyStringsToNull.php(31): Illuminate\\Foundation\\Http\\Middleware\\TransformsRequest->handle()
#20 /home/u980949395/domains/sector71.app/public_html/vendor/laravel/framework/src/Illuminate/Pipeline/Pipeline.php(180): Illuminate\\Foundation\\Http\\Middleware\\ConvertEmptyStringsToNull->handle()
#21 /home/u980949395/domains/sector71.app/public_html/vendor/laravel/framework/src/Illuminate/Foundation/Http/Middleware/TransformsRequest.php(21): Illuminate\\Pipeline\\Pipeline->Illuminate\\Pipeline\\{closure}()
#22 /home/u980949395/domains/sector71.app/public_html/vendor/laravel/framework/src/Illuminate/Foundation/Http/Middleware/TrimStrings.php(40): Illuminate\\Foundation\\Http\\Middleware\\TransformsRequest->handle()
#23 /home/u980949395/domains/sector71.app/public_html/vendor/laravel/framework/src/Illuminate/Pipeline/Pipeline.php(180): Illuminate\\Foundation\\Http\\Middleware\\TrimStrings->handle()
#24 /home/u980949395/domains/sector71.app/public_html/vendor/laravel/framework/src/Illuminate/Foundation/Http/Middleware/ValidatePostSize.php(27): Illuminate\\Pipeline\\Pipeline->Illuminate\\Pipeline\\{closure}()
#25 /home/u980949395/domains/sector71.app/public_html/vendor/laravel/framework/src/Illuminate/Pipeline/Pipeline.php(180): Illuminate\\Foundation\\Http\\Middleware\\ValidatePostSize->handle()
#26 /home/u980949395/domains/sector71.app/public_html/vendor/laravel/framework/src/Illuminate/Foundation/Http/Middleware/PreventRequestsDuringMaintenance.php(86): Illuminate\\Pipeline\\Pipeline->Illuminate\\Pipeline\\{closure}()
#27 /home/u980949395/domains/sector71.app/public_html/vendor/laravel/framework/src/Illuminate/Pipeline/Pipeline.php(180): Illuminate\\Foundation\\Http\\Middleware\\PreventRequestsDuringMaintenance->handle()
#28 /home/u980949395/domains/sector71.app/public_html/vendor/laravel/framework/src/Illuminate/Http/Middleware/HandleCors.php(49): Illuminate\\Pipeline\\Pipeline->Illuminate\\Pipeline\\{closure}()
#29 /home/u980949395/domains/sector71.app/public_html/vendor/laravel/framework/src/Illuminate/Pipeline/Pipeline.php(180): Illuminate\\Http\\Middleware\\HandleCors->handle()
#30 /home/u980949395/domains/sector71.app/public_html/app/Http/Middleware/SecurityHeaders.php(12): Illuminate\\Pipeline\\Pipeline->Illuminate\\Pipeline\\{closure}()
#31 /home/u980949395/domains/sector71.app/public_html/vendor/laravel/framework/src/Illuminate/Pipeline/Pipeline.php(180): App\\Http\\Middleware\\SecurityHeaders->handle()
#32 /home/u980949395/domains/sector71.app/public_html/vendor/laravel/framework/src/Illuminate/Http/Middleware/TrustProxies.php(39): Illuminate\\Pipeline\\Pipeline->Illuminate\\Pipeline\\{closure}()
#33 /home/u980949395/domains/sector71.app/public_html/vendor/laravel/framework/src/Illuminate/Pipeline/Pipeline.php(180): Illuminate\\Http\\Middleware\\TrustProxies->handle()
#34 /home/u980949395/domains/sector71.app/public_html/vendor/laravel/framework/src/Illuminate/Pipeline/Pipeline.php(116): Illuminate\\Pipeline\\Pipeline->Illuminate\\Pipeline\\{closure}()
#35 /home/u980949395/domains/sector71.app/public_html/vendor/laravel/framework/src/Illuminate/Foundation/Http/Kernel.php(165): Illuminate\\Pipeline\\Pipeline->then()
#36 /home/u980949395/domains/sector71.app/public_html/vendor/laravel/framework/src/Illuminate/Foundation/Http/Kernel.php(134): Illuminate\\Foundation\\Http\\Kernel->sendRequestThroughRouter()
#37 /home/u980949395/domains/sector71.app/public_html/public/index.php(51): Illuminate\\Foundation\\Http\\Kernel->handle()
#38 {main}

[previous exception] [object] (League\\OAuth2\\Server\\Exception\\OAuthServerException(code: 6): The user credentials were incorrect. at /home/u980949395/domains/sector71.app/public_html/vendor/league/oauth2-server/src/Exception/OAuthServerException.php:192)
[stacktrace]
#0 /home/u980949395/domains/sector71.app/public_html/vendor/league/oauth2-server/src/Grant/PasswordGrant.php(109): League\\OAuth2\\Server\\Exception\\OAuthServerException::invalidCredentials()
#1 /home/u980949395/domains/sector71.app/public_html/vendor/league/oauth2-server/src/Grant/PasswordGrant.php(56): League\\OAuth2\\Server\\Grant\\PasswordGrant->validateUser()
#2 /home/u980949395/domains/sector71.app/public_html/vendor/league/oauth2-server/src/AuthorizationServer.php(201): League\\OAuth2\\Server\\Grant\\PasswordGrant->respondToAccessTokenRequest()
#3 /home/u980949395/domains/sector71.app/public_html/vendor/laravel/passport/src/Http/Controllers/AccessTokenController.php(52): League\\OAuth2\\Server\\AuthorizationServer->respondToAccessTokenRequest()
#4 /home/u980949395/domains/sector71.app/public_html/vendor/laravel/passport/src/Http/Controllers/HandlesOAuthErrors.php(24): Laravel\\Passport\\Http\\Controllers\\AccessTokenController->Laravel\\Passport\\Http\\Controllers\\{closure}()
#5 /home/u980949395/domains/sector71.app/public_html/vendor/laravel/passport/src/Http/Controllers/AccessTokenController.php(50): Laravel\\Passport\\Http\\Controllers\\AccessTokenController->withErrorHandling()
#6 /home/u980949395/domains/sector71.app/public_html/vendor/laravel/framework/src/Illuminate/Routing/ControllerDispatcher.php(46): Laravel\\Passport\\Http\\Controllers\\AccessTokenController->issueToken()
#7 /home/u980949395/domains/sector71.app/public_html/vendor/laravel/framework/src/Illuminate/Routing/Route.php(259): Illuminate\\Routing\\ControllerDispatcher->dispatch()
#8 /home/u980949395/domains/sector71.app/public_html/vendor/laravel/framework/src/Illuminate/Routing/Route.php(205): Illuminate\\Routing\\Route->runController()
#9 /home/u980949395/domains/sector71.app/public_html/vendor/laravel/framework/src/Illuminate/Routing/Router.php(798): Illuminate\\Routing\\Route->run()
#10 /home/u980949395/domains/sector71.app/public_html/vendor/laravel/framework/src/Illuminate/Pipeline/Pipeline.php(141): Illuminate\\Routing\\Router->Illuminate\\Routing\\{closure}()
#11 /home/u980949395/domains/sector71.app/public_html/vendor/laravel/framework/src/Illuminate/Routing/Middleware/ThrottleRequests.php(126): Illuminate\\Pipeline\\Pipeline->Illuminate\\Pipeline\\{closure}()
#12 /home/u980949395/domains/sector71.app/public_html/vendor/laravel/framework/src/Illuminate/Routing/Middleware/ThrottleRequests.php(57): Illuminate\\Routing\\Middleware\\ThrottleRequests->handleRequest()
#13 /home/u980949395/domains/sector71.app/public_html/vendor/laravel/framework/src/Illuminate/Pipeline/Pipeline.php(180): Illuminate\\Routing\\Middleware\\ThrottleRequests->handle()
#14 /home/u980949395/domains/sector71.app/public_html/vendor/laravel/framework/src/Illuminate/Pipeline/Pipeline.php(116): Illuminate\\Pipeline\\Pipeline->Illuminate\\Pipeline\\{closure}()
#15 /home/u980949395/domains/sector71.app/public_html/vendor/laravel/framework/src/Illuminate/Routing/Router.php(797): Illuminate\\Pipeline\\Pipeline->then()
#16 /home/u980949395/domains/sector71.app/public_html/vendor/laravel/framework/src/Illuminate/Routing/Router.php(776): Illuminate\\Routing\\Router->runRouteWithinStack()
#17 /home/u980949395/domains/sector71.app/public_html/vendor/laravel/framework/src/Illuminate/Routing/Router.php(740): Illuminate\\Routing\\Router->runRoute()
#18 /home/u980949395/domains/sector71.app/public_html/vendor/laravel/framework/src/Illuminate/Routing/Router.php(729): Illuminate\\Routing\\Router->dispatchToRoute()
#19 /home/u980949395/domains/sector71.app/public_html/vendor/laravel/framework/src/Illuminate/Foundation/Http/Kernel.php(190): Illuminate\\Routing\\Router->dispatch()
#20 /home/u980949395/domains/sector71.app/public_html/vendor/laravel/framework/src/Illuminate/Pipeline/Pipeline.php(141): Illuminate\\Foundation\\Http\\Kernel->Illuminate\\Foundation\\Http\\{closure}()
#21 /home/u980949395/domains/sector71.app/public_html/vendor/barryvdh/laravel-debugbar/src/Middleware/InjectDebugbar.php(59): Illuminate\\Pipeline\\Pipeline->Illuminate\\Pipeline\\{closure}()
#22 /home/u980949395/domains/sector71.app/public_html/vendor/laravel/framework/src/Illuminate/Pipeline/Pipeline.php(180): Barryvdh\\Debugbar\\Middleware\\InjectDebugbar->handle()
#23 /home/u980949395/domains/sector71.app/public_html/vendor/laravel/framework/src/Illuminate/Foundation/Http/Middleware/TransformsRequest.php(21): Illuminate\\Pipeline\\Pipeline->Illuminate\\Pipeline\\{closure}()
#24 /home/u980949395/domains/sector71.app/public_html/vendor/laravel/framework/src/Illuminate/Foundation/Http/Middleware/ConvertEmptyStringsToNull.php(31): Illuminate\\Foundation\\Http\\Middleware\\TransformsRequest->handle()
#25 /home/u980949395/domains/sector71.app/public_html/vendor/laravel/framework/src/Illuminate/Pipeline/Pipeline.php(180): Illuminate\\Foundation\\Http\\Middleware\\ConvertEmptyStringsToNull->handle()
#26 /home/u980949395/domains/sector71.app/public_html/vendor/laravel/framework/src/Illuminate/Foundation/Http/Middleware/TransformsRequest.php(21): Illuminate\\Pipeline\\Pipeline->Illuminate\\Pipeline\\{closure}()
#27 /home/u980949395/domains/sector71.app/public_html/vendor/laravel/framework/src/Illuminate/Foundation/Http/Middleware/TrimStrings.php(40): Illuminate\\Foundation\\Http\\Middleware\\TransformsRequest->handle()
#28 /home/u980949395/domains/sector71.app/public_html/vendor/laravel/framework/src/Illuminate/Pipeline/Pipeline.php(180): Illuminate\\Foundation\\Http\\Middleware\\TrimStrings->handle()
#29 /home/u980949395/domains/sector71.app/public_html/vendor/laravel/framework/src/Illuminate/Foundation/Http/Middleware/ValidatePostSize.php(27): Illuminate\\Pipeline\\Pipeline->Illuminate\\Pipeline\\{closure}()
#30 /home/u980949395/domains/sector71.app/public_html/vendor/laravel/framework/src/Illuminate/Pipeline/Pipeline.php(180): Illuminate\\Foundation\\Http\\Middleware\\ValidatePostSize->handle()
#31 /home/u980949395/domains/sector71.app/public_html/vendor/laravel/framework/src/Illuminate/Foundation/Http/Middleware/PreventRequestsDuringMaintenance.php(86): Illuminate\\Pipeline\\Pipeline->Illuminate\\Pipeline\\{closure}()
#32 /home/u980949395/domains/sector71.app/public_html/vendor/laravel/framework/src/Illuminate/Pipeline/Pipeline.php(180): Illuminate\\Foundation\\Http\\Middleware\\PreventRequestsDuringMaintenance->handle()
#33 /home/u980949395/domains/sector71.app/public_html/vendor/laravel/framework/src/Illuminate/Http/Middleware/HandleCors.php(49): Illuminate\\Pipeline\\Pipeline->Illuminate\\Pipeline\\{closure}()
#34 /home/u980949395/domains/sector71.app/public_html/vendor/laravel/framework/src/Illuminate/Pipeline/Pipeline.php(180): Illuminate\\Http\\Middleware\\HandleCors->handle()
#35 /home/u980949395/domains/sector71.app/public_html/app/Http/Middleware/SecurityHeaders.php(12): Illuminate\\Pipeline\\Pipeline->Illuminate\\Pipeline\\{closure}()
#36 /home/u980949395/domains/sector71.app/public_html/vendor/laravel/framework/src/Illuminate/Pipeline/Pipeline.php(180): App\\Http\\Middleware\\SecurityHeaders->handle()
#37 /home/u980949395/domains/sector71.app/public_html/vendor/laravel/framework/src/Illuminate/Http/Middleware/TrustProxies.php(39): Illuminate\\Pipeline\\Pipeline->Illuminate\\Pipeline\\{closure}()
#38 /home/u980949395/domains/sector71.app/public_html/vendor/laravel/framework/src/Illuminate/Pipeline/Pipeline.php(180): Illuminate\\Http\\Middleware\\TrustProxies->handle()
#39 /home/u980949395/domains/sector71.app/public_html/vendor/laravel/framework/src/Illuminate/Pipeline/Pipeline.php(116): Illuminate\\Pipeline\\Pipeline->Illuminate\\Pipeline\\{closure}()
#40 /home/u980949395/domains/sector71.app/public_html/vendor/laravel/framework/src/Illuminate/Foundation/Http/Kernel.php(165): Illuminate\\Pipeline\\Pipeline->then()
#41 /home/u980949395/domains/sector71.app/public_html/vendor/laravel/framework/src/Illuminate/Foundation/Http/Kernel.php(134): Illuminate\\Foundation\\Http\\Kernel->sendRequestThroughRouter()
#42 /home/u980949395/domains/sector71.app/public_html/public/index.php(51): Illuminate\\Foundation\\Http\\Kernel->handle()
#43 {main}
"} 
[2026-05-01 17:46:05] live.ERROR: The user credentials were incorrect. {"exception":"[object] (Laravel\\Passport\\Exceptions\\OAuthServerException(code: 6): The user credentials were incorrect. at /home/u980949395/domains/sector71.app/public_html/vendor/laravel/passport/src/Http/Controllers/HandlesOAuthErrors.php:26)
[stacktrace]
#0 /home/u980949395/domains/sector71.app/public_html/vendor/laravel/passport/src/Http/Controllers/AccessTokenController.php(50): Laravel\\Passport\\Http\\Controllers\\AccessTokenController->withErrorHandling()
#1 /home/u980949395/domains/sector71.app/public_html/vendor/laravel/framework/src/Illuminate/Routing/ControllerDispatcher.php(46): Laravel\\Passport\\Http\\Controllers\\AccessTokenController->issueToken()
#2 /home/u980949395/domains/sector71.app/public_html/vendor/laravel/framework/src/Illuminate/Routing/Route.php(259): Illuminate\\Routing\\ControllerDispatcher->dispatch()
#3 /home/u980949395/domains/sector71.app/public_html/vendor/laravel/framework/src/Illuminate/Routing/Route.php(205): Illuminate\\Routing\\Route->runController()
#4 /home/u980949395/domains/sector71.app/public_html/vendor/laravel/framework/src/Illuminate/Routing/Router.php(798): Illuminate\\Routing\\Route->run()
#5 /home/u980949395/domains/sector71.app/public_html/vendor/laravel/framework/src/Illuminate/Pipeline/Pipeline.php(141): Illuminate\\Routing\\Router->Illuminate\\Routing\\{closure}()
#6 /home/u980949395/domains/sector71.app/public_html/vendor/laravel/framework/src/Illuminate/Routing/Middleware/ThrottleRequests.php(126): Illuminate\\Pipeline\\Pipeline->Illuminate\\Pipeline\\{closure}()
#7 /home/u980949395/domains/sector71.app/public_html/vendor/laravel/framework/src/Illuminate/Routing/Middleware/ThrottleRequests.php(57): Illuminate\\Routing\\Middleware\\ThrottleRequests->handleRequest()
#8 /home/u980949395/domains/sector71.app/public_html/vendor/laravel/framework/src/Illuminate/Pipeline/Pipeline.php(180): Illuminate\\Routing\\Middleware\\ThrottleRequests->handle()
#9 /home/u980949395/domains/sector71.app/public_html/vendor/laravel/framework/src/Illuminate/Pipeline/Pipeline.php(116): Illuminate\\Pipeline\\Pipeline->Illuminate\\Pipeline\\{closure}()
#10 /home/u980949395/domains/sector71.app/public_html/vendor/laravel/framework/src/Illuminate/Routing/Router.php(797): Illuminate\\Pipeline\\Pipeline->then()
#11 /home/u980949395/domains/sector71.app/public_html/vendor/laravel/framework/src/Illuminate/Routing/Router.php(776): Illuminate\\Routing\\Router->runRouteWithinStack()
#12 /home/u980949395/domains/sector71.app/public_html/vendor/laravel/framework/src/Illuminate/Routing/Router.php(740): Illuminate\\Routing\\Router->runRoute()
#13 /home/u980949395/domains/sector71.app/public_html/vendor/laravel/framework/src/Illuminate/Routing/Router.php(729): Illuminate\\Routing\\Router->dispatchToRoute()
#14 /home/u980949395/domains/sector71.app/public_html/vendor/laravel/framework/src/Illuminate/Foundation/Http/Kernel.php(190): Illuminate\\Routing\\Router->dispatch()
#15 /home/u980949395/domains/sector71.app/public_html/vendor/laravel/framework/src/Illuminate/Pipeline/Pipeline.php(141): Illuminate\\Foundation\\Http\\Kernel->Illuminate\\Foundation\\Http\\{closure}()
#16 /home/u980949395/domains/sector71.app/public_html/vendor/barryvdh/laravel-debugbar/src/Middleware/InjectDebugbar.php(59): Illuminate\\Pipeline\\Pipeline->Illuminate\\Pipeline\\{closure}()
#17 /home/u980949395/domains/sector71.app/public_html/vendor/laravel/framework/src/Illuminate/Pipeline/Pipeline.php(180): Barryvdh\\Debugbar\\Middleware\\InjectDebugbar->handle()
#18 /home/u980949395/domains/sector71.app/public_html/vendor/laravel/framework/src/Illuminate/Foundation/Http/Middleware/TransformsRequest.php(21): Illuminate\\Pipeline\\Pipeline->Illuminate\\Pipeline\\{closure}()
#19 /home/u980949395/domains/sector71.app/public_html/vendor/laravel/framework/src/Illuminate/Foundation/Http/Middleware/ConvertEmptyStringsToNull.php(31): Illuminate\\Foundation\\Http\\Middleware\\TransformsRequest->handle()
#20 /home/u980949395/domains/sector71.app/public_html/vendor/laravel/framework/src/Illuminate/Pipeline/Pipeline.php(180): Illuminate\\Foundation\\Http\\Middleware\\ConvertEmptyStringsToNull->handle()
#21 /home/u980949395/domains/sector71.app/public_html/vendor/laravel/framework/src/Illuminate/Foundation/Http/Middleware/TransformsRequest.php(21): Illuminate\\Pipeline\\Pipeline->Illuminate\\Pipeline\\{closure}()
#22 /home/u980949395/domains/sector71.app/public_html/vendor/laravel/framework/src/Illuminate/Foundation/Http/Middleware/TrimStrings.php(40): Illuminate\\Foundation\\Http\\Middleware\\TransformsRequest->handle()
#23 /home/u980949395/domains/sector71.app/public_html/vendor/laravel/framework/src/Illuminate/Pipeline/Pipeline.php(180): Illuminate\\Foundation\\Http\\Middleware\\TrimStrings->handle()
#24 /home/u980949395/domains/sector71.app/public_html/vendor/laravel/framework/src/Illuminate/Foundation/Http/Middleware/ValidatePostSize.php(27): Illuminate\\Pipeline\\Pipeline->Illuminate\\Pipeline\\{closure}()
#25 /home/u980949395/domains/sector71.app/public_html/vendor/laravel/framework/src/Illuminate/Pipeline/Pipeline.php(180): Illuminate\\Foundation\\Http\\Middleware\\ValidatePostSize->handle()
#26 /home/u980949395/domains/sector71.app/public_html/vendor/laravel/framework/src/Illuminate/Foundation/Http/Middleware/PreventRequestsDuringMaintenance.php(86): Illuminate\\Pipeline\\Pipeline->Illuminate\\Pipeline\\{closure}()
#27 /home/u980949395/domains/sector71.app/public_html/vendor/laravel/framework/src/Illuminate/Pipeline/Pipeline.php(180): Illuminate\\Foundation\\Http\\Middleware\\PreventRequestsDuringMaintenance->handle()
#28 /home/u980949395/domains/sector71.app/public_html/vendor/laravel/framework/src/Illuminate/Http/Middleware/HandleCors.php(49): Illuminate\\Pipeline\\Pipeline->Illuminate\\Pipeline\\{closure}()
#29 /home/u980949395/domains/sector71.app/public_html/vendor/laravel/framework/src/Illuminate/Pipeline/Pipeline.php(180): Illuminate\\Http\\Middleware\\HandleCors->handle()
#30 /home/u980949395/domains/sector71.app/public_html/app/Http/Middleware/SecurityHeaders.php(12): Illuminate\\Pipeline\\Pipeline->Illuminate\\Pipeline\\{closure}()
#31 /home/u980949395/domains/sector71.app/public_html/vendor/laravel/framework/src/Illuminate/Pipeline/Pipeline.php(180): App\\Http\\Middleware\\SecurityHeaders->handle()
#32 /home/u980949395/domains/sector71.app/public_html/vendor/laravel/framework/src/Illuminate/Http/Middleware/TrustProxies.php(39): Illuminate\\Pipeline\\Pipeline->Illuminate\\Pipeline\\{closure}()
#33 /home/u980949395/domains/sector71.app/public_html/vendor/laravel/framework/src/Illuminate/Pipeline/Pipeline.php(180): Illuminate\\Http\\Middleware\\TrustProxies->handle()
#34 /home/u980949395/domains/sector71.app/public_html/vendor/laravel/framework/src/Illuminate/Pipeline/Pipeline.php(116): Illuminate\\Pipeline\\Pipeline->Illuminate\\Pipeline\\{closure}()
#35 /home/u980949395/domains/sector71.app/public_html/vendor/laravel/framework/src/Illuminate/Foundation/Http/Kernel.php(165): Illuminate\\Pipeline\\Pipeline->then()
#36 /home/u980949395/domains/sector71.app/public_html/vendor/laravel/framework/src/Illuminate/Foundation/Http/Kernel.php(134): Illuminate\\Foundation\\Http\\Kernel->sendRequestThroughRouter()
#37 /home/u980949395/domains/sector71.app/public_html/public/index.php(51): Illuminate\\Foundation\\Http\\Kernel->handle()
#38 {main}

[previous exception] [object] (League\\OAuth2\\Server\\Exception\\OAuthServerException(code: 6): The user credentials were incorrect. at /home/u980949395/domains/sector71.app/public_html/vendor/league/oauth2-server/src/Exception/OAuthServerException.php:192)
[stacktrace]
#0 /home/u980949395/domains/sector71.app/public_html/vendor/league/oauth2-server/src/Grant/PasswordGrant.php(109): League\\OAuth2\\Server\\Exception\\OAuthServerException::invalidCredentials()
#1 /home/u980949395/domains/sector71.app/public_html/vendor/league/oauth2-server/src/Grant/PasswordGrant.php(56): League\\OAuth2\\Server\\Grant\\PasswordGrant->validateUser()
#2 /home/u980949395/domains/sector71.app/public_html/vendor/league/oauth2-server/src/AuthorizationServer.php(201): League\\OAuth2\\Server\\Grant\\PasswordGrant->respondToAccessTokenRequest()
#3 /home/u980949395/domains/sector71.app/public_html/vendor/laravel/passport/src/Http/Controllers/AccessTokenController.php(52): League\\OAuth2\\Server\\AuthorizationServer->respondToAccessTokenRequest()
#4 /home/u980949395/domains/sector71.app/public_html/vendor/laravel/passport/src/Http/Controllers/HandlesOAuthErrors.php(24): Laravel\\Passport\\Http\\Controllers\\AccessTokenController->Laravel\\Passport\\Http\\Controllers\\{closure}()
#5 /home/u980949395/domains/sector71.app/public_html/vendor/laravel/passport/src/Http/Controllers/AccessTokenController.php(50): Laravel\\Passport\\Http\\Controllers\\AccessTokenController->withErrorHandling()
#6 /home/u980949395/domains/sector71.app/public_html/vendor/laravel/framework/src/Illuminate/Routing/ControllerDispatcher.php(46): Laravel\\Passport\\Http\\Controllers\\AccessTokenController->issueToken()
#7 /home/u980949395/domains/sector71.app/public_html/vendor/laravel/framework/src/Illuminate/Routing/Route.php(259): Illuminate\\Routing\\ControllerDispatcher->dispatch()
#8 /home/u980949395/domains/sector71.app/public_html/vendor/laravel/framework/src/Illuminate/Routing/Route.php(205): Illuminate\\Routing\\Route->runController()
#9 /home/u980949395/domains/sector71.app/public_html/vendor/laravel/framework/src/Illuminate/Routing/Router.php(798): Illuminate\\Routing\\Route->run()
#10 /home/u980949395/domains/sector71.app/public_html/vendor/laravel/framework/src/Illuminate/Pipeline/Pipeline.php(141): Illuminate\\Routing\\Router->Illuminate\\Routing\\{closure}()
#11 /home/u980949395/domains/sector71.app/public_html/vendor/laravel/framework/src/Illuminate/Routing/Middleware/ThrottleRequests.php(126): Illuminate\\Pipeline\\Pipeline->Illuminate\\Pipeline\\{closure}()
#12 /home/u980949395/domains/sector71.app/public_html/vendor/laravel/framework/src/Illuminate/Routing/Middleware/ThrottleRequests.php(57): Illuminate\\Routing\\Middleware\\ThrottleRequests->handleRequest()
#13 /home/u980949395/domains/sector71.app/public_html/vendor/laravel/framework/src/Illuminate/Pipeline/Pipeline.php(180): Illuminate\\Routing\\Middleware\\ThrottleRequests->handle()
#14 /home/u980949395/domains/sector71.app/public_html/vendor/laravel/framework/src/Illuminate/Pipeline/Pipeline.php(116): Illuminate\\Pipeline\\Pipeline->Illuminate\\Pipeline\\{closure}()
#15 /home/u980949395/domains/sector71.app/public_html/vendor/laravel/framework/src/Illuminate/Routing/Router.php(797): Illuminate\\Pipeline\\Pipeline->then()
#16 /home/u980949395/domains/sector71.app/public_html/vendor/laravel/framework/src/Illuminate/Routing/Router.php(776): Illuminate\\Routing\\Router->runRouteWithinStack()
#17 /home/u980949395/domains/sector71.app/public_html/vendor/laravel/framework/src/Illuminate/Routing/Router.php(740): Illuminate\\Routing\\Router->runRoute()
#18 /home/u980949395/domains/sector71.app/public_html/vendor/laravel/framework/src/Illuminate/Routing/Router.php(729): Illuminate\\Routing\\Router->dispatchToRoute()
#19 /home/u980949395/domains/sector71.app/public_html/vendor/laravel/framework/src/Illuminate/Foundation/Http/Kernel.php(190): Illuminate\\Routing\\Router->dispatch()
#20 /home/u980949395/domains/sector71.app/public_html/vendor/laravel/framework/src/Illuminate/Pipeline/Pipeline.php(141): Illuminate\\Foundation\\Http\\Kernel->Illuminate\\Foundation\\Http\\{closure}()
#21 /home/u980949395/domains/sector71.app/public_html/vendor/barryvdh/laravel-debugbar/src/Middleware/InjectDebugbar.php(59): Illuminate\\Pipeline\\Pipeline->Illuminate\\Pipeline\\{closure}()
#22 /home/u980949395/domains/sector71.app/public_html/vendor/laravel/framework/src/Illuminate/Pipeline/Pipeline.php(180): Barryvdh\\Debugbar\\Middleware\\InjectDebugbar->handle()
#23 /home/u980949395/domains/sector71.app/public_html/vendor/laravel/framework/src/Illuminate/Foundation/Http/Middleware/TransformsRequest.php(21): Illuminate\\Pipeline\\Pipeline->Illuminate\\Pipeline\\{closure}()
#24 /home/u980949395/domains/sector71.app/public_html/vendor/laravel/framework/src/Illuminate/Foundation/Http/Middleware/ConvertEmptyStringsToNull.php(31): Illuminate\\Foundation\\Http\\Middleware\\TransformsRequest->handle()
#25 /home/u980949395/domains/sector71.app/public_html/vendor/laravel/framework/src/Illuminate/Pipeline/Pipeline.php(180): Illuminate\\Foundation\\Http\\Middleware\\ConvertEmptyStringsToNull->handle()
#26 /home/u980949395/domains/sector71.app/public_html/vendor/laravel/framework/src/Illuminate/Foundation/Http/Middleware/TransformsRequest.php(21): Illuminate\\Pipeline\\Pipeline->Illuminate\\Pipeline\\{closure}()
#27 /home/u980949395/domains/sector71.app/public_html/vendor/laravel/framework/src/Illuminate/Foundation/Http/Middleware/TrimStrings.php(40): Illuminate\\Foundation\\Http\\Middleware\\TransformsRequest->handle()
#28 /home/u980949395/domains/sector71.app/public_html/vendor/laravel/framework/src/Illuminate/Pipeline/Pipeline.php(180): Illuminate\\Foundation\\Http\\Middleware\\TrimStrings->handle()
#29 /home/u980949395/domains/sector71.app/public_html/vendor/laravel/framework/src/Illuminate/Foundation/Http/Middleware/ValidatePostSize.php(27): Illuminate\\Pipeline\\Pipeline->Illuminate\\Pipeline\\{closure}()
#30 /home/u980949395/domains/sector71.app/public_html/vendor/laravel/framework/src/Illuminate/Pipeline/Pipeline.php(180): Illuminate\\Foundation\\Http\\Middleware\\ValidatePostSize->handle()
#31 /home/u980949395/domains/sector71.app/public_html/vendor/laravel/framework/src/Illuminate/Foundation/Http/Middleware/PreventRequestsDuringMaintenance.php(86): Illuminate\\Pipeline\\Pipeline->Illuminate\\Pipeline\\{closure}()
#32 /home/u980949395/domains/sector71.app/public_html/vendor/laravel/framework/src/Illuminate/Pipeline/Pipeline.php(180): Illuminate\\Foundation\\Http\\Middleware\\PreventRequestsDuringMaintenance->handle()
#33 /home/u980949395/domains/sector71.app/public_html/vendor/laravel/framework/src/Illuminate/Http/Middleware/HandleCors.php(49): Illuminate\\Pipeline\\Pipeline->Illuminate\\Pipeline\\{closure}()
#34 /home/u980949395/domains/sector71.app/public_html/vendor/laravel/framework/src/Illuminate/Pipeline/Pipeline.php(180): Illuminate\\Http\\Middleware\\HandleCors->handle()
#35 /home/u980949395/domains/sector71.app/public_html/app/Http/Middleware/SecurityHeaders.php(12): Illuminate\\Pipeline\\Pipeline->Illuminate\\Pipeline\\{closure}()
#36 /home/u980949395/domains/sector71.app/public_html/vendor/laravel/framework/src/Illuminate/Pipeline/Pipeline.php(180): App\\Http\\Middleware\\SecurityHeaders->handle()
#37 /home/u980949395/domains/sector71.app/public_html/vendor/laravel/framework/src/Illuminate/Http/Middleware/TrustProxies.php(39): Illuminate\\Pipeline\\Pipeline->Illuminate\\Pipeline\\{closure}()
#38 /home/u980949395/domains/sector71.app/public_html/vendor/laravel/framework/src/Illuminate/Pipeline/Pipeline.php(180): Illuminate\\Http\\Middleware\\TrustProxies->handle()
#39 /home/u980949395/domains/sector71.app/public_html/vendor/laravel/framework/src/Illuminate/Pipeline/Pipeline.php(116): Illuminate\\Pipeline\\Pipeline->Illuminate\\Pipeline\\{closure}()
#40 /home/u980949395/domains/sector71.app/public_html/vendor/laravel/framework/src/Illuminate/Foundation/Http/Kernel.php(165): Illuminate\\Pipeline\\Pipeline->then()
#41 /home/u980949395/domains/sector71.app/public_html/vendor/laravel/framework/src/Illuminate/Foundation/Http/Kernel.php(134): Illuminate\\Foundation\\Http\\Kernel->sendRequestThroughRouter()
#42 /home/u980949395/domains/sector71.app/public_html/public/index.php(51): Illuminate\\Foundation\\Http\\Kernel->handle()
#43 {main}
"} 
[2026-05-01 17:48:39] live.ERROR: The user credentials were incorrect. {"exception":"[object] (Laravel\\Passport\\Exceptions\\OAuthServerException(code: 6): The user credentials were incorrect. at /home/u980949395/domains/sector71.app/public_html/vendor/laravel/passport/src/Http/Controllers/HandlesOAuthErrors.php:26)
[stacktrace]
#0 /home/u980949395/domains/sector71.app/public_html/vendor/laravel/passport/src/Http/Controllers/AccessTokenController.php(50): Laravel\\Passport\\Http\\Controllers\\AccessTokenController->withErrorHandling()
#1 /home/u980949395/domains/sector71.app/public_html/vendor/laravel/framework/src/Illuminate/Routing/ControllerDispatcher.php(46): Laravel\\Passport\\Http\\Controllers\\AccessTokenController->issueToken()
#2 /home/u980949395/domains/sector71.app/public_html/vendor/laravel/framework/src/Illuminate/Routing/Route.php(259): Illuminate\\Routing\\ControllerDispatcher->dispatch()
#3 /home/u980949395/domains/sector71.app/public_html/vendor/laravel/framework/src/Illuminate/Routing/Route.php(205): Illuminate\\Routing\\Route->runController()
#4 /home/u980949395/domains/sector71.app/public_html/vendor/laravel/framework/src/Illuminate/Routing/Router.php(798): Illuminate\\Routing\\Route->run()
#5 /home/u980949395/domains/sector71.app/public_html/vendor/laravel/framework/src/Illuminate/Pipeline/Pipeline.php(141): Illuminate\\Routing\\Router->Illuminate\\Routing\\{closure}()
#6 /home/u980949395/domains/sector71.app/public_html/vendor/laravel/framework/src/Illuminate/Routing/Middleware/ThrottleRequests.php(126): Illuminate\\Pipeline\\Pipeline->Illuminate\\Pipeline\\{closure}()
#7 /home/u980949395/domains/sector71.app/public_html/vendor/laravel/framework/src/Illuminate/Routing/Middleware/ThrottleRequests.php(57): Illuminate\\Routing\\Middleware\\ThrottleRequests->handleRequest()
#8 /home/u980949395/domains/sector71.app/public_html/vendor/laravel/framework/src/Illuminate/Pipeline/Pipeline.php(180): Illuminate\\Routing\\Middleware\\ThrottleRequests->handle()
#9 /home/u980949395/domains/sector71.app/public_html/vendor/laravel/framework/src/Illuminate/Pipeline/Pipeline.php(116): Illuminate\\Pipeline\\Pipeline->Illuminate\\Pipeline\\{closure}()
#10 /home/u980949395/domains/sector71.app/public_html/vendor/laravel/framework/src/Illuminate/Routing/Router.php(797): Illuminate\\Pipeline\\Pipeline->then()
#11 /home/u980949395/domains/sector71.app/public_html/vendor/laravel/framework/src/Illuminate/Routing/Router.php(776): Illuminate\\Routing\\Router->runRouteWithinStack()
#12 /home/u980949395/domains/sector71.app/public_html/vendor/laravel/framework/src/Illuminate/Routing/Router.php(740): Illuminate\\Routing\\Router->runRoute()
#13 /home/u980949395/domains/sector71.app/public_html/vendor/laravel/framework/src/Illuminate/Routing/Router.php(729): Illuminate\\Routing\\Router->dispatchToRoute()
#14 /home/u980949395/domains/sector71.app/public_html/vendor/laravel/framework/src/Illuminate/Foundation/Http/Kernel.php(190): Illuminate\\Routing\\Router->dispatch()
#15 /home/u980949395/domains/sector71.app/public_html/vendor/laravel/framework/src/Illuminate/Pipeline/Pipeline.php(141): Illuminate\\Foundation\\Http\\Kernel->Illuminate\\Foundation\\Http\\{closure}()
#16 /home/u980949395/domains/sector71.app/public_html/vendor/barryvdh/laravel-debugbar/src/Middleware/InjectDebugbar.php(59): Illuminate\\Pipeline\\Pipeline->Illuminate\\Pipeline\\{closure}()
#17 /home/u980949395/domains/sector71.app/public_html/vendor/laravel/framework/src/Illuminate/Pipeline/Pipeline.php(180): Barryvdh\\Debugbar\\Middleware\\InjectDebugbar->handle()
#18 /home/u980949395/domains/sector71.app/public_html/vendor/laravel/framework/src/Illuminate/Foundation/Http/Middleware/TransformsRequest.php(21): Illuminate\\Pipeline\\Pipeline->Illuminate\\Pipeline\\{closure}()
#19 /home/u980949395/domains/sector71.app/public_html/vendor/laravel/framework/src/Illuminate/Foundation/Http/Middleware/ConvertEmptyStringsToNull.php(31): Illuminate\\Foundation\\Http\\Middleware\\TransformsRequest->handle()
#20 /home/u980949395/domains/sector71.app/public_html/vendor/laravel/framework/src/Illuminate/Pipeline/Pipeline.php(180): Illuminate\\Foundation\\Http\\Middleware\\ConvertEmptyStringsToNull->handle()
#21 /home/u980949395/domains/sector71.app/public_html/vendor/laravel/framework/src/Illuminate/Foundation/Http/Middleware/TransformsRequest.php(21): Illuminate\\Pipeline\\Pipeline->Illuminate\\Pipeline\\{closure}()
#22 /home/u980949395/domains/sector71.app/public_html/vendor/laravel/framework/src/Illuminate/Foundation/Http/Middleware/TrimStrings.php(40): Illuminate\\Foundation\\Http\\Middleware\\TransformsRequest->handle()
#23 /home/u980949395/domains/sector71.app/public_html/vendor/laravel/framework/src/Illuminate/Pipeline/Pipeline.php(180): Illuminate\\Foundation\\Http\\Middleware\\TrimStrings->handle()
#24 /home/u980949395/domains/sector71.app/public_html/vendor/laravel/framework/src/Illuminate/Foundation/Http/Middleware/ValidatePostSize.php(27): Illuminate\\Pipeline\\Pipeline->Illuminate\\Pipeline\\{closure}()
#25 /home/u980949395/domains/sector71.app/public_html/vendor/laravel/framework/src/Illuminate/Pipeline/Pipeline.php(180): Illuminate\\Foundation\\Http\\Middleware\\ValidatePostSize->handle()
#26 /home/u980949395/domains/sector71.app/public_html/vendor/laravel/framework/src/Illuminate/Foundation/Http/Middleware/PreventRequestsDuringMaintenance.php(86): Illuminate\\Pipeline\\Pipeline->Illuminate\\Pipeline\\{closure}()
#27 /home/u980949395/domains/sector71.app/public_html/vendor/laravel/framework/src/Illuminate/Pipeline/Pipeline.php(180): Illuminate\\Foundation\\Http\\Middleware\\PreventRequestsDuringMaintenance->handle()
#28 /home/u980949395/domains/sector71.app/public_html/vendor/laravel/framework/src/Illuminate/Http/Middleware/HandleCors.php(49): Illuminate\\Pipeline\\Pipeline->Illuminate\\Pipeline\\{closure}()
#29 /home/u980949395/domains/sector71.app/public_html/vendor/laravel/framework/src/Illuminate/Pipeline/Pipeline.php(180): Illuminate\\Http\\Middleware\\HandleCors->handle()
#30 /home/u980949395/domains/sector71.app/public_html/app/Http/Middleware/SecurityHeaders.php(12): Illuminate\\Pipeline\\Pipeline->Illuminate\\Pipeline\\{closure}()
#31 /home/u980949395/domains/sector71.app/public_html/vendor/laravel/framework/src/Illuminate/Pipeline/Pipeline.php(180): App\\Http\\Middleware\\SecurityHeaders->handle()
#32 /home/u980949395/domains/sector71.app/public_html/vendor/laravel/framework/src/Illuminate/Http/Middleware/TrustProxies.php(39): Illuminate\\Pipeline\\Pipeline->Illuminate\\Pipeline\\{closure}()
#33 /home/u980949395/domains/sector71.app/public_html/vendor/laravel/framework/src/Illuminate/Pipeline/Pipeline.php(180): Illuminate\\Http\\Middleware\\TrustProxies->handle()
#34 /home/u980949395/domains/sector71.app/public_html/vendor/laravel/framework/src/Illuminate/Pipeline/Pipeline.php(116): Illuminate\\Pipeline\\Pipeline->Illuminate\\Pipeline\\{closure}()
#35 /home/u980949395/domains/sector71.app/public_html/vendor/laravel/framework/src/Illuminate/Foundation/Http/Kernel.php(165): Illuminate\\Pipeline\\Pipeline->then()
#36 /home/u980949395/domains/sector71.app/public_html/vendor/laravel/framework/src/Illuminate/Foundation/Http/Kernel.php(134): Illuminate\\Foundation\\Http\\Kernel->sendRequestThroughRouter()
#37 /home/u980949395/domains/sector71.app/public_html/public/index.php(51): Illuminate\\Foundation\\Http\\Kernel->handle()
#38 {main}

[previous exception] [object] (League\\OAuth2\\Server\\Exception\\OAuthServerException(code: 6): The user credentials were incorrect. at /home/u980949395/domains/sector71.app/public_html/vendor/league/oauth2-server/src/Exception/OAuthServerException.php:192)
[stacktrace]
#0 /home/u980949395/domains/sector71.app/public_html/vendor/league/oauth2-server/src/Grant/PasswordGrant.php(109): League\\OAuth2\\Server\\Exception\\OAuthServerException::invalidCredentials()
#1 /home/u980949395/domains/sector71.app/public_html/vendor/league/oauth2-server/src/Grant/PasswordGrant.php(56): League\\OAuth2\\Server\\Grant\\PasswordGrant->validateUser()
#2 /home/u980949395/domains/sector71.app/public_html/vendor/league/oauth2-server/src/AuthorizationServer.php(201): League\\OAuth2\\Server\\Grant\\PasswordGrant->respondToAccessTokenRequest()
#3 /home/u980949395/domains/sector71.app/public_html/vendor/laravel/passport/src/Http/Controllers/AccessTokenController.php(52): League\\OAuth2\\Server\\AuthorizationServer->respondToAccessTokenRequest()
#4 /home/u980949395/domains/sector71.app/public_html/vendor/laravel/passport/src/Http/Controllers/HandlesOAuthErrors.php(24): Laravel\\Passport\\Http\\Controllers\\AccessTokenController->Laravel\\Passport\\Http\\Controllers\\{closure}()
#5 /home/u980949395/domains/sector71.app/public_html/vendor/laravel/passport/src/Http/Controllers/AccessTokenController.php(50): Laravel\\Passport\\Http\\Controllers\\AccessTokenController->withErrorHandling()
#6 /home/u980949395/domains/sector71.app/public_html/vendor/laravel/framework/src/Illuminate/Routing/ControllerDispatcher.php(46): Laravel\\Passport\\Http\\Controllers\\AccessTokenController->issueToken()
#7 /home/u980949395/domains/sector71.app/public_html/vendor/laravel/framework/src/Illuminate/Routing/Route.php(259): Illuminate\\Routing\\ControllerDispatcher->dispatch()
#8 /home/u980949395/domains/sector71.app/public_html/vendor/laravel/framework/src/Illuminate/Routing/Route.php(205): Illuminate\\Routing\\Route->runController()
#9 /home/u980949395/domains/sector71.app/public_html/vendor/laravel/framework/src/Illuminate/Routing/Router.php(798): Illuminate\\Routing\\Route->run()
#10 /home/u980949395/domains/sector71.app/public_html/vendor/laravel/framework/src/Illuminate/Pipeline/Pipeline.php(141): Illuminate\\Routing\\Router->Illuminate\\Routing\\{closure}()
#11 /home/u980949395/domains/sector71.app/public_html/vendor/laravel/framework/src/Illuminate/Routing/Middleware/ThrottleRequests.php(126): Illuminate\\Pipeline\\Pipeline->Illuminate\\Pipeline\\{closure}()
#12 /home/u980949395/domains/sector71.app/public_html/vendor/laravel/framework/src/Illuminate/Routing/Middleware/ThrottleRequests.php(57): Illuminate\\Routing\\Middleware\\ThrottleRequests->handleRequest()
#13 /home/u980949395/domains/sector71.app/public_html/vendor/laravel/framework/src/Illuminate/Pipeline/Pipeline.php(180): Illuminate\\Routing\\Middleware\\ThrottleRequests->handle()
#14 /home/u980949395/domains/sector71.app/public_html/vendor/laravel/framework/src/Illuminate/Pipeline/Pipeline.php(116): Illuminate\\Pipeline\\Pipeline->Illuminate\\Pipeline\\{closure}()
#15 /home/u980949395/domains/sector71.app/public_html/vendor/laravel/framework/src/Illuminate/Routing/Router.php(797): Illuminate\\Pipeline\\Pipeline->then()
#16 /home/u980949395/domains/sector71.app/public_html/vendor/laravel/framework/src/Illuminate/Routing/Router.php(776): Illuminate\\Routing\\Router->runRouteWithinStack()
#17 /home/u980949395/domains/sector71.app/public_html/vendor/laravel/framework/src/Illuminate/Routing/Router.php(740): Illuminate\\Routing\\Router->runRoute()
#18 /home/u980949395/domains/sector71.app/public_html/vendor/laravel/framework/src/Illuminate/Routing/Router.php(729): Illuminate\\Routing\\Router->dispatchToRoute()
#19 /home/u980949395/domains/sector71.app/public_html/vendor/laravel/framework/src/Illuminate/Foundation/Http/Kernel.php(190): Illuminate\\Routing\\Router->dispatch()
#20 /home/u980949395/domains/sector71.app/public_html/vendor/laravel/framework/src/Illuminate/Pipeline/Pipeline.php(141): Illuminate\\Foundation\\Http\\Kernel->Illuminate\\Foundation\\Http\\{closure}()
#21 /home/u980949395/domains/sector71.app/public_html/vendor/barryvdh/laravel-debugbar/src/Middleware/InjectDebugbar.php(59): Illuminate\\Pipeline\\Pipeline->Illuminate\\Pipeline\\{closure}()
#22 /home/u980949395/domains/sector71.app/public_html/vendor/laravel/framework/src/Illuminate/Pipeline/Pipeline.php(180): Barryvdh\\Debugbar\\Middleware\\InjectDebugbar->handle()
#23 /home/u980949395/domains/sector71.app/public_html/vendor/laravel/framework/src/Illuminate/Foundation/Http/Middleware/TransformsRequest.php(21): Illuminate\\Pipeline\\Pipeline->Illuminate\\Pipeline\\{closure}()
#24 /home/u980949395/domains/sector71.app/public_html/vendor/laravel/framework/src/Illuminate/Foundation/Http/Middleware/ConvertEmptyStringsToNull.php(31): Illuminate\\Foundation\\Http\\Middleware\\TransformsRequest->handle()
#25 /home/u980949395/domains/sector71.app/public_html/vendor/laravel/framework/src/Illuminate/Pipeline/Pipeline.php(180): Illuminate\\Foundation\\Http\\Middleware\\ConvertEmptyStringsToNull->handle()
#26 /home/u980949395/domains/sector71.app/public_html/vendor/laravel/framework/src/Illuminate/Foundation/Http/Middleware/TransformsRequest.php(21): Illuminate\\Pipeline\\Pipeline->Illuminate\\Pipeline\\{closure}()
#27 /home/u980949395/domains/sector71.app/public_html/vendor/laravel/framework/src/Illuminate/Foundation/Http/Middleware/TrimStrings.php(40): Illuminate\\Foundation\\Http\\Middleware\\TransformsRequest->handle()
#28 /home/u980949395/domains/sector71.app/public_html/vendor/laravel/framework/src/Illuminate/Pipeline/Pipeline.php(180): Illuminate\\Foundation\\Http\\Middleware\\TrimStrings->handle()
#29 /home/u980949395/domains/sector71.app/public_html/vendor/laravel/framework/src/Illuminate/Foundation/Http/Middleware/ValidatePostSize.php(27): Illuminate\\Pipeline\\Pipeline->Illuminate\\Pipeline\\{closure}()
#30 /home/u980949395/domains/sector71.app/public_html/vendor/laravel/framework/src/Illuminate/Pipeline/Pipeline.php(180): Illuminate\\Foundation\\Http\\Middleware\\ValidatePostSize->handle()
#31 /home/u980949395/domains/sector71.app/public_html/vendor/laravel/framework/src/Illuminate/Foundation/Http/Middleware/PreventRequestsDuringMaintenance.php(86): Illuminate\\Pipeline\\Pipeline->Illuminate\\Pipeline\\{closure}()
#32 /home/u980949395/domains/sector71.app/public_html/vendor/laravel/framework/src/Illuminate/Pipeline/Pipeline.php(180): Illuminate\\Foundation\\Http\\Middleware\\PreventRequestsDuringMaintenance->handle()
#33 /home/u980949395/domains/sector71.app/public_html/vendor/laravel/framework/src/Illuminate/Http/Middleware/HandleCors.php(49): Illuminate\\Pipeline\\Pipeline->Illuminate\\Pipeline\\{closure}()
#34 /home/u980949395/domains/sector71.app/public_html/vendor/laravel/framework/src/Illuminate/Pipeline/Pipeline.php(180): Illuminate\\Http\\Middleware\\HandleCors->handle()
#35 /home/u980949395/domains/sector71.app/public_html/app/Http/Middleware/SecurityHeaders.php(12): Illuminate\\Pipeline\\Pipeline->Illuminate\\Pipeline\\{closure}()
#36 /home/u980949395/domains/sector71.app/public_html/vendor/laravel/framework/src/Illuminate/Pipeline/Pipeline.php(180): App\\Http\\Middleware\\SecurityHeaders->handle()
#37 /home/u980949395/domains/sector71.app/public_html/vendor/laravel/framework/src/Illuminate/Http/Middleware/TrustProxies.php(39): Illuminate\\Pipeline\\Pipeline->Illuminate\\Pipeline\\{closure}()
#38 /home/u980949395/domains/sector71.app/public_html/vendor/laravel/framework/src/Illuminate/Pipeline/Pipeline.php(180): Illuminate\\Http\\Middleware\\TrustProxies->handle()
#39 /home/u980949395/domains/sector71.app/public_html/vendor/laravel/framework/src/Illuminate/Pipeline/Pipeline.php(116): Illuminate\\Pipeline\\Pipeline->Illuminate\\Pipeline\\{closure}()
#40 /home/u980949395/domains/sector71.app/public_html/vendor/laravel/framework/src/Illuminate/Foundation/Http/Kernel.php(165): Illuminate\\Pipeline\\Pipeline->then()
#41 /home/u980949395/domains/sector71.app/public_html/vendor/laravel/framework/src/Illuminate/Foundation/Http/Kernel.php(134): Illuminate\\Foundation\\Http\\Kernel->sendRequestThroughRouter()
#42 /home/u980949395/domains/sector71.app/public_html/public/index.php(51): Illuminate\\Foundation\\Http\\Kernel->handle()
#43 {main}
"} 
[2026-05-01 17:49:02] live.ERROR: The user credentials were incorrect. {"exception":"[object] (Laravel\\Passport\\Exceptions\\OAuthServerException(code: 6): The user credentials were incorrect. at /home/u980949395/domains/sector71.app/public_html/vendor/laravel/passport/src/Http/Controllers/HandlesOAuthErrors.php:26)
[stacktrace]
#0 /home/u980949395/domains/sector71.app/public_html/vendor/laravel/passport/src/Http/Controllers/AccessTokenController.php(50): Laravel\\Passport\\Http\\Controllers\\AccessTokenController->withErrorHandling()
#1 /home/u980949395/domains/sector71.app/public_html/vendor/laravel/framework/src/Illuminate/Routing/ControllerDispatcher.php(46): Laravel\\Passport\\Http\\Controllers\\AccessTokenController->issueToken()
#2 /home/u980949395/domains/sector71.app/public_html/vendor/laravel/framework/src/Illuminate/Routing/Route.php(259): Illuminate\\Routing\\ControllerDispatcher->dispatch()
#3 /home/u980949395/domains/sector71.app/public_html/vendor/laravel/framework/src/Illuminate/Routing/Route.php(205): Illuminate\\Routing\\Route->runController()
#4 /home/u980949395/domains/sector71.app/public_html/vendor/laravel/framework/src/Illuminate/Routing/Router.php(798): Illuminate\\Routing\\Route->run()
#5 /home/u980949395/domains/sector71.app/public_html/vendor/laravel/framework/src/Illuminate/Pipeline/Pipeline.php(141): Illuminate\\Routing\\Router->Illuminate\\Routing\\{closure}()
#6 /home/u980949395/domains/sector71.app/public_html/vendor/laravel/framework/src/Illuminate/Routing/Middleware/ThrottleRequests.php(126): Illuminate\\Pipeline\\Pipeline->Illuminate\\Pipeline\\{closure}()
#7 /home/u980949395/domains/sector71.app/public_html/vendor/laravel/framework/src/Illuminate/Routing/Middleware/ThrottleRequests.php(57): Illuminate\\Routing\\Middleware\\ThrottleRequests->handleRequest()
#8 /home/u980949395/domains/sector71.app/public_html/vendor/laravel/framework/src/Illuminate/Pipeline/Pipeline.php(180): Illuminate\\Routing\\Middleware\\ThrottleRequests->handle()
#9 /home/u980949395/domains/sector71.app/public_html/vendor/laravel/framework/src/Illuminate/Pipeline/Pipeline.php(116): Illuminate\\Pipeline\\Pipeline->Illuminate\\Pipeline\\{closure}()
#10 /home/u980949395/domains/sector71.app/public_html/vendor/laravel/framework/src/Illuminate/Routing/Router.php(797): Illuminate\\Pipeline\\Pipeline->then()
#11 /home/u980949395/domains/sector71.app/public_html/vendor/laravel/framework/src/Illuminate/Routing/Router.php(776): Illuminate\\Routing\\Router->runRouteWithinStack()
#12 /home/u980949395/domains/sector71.app/public_html/vendor/laravel/framework/src/Illuminate/Routing/Router.php(740): Illuminate\\Routing\\Router->runRoute()
#13 /home/u980949395/domains/sector71.app/public_html/vendor/laravel/framework/src/Illuminate/Routing/Router.php(729): Illuminate\\Routing\\Router->dispatchToRoute()
#14 /home/u980949395/domains/sector71.app/public_html/vendor/laravel/framework/src/Illuminate/Foundation/Http/Kernel.php(190): Illuminate\\Routing\\Router->dispatch()
#15 /home/u980949395/domains/sector71.app/public_html/vendor/laravel/framework/src/Illuminate/Pipeline/Pipeline.php(141): Illuminate\\Foundation\\Http\\Kernel->Illuminate\\Foundation\\Http\\{closure}()
#16 /home/u980949395/domains/sector71.app/public_html/vendor/barryvdh/laravel-debugbar/src/Middleware/InjectDebugbar.php(59): Illuminate\\Pipeline\\Pipeline->Illuminate\\Pipeline\\{closure}()
#17 /home/u980949395/domains/sector71.app/public_html/vendor/laravel/framework/src/Illuminate/Pipeline/Pipeline.php(180): Barryvdh\\Debugbar\\Middleware\\InjectDebugbar->handle()
#18 /home/u980949395/domains/sector71.app/public_html/vendor/laravel/framework/src/Illuminate/Foundation/Http/Middleware/TransformsRequest.php(21): Illuminate\\Pipeline\\Pipeline->Illuminate\\Pipeline\\{closure}()
#19 /home/u980949395/domains/sector71.app/public_html/vendor/laravel/framework/src/Illuminate/Foundation/Http/Middleware/ConvertEmptyStringsToNull.php(31): Illuminate\\Foundation\\Http\\Middleware\\TransformsRequest->handle()
#20 /home/u980949395/domains/sector71.app/public_html/vendor/laravel/framework/src/Illuminate/Pipeline/Pipeline.php(180): Illuminate\\Foundation\\Http\\Middleware\\ConvertEmptyStringsToNull->handle()
#21 /home/u980949395/domains/sector71.app/public_html/vendor/laravel/framework/src/Illuminate/Foundation/Http/Middleware/TransformsRequest.php(21): Illuminate\\Pipeline\\Pipeline->Illuminate\\Pipeline\\{closure}()
#22 /home/u980949395/domains/sector71.app/public_html/vendor/laravel/framework/src/Illuminate/Foundation/Http/Middleware/TrimStrings.php(40): Illuminate\\Foundation\\Http\\Middleware\\TransformsRequest->handle()
#23 /home/u980949395/domains/sector71.app/public_html/vendor/laravel/framework/src/Illuminate/Pipeline/Pipeline.php(180): Illuminate\\Foundation\\Http\\Middleware\\TrimStrings->handle()
#24 /home/u980949395/domains/sector71.app/public_html/vendor/laravel/framework/src/Illuminate/Foundation/Http/Middleware/ValidatePostSize.php(27): Illuminate\\Pipeline\\Pipeline->Illuminate\\Pipeline\\{closure}()
#25 /home/u980949395/domains/sector71.app/public_html/vendor/laravel/framework/src/Illuminate/Pipeline/Pipeline.php(180): Illuminate\\Foundation\\Http\\Middleware\\ValidatePostSize->handle()
#26 /home/u980949395/domains/sector71.app/public_html/vendor/laravel/framework/src/Illuminate/Foundation/Http/Middleware/PreventRequestsDuringMaintenance.php(86): Illuminate\\Pipeline\\Pipeline->Illuminate\\Pipeline\\{closure}()
#27 /home/u980949395/domains/sector71.app/public_html/vendor/laravel/framework/src/Illuminate/Pipeline/Pipeline.php(180): Illuminate\\Foundation\\Http\\Middleware\\PreventRequestsDuringMaintenance->handle()
#28 /home/u980949395/domains/sector71.app/public_html/vendor/laravel/framework/src/Illuminate/Http/Middleware/HandleCors.php(49): Illuminate\\Pipeline\\Pipeline->Illuminate\\Pipeline\\{closure}()
#29 /home/u980949395/domains/sector71.app/public_html/vendor/laravel/framework/src/Illuminate/Pipeline/Pipeline.php(180): Illuminate\\Http\\Middleware\\HandleCors->handle()
#30 /home/u980949395/domains/sector71.app/public_html/app/Http/Middleware/SecurityHeaders.php(12): Illuminate\\Pipeline\\Pipeline->Illuminate\\Pipeline\\{closure}()
#31 /home/u980949395/domains/sector71.app/public_html/vendor/laravel/framework/src/Illuminate/Pipeline/Pipeline.php(180): App\\Http\\Middleware\\SecurityHeaders->handle()
#32 /home/u980949395/domains/sector71.app/public_html/vendor/laravel/framework/src/Illuminate/Http/Middleware/TrustProxies.php(39): Illuminate\\Pipeline\\Pipeline->Illuminate\\Pipeline\\{closure}()
#33 /home/u980949395/domains/sector71.app/public_html/vendor/laravel/framework/src/Illuminate/Pipeline/Pipeline.php(180): Illuminate\\Http\\Middleware\\TrustProxies->handle()
#34 /home/u980949395/domains/sector71.app/public_html/vendor/laravel/framework/src/Illuminate/Pipeline/Pipeline.php(116): Illuminate\\Pipeline\\Pipeline->Illuminate\\Pipeline\\{closure}()
#35 /home/u980949395/domains/sector71.app/public_html/vendor/laravel/framework/src/Illuminate/Foundation/Http/Kernel.php(165): Illuminate\\Pipeline\\Pipeline->then()
#36 /home/u980949395/domains/sector71.app/public_html/vendor/laravel/framework/src/Illuminate/Foundation/Http/Kernel.php(134): Illuminate\\Foundation\\Http\\Kernel->sendRequestThroughRouter()
#37 /home/u980949395/domains/sector71.app/public_html/public/index.php(51): Illuminate\\Foundation\\Http\\Kernel->handle()
#38 {main}

[previous exception] [object] (League\\OAuth2\\Server\\Exception\\OAuthServerException(code: 6): The user credentials were incorrect. at /home/u980949395/domains/sector71.app/public_html/vendor/league/oauth2-server/src/Exception/OAuthServerException.php:192)
[stacktrace]
#0 /home/u980949395/domains/sector71.app/public_html/vendor/league/oauth2-server/src/Grant/PasswordGrant.php(109): League\\OAuth2\\Server\\Exception\\OAuthServerException::invalidCredentials()
#1 /home/u980949395/domains/sector71.app/public_html/vendor/league/oauth2-server/src/Grant/PasswordGrant.php(56): League\\OAuth2\\Server\\Grant\\PasswordGrant->validateUser()
#2 /home/u980949395/domains/sector71.app/public_html/vendor/league/oauth2-server/src/AuthorizationServer.php(201): League\\OAuth2\\Server\\Grant\\PasswordGrant->respondToAccessTokenRequest()
#3 /home/u980949395/domains/sector71.app/public_html/vendor/laravel/passport/src/Http/Controllers/AccessTokenController.php(52): League\\OAuth2\\Server\\AuthorizationServer->respondToAccessTokenRequest()
#4 /home/u980949395/domains/sector71.app/public_html/vendor/laravel/passport/src/Http/Controllers/HandlesOAuthErrors.php(24): Laravel\\Passport\\Http\\Controllers\\AccessTokenController->Laravel\\Passport\\Http\\Controllers\\{closure}()
#5 /home/u980949395/domains/sector71.app/public_html/vendor/laravel/passport/src/Http/Controllers/AccessTokenController.php(50): Laravel\\Passport\\Http\\Controllers\\AccessTokenController->withErrorHandling()
#6 /home/u980949395/domains/sector71.app/public_html/vendor/laravel/framework/src/Illuminate/Routing/ControllerDispatcher.php(46): Laravel\\Passport\\Http\\Controllers\\AccessTokenController->issueToken()
#7 /home/u980949395/domains/sector71.app/public_html/vendor/laravel/framework/src/Illuminate/Routing/Route.php(259): Illuminate\\Routing\\ControllerDispatcher->dispatch()
#8 /home/u980949395/domains/sector71.app/public_html/vendor/laravel/framework/src/Illuminate/Routing/Route.php(205): Illuminate\\Routing\\Route->runController()
#9 /home/u980949395/domains/sector71.app/public_html/vendor/laravel/framework/src/Illuminate/Routing/Router.php(798): Illuminate\\Routing\\Route->run()
#10 /home/u980949395/domains/sector71.app/public_html/vendor/laravel/framework/src/Illuminate/Pipeline/Pipeline.php(141): Illuminate\\Routing\\Router->Illuminate\\Routing\\{closure}()
#11 /home/u980949395/domains/sector71.app/public_html/vendor/laravel/framework/src/Illuminate/Routing/Middleware/ThrottleRequests.php(126): Illuminate\\Pipeline\\Pipeline->Illuminate\\Pipeline\\{closure}()
#12 /home/u980949395/domains/sector71.app/public_html/vendor/laravel/framework/src/Illuminate/Routing/Middleware/ThrottleRequests.php(57): Illuminate\\Routing\\Middleware\\ThrottleRequests->handleRequest()
#13 /home/u980949395/domains/sector71.app/public_html/vendor/laravel/framework/src/Illuminate/Pipeline/Pipeline.php(180): Illuminate\\Routing\\Middleware\\ThrottleRequests->handle()
#14 /home/u980949395/domains/sector71.app/public_html/vendor/laravel/framework/src/Illuminate/Pipeline/Pipeline.php(116): Illuminate\\Pipeline\\Pipeline->Illuminate\\Pipeline\\{closure}()
#15 /home/u980949395/domains/sector71.app/public_html/vendor/laravel/framework/src/Illuminate/Routing/Router.php(797): Illuminate\\Pipeline\\Pipeline->then()
#16 /home/u980949395/domains/sector71.app/public_html/vendor/laravel/framework/src/Illuminate/Routing/Router.php(776): Illuminate\\Routing\\Router->runRouteWithinStack()
#17 /home/u980949395/domains/sector71.app/public_html/vendor/laravel/framework/src/Illuminate/Routing/Router.php(740): Illuminate\\Routing\\Router->runRoute()
#18 /home/u980949395/domains/sector71.app/public_html/vendor/laravel/framework/src/Illuminate/Routing/Router.php(729): Illuminate\\Routing\\Router->dispatchToRoute()
#19 /home/u980949395/domains/sector71.app/public_html/vendor/laravel/framework/src/Illuminate/Foundation/Http/Kernel.php(190): Illuminate\\Routing\\Router->dispatch()
#20 /home/u980949395/domains/sector71.app/public_html/vendor/laravel/framework/src/Illuminate/Pipeline/Pipeline.php(141): Illuminate\\Foundation\\Http\\Kernel->Illuminate\\Foundation\\Http\\{closure}()
#21 /home/u980949395/domains/sector71.app/public_html/vendor/barryvdh/laravel-debugbar/src/Middleware/InjectDebugbar.php(59): Illuminate\\Pipeline\\Pipeline->Illuminate\\Pipeline\\{closure}()
#22 /home/u980949395/domains/sector71.app/public_html/vendor/laravel/framework/src/Illuminate/Pipeline/Pipeline.php(180): Barryvdh\\Debugbar\\Middleware\\InjectDebugbar->handle()
#23 /home/u980949395/domains/sector71.app/public_html/vendor/laravel/framework/src/Illuminate/Foundation/Http/Middleware/TransformsRequest.php(21): Illuminate\\Pipeline\\Pipeline->Illuminate\\Pipeline\\{closure}()
#24 /home/u980949395/domains/sector71.app/public_html/vendor/laravel/framework/src/Illuminate/Foundation/Http/Middleware/ConvertEmptyStringsToNull.php(31): Illuminate\\Foundation\\Http\\Middleware\\TransformsRequest->handle()
#25 /home/u980949395/domains/sector71.app/public_html/vendor/laravel/framework/src/Illuminate/Pipeline/Pipeline.php(180): Illuminate\\Foundation\\Http\\Middleware\\ConvertEmptyStringsToNull->handle()
#26 /home/u980949395/domains/sector71.app/public_html/vendor/laravel/framework/src/Illuminate/Foundation/Http/Middleware/TransformsRequest.php(21): Illuminate\\Pipeline\\Pipeline->Illuminate\\Pipeline\\{closure}()
#27 /home/u980949395/domains/sector71.app/public_html/vendor/laravel/framework/src/Illuminate/Foundation/Http/Middleware/TrimStrings.php(40): Illuminate\\Foundation\\Http\\Middleware\\TransformsRequest->handle()
#28 /home/u980949395/domains/sector71.app/public_html/vendor/laravel/framework/src/Illuminate/Pipeline/Pipeline.php(180): Illuminate\\Foundation\\Http\\Middleware\\TrimStrings->handle()
#29 /home/u980949395/domains/sector71.app/public_html/vendor/laravel/framework/src/Illuminate/Foundation/Http/Middleware/ValidatePostSize.php(27): Illuminate\\Pipeline\\Pipeline->Illuminate\\Pipeline\\{closure}()
#30 /home/u980949395/domains/sector71.app/public_html/vendor/laravel/framework/src/Illuminate/Pipeline/Pipeline.php(180): Illuminate\\Foundation\\Http\\Middleware\\ValidatePostSize->handle()
#31 /home/u980949395/domains/sector71.app/public_html/vendor/laravel/framework/src/Illuminate/Foundation/Http/Middleware/PreventRequestsDuringMaintenance.php(86): Illuminate\\Pipeline\\Pipeline->Illuminate\\Pipeline\\{closure}()
#32 /home/u980949395/domains/sector71.app/public_html/vendor/laravel/framework/src/Illuminate/Pipeline/Pipeline.php(180): Illuminate\\Foundation\\Http\\Middleware\\PreventRequestsDuringMaintenance->handle()
#33 /home/u980949395/domains/sector71.app/public_html/vendor/laravel/framework/src/Illuminate/Http/Middleware/HandleCors.php(49): Illuminate\\Pipeline\\Pipeline->Illuminate\\Pipeline\\{closure}()
#34 /home/u980949395/domains/sector71.app/public_html/vendor/laravel/framework/src/Illuminate/Pipeline/Pipeline.php(180): Illuminate\\Http\\Middleware\\HandleCors->handle()
#35 /home/u980949395/domains/sector71.app/public_html/app/Http/Middleware/SecurityHeaders.php(12): Illuminate\\Pipeline\\Pipeline->Illuminate\\Pipeline\\{closure}()
#36 /home/u980949395/domains/sector71.app/public_html/vendor/laravel/framework/src/Illuminate/Pipeline/Pipeline.php(180): App\\Http\\Middleware\\SecurityHeaders->handle()
#37 /home/u980949395/domains/sector71.app/public_html/vendor/laravel/framework/src/Illuminate/Http/Middleware/TrustProxies.php(39): Illuminate\\Pipeline\\Pipeline->Illuminate\\Pipeline\\{closure}()
#38 /home/u980949395/domains/sector71.app/public_html/vendor/laravel/framework/src/Illuminate/Pipeline/Pipeline.php(180): Illuminate\\Http\\Middleware\\TrustProxies->handle()
#39 /home/u980949395/domains/sector71.app/public_html/vendor/laravel/framework/src/Illuminate/Pipeline/Pipeline.php(116): Illuminate\\Pipeline\\Pipeline->Illuminate\\Pipeline\\{closure}()
#40 /home/u980949395/domains/sector71.app/public_html/vendor/laravel/framework/src/Illuminate/Foundation/Http/Kernel.php(165): Illuminate\\Pipeline\\Pipeline->then()
#41 /home/u980949395/domains/sector71.app/public_html/vendor/laravel/framework/src/Illuminate/Foundation/Http/Kernel.php(134): Illuminate\\Foundation\\Http\\Kernel->sendRequestThroughRouter()
#42 /home/u980949395/domains/sector71.app/public_html/public/index.php(51): Illuminate\\Foundation\\Http\\Kernel->handle()
#43 {main}
"} 
[2026-05-01 18:47:05] live.EMERGENCY: File:/home/u980949395/domains/sector71.app/public_html/Modules/Connector/Http/Controllers/Api/SellController.phpLine:903Message:Invalid form data  
[2026-05-01 18:48:06] live.EMERGENCY: File:/home/u980949395/domains/sector71.app/public_html/Modules/Connector/Http/Controllers/Api/SellController.phpLine:903Message:Invalid form data  
[2026-05-01 18:29:19] live.ERROR: The user credentials were incorrect. {"exception":"[object] (Laravel\\Passport\\Exceptions\\OAuthServerException(code: 6): The user credentials were incorrect. at /home/u980949395/domains/sector71.app/public_html/vendor/laravel/passport/src/Http/Controllers/HandlesOAuthErrors.php:26)
[stacktrace]
#0 /home/u980949395/domains/sector71.app/public_html/vendor/laravel/passport/src/Http/Controllers/AccessTokenController.php(50): Laravel\\Passport\\Http\\Controllers\\AccessTokenController->withErrorHandling()
#1 /home/u980949395/domains/sector71.app/public_html/vendor/laravel/framework/src/Illuminate/Routing/ControllerDispatcher.php(46): Laravel\\Passport\\Http\\Controllers\\AccessTokenController->issueToken()
#2 /home/u980949395/domains/sector71.app/public_html/vendor/laravel/framework/src/Illuminate/Routing/Route.php(259): Illuminate\\Routing\\ControllerDispatcher->dispatch()
#3 /home/u980949395/domains/sector71.app/public_html/vendor/laravel/framework/src/Illuminate/Routing/Route.php(205): Illuminate\\Routing\\Route->runController()
#4 /home/u980949395/domains/sector71.app/public_html/vendor/laravel/framework/src/Illuminate/Routing/Router.php(798): Illuminate\\Routing\\Route->run()
#5 /home/u980949395/domains/sector71.app/public_html/vendor/laravel/framework/src/Illuminate/Pipeline/Pipeline.php(141): Illuminate\\Routing\\Router->Illuminate\\Routing\\{closure}()
#6 /home/u980949395/domains/sector71.app/public_html/vendor/laravel/framework/src/Illuminate/Routing/Middleware/ThrottleRequests.php(126): Illuminate\\Pipeline\\Pipeline->Illuminate\\Pipeline\\{closure}()
#7 /home/u980949395/domains/sector71.app/public_html/vendor/laravel/framework/src/Illuminate/Routing/Middleware/ThrottleRequests.php(57): Illuminate\\Routing\\Middleware\\ThrottleRequests->handleRequest()
#8 /home/u980949395/domains/sector71.app/public_html/vendor/laravel/framework/src/Illuminate/Pipeline/Pipeline.php(180): Illuminate\\Routing\\Middleware\\ThrottleRequests->handle()
#9 /home/u980949395/domains/sector71.app/public_html/vendor/laravel/framework/src/Illuminate/Pipeline/Pipeline.php(116): Illuminate\\Pipeline\\Pipeline->Illuminate\\Pipeline\\{closure}()
#10 /home/u980949395/domains/sector71.app/public_html/vendor/laravel/framework/src/Illuminate/Routing/Router.php(797): Illuminate\\Pipeline\\Pipeline->then()
#11 /home/u980949395/domains/sector71.app/public_html/vendor/laravel/framework/src/Illuminate/Routing/Router.php(776): Illuminate\\Routing\\Router->runRouteWithinStack()
#12 /home/u980949395/domains/sector71.app/public_html/vendor/laravel/framework/src/Illuminate/Routing/Router.php(740): Illuminate\\Routing\\Router->runRoute()
#13 /home/u980949395/domains/sector71.app/public_html/vendor/laravel/framework/src/Illuminate/Routing/Router.php(729): Illuminate\\Routing\\Router->dispatchToRoute()
#14 /home/u980949395/domains/sector71.app/public_html/vendor/laravel/framework/src/Illuminate/Foundation/Http/Kernel.php(190): Illuminate\\Routing\\Router->dispatch()
#15 /home/u980949395/domains/sector71.app/public_html/vendor/laravel/framework/src/Illuminate/Pipeline/Pipeline.php(141): Illuminate\\Foundation\\Http\\Kernel->Illuminate\\Foundation\\Http\\{closure}()
#16 /home/u980949395/domains/sector71.app/public_html/vendor/barryvdh/laravel-debugbar/src/Middleware/InjectDebugbar.php(59): Illuminate\\Pipeline\\Pipeline->Illuminate\\Pipeline\\{closure}()
#17 /home/u980949395/domains/sector71.app/public_html/vendor/laravel/framework/src/Illuminate/Pipeline/Pipeline.php(180): Barryvdh\\Debugbar\\Middleware\\InjectDebugbar->handle()
#18 /home/u980949395/domains/sector71.app/public_html/vendor/laravel/framework/src/Illuminate/Foundation/Http/Middleware/TransformsRequest.php(21): Illuminate\\Pipeline\\Pipeline->Illuminate\\Pipeline\\{closure}()
#19 /home/u980949395/domains/sector71.app/public_html/vendor/laravel/framework/src/Illuminate/Foundation/Http/Middleware/ConvertEmptyStringsToNull.php(31): Illuminate\\Foundation\\Http\\Middleware\\TransformsRequest->handle()
#20 /home/u980949395/domains/sector71.app/public_html/vendor/laravel/framework/src/Illuminate/Pipeline/Pipeline.php(180): Illuminate\\Foundation\\Http\\Middleware\\ConvertEmptyStringsToNull->handle()
#21 /home/u980949395/domains/sector71.app/public_html/vendor/laravel/framework/src/Illuminate/Foundation/Http/Middleware/TransformsRequest.php(21): Illuminate\\Pipeline\\Pipeline->Illuminate\\Pipeline\\{closure}()
#22 /home/u980949395/domains/sector71.app/public_html/vendor/laravel/framework/src/Illuminate/Foundation/Http/Middleware/TrimStrings.php(40): Illuminate\\Foundation\\Http\\Middleware\\TransformsRequest->handle()
#23 /home/u980949395/domains/sector71.app/public_html/vendor/laravel/framework/src/Illuminate/Pipeline/Pipeline.php(180): Illuminate\\Foundation\\Http\\Middleware\\TrimStrings->handle()
#24 /home/u980949395/domains/sector71.app/public_html/vendor/laravel/framework/src/Illuminate/Foundation/Http/Middleware/ValidatePostSize.php(27): Illuminate\\Pipeline\\Pipeline->Illuminate\\Pipeline\\{closure}()
#25 /home/u980949395/domains/sector71.app/public_html/vendor/laravel/framework/src/Illuminate/Pipeline/Pipeline.php(180): Illuminate\\Foundation\\Http\\Middleware\\ValidatePostSize->handle()
#26 /home/u980949395/domains/sector71.app/public_html/vendor/laravel/framework/src/Illuminate/Foundation/Http/Middleware/PreventRequestsDuringMaintenance.php(86): Illuminate\\Pipeline\\Pipeline->Illuminate\\Pipeline\\{closure}()
#27 /home/u980949395/domains/sector71.app/public_html/vendor/laravel/framework/src/Illuminate/Pipeline/Pipeline.php(180): Illuminate\\Foundation\\Http\\Middleware\\PreventRequestsDuringMaintenance->handle()
#28 /home/u980949395/domains/sector71.app/public_html/vendor/laravel/framework/src/Illuminate/Http/Middleware/HandleCors.php(49): Illuminate\\Pipeline\\Pipeline->Illuminate\\Pipeline\\{closure}()
#29 /home/u980949395/domains/sector71.app/public_html/vendor/laravel/framework/src/Illuminate/Pipeline/Pipeline.php(180): Illuminate\\Http\\Middleware\\HandleCors->handle()
#30 /home/u980949395/domains/sector71.app/public_html/app/Http/Middleware/SecurityHeaders.php(12): Illuminate\\Pipeline\\Pipeline->Illuminate\\Pipeline\\{closure}()
#31 /home/u980949395/domains/sector71.app/public_html/vendor/laravel/framework/src/Illuminate/Pipeline/Pipeline.php(180): App\\Http\\Middleware\\SecurityHeaders->handle()
#32 /home/u980949395/domains/sector71.app/public_html/vendor/laravel/framework/src/Illuminate/Http/Middleware/TrustProxies.php(39): Illuminate\\Pipeline\\Pipeline->Illuminate\\Pipeline\\{closure}()
#33 /home/u980949395/domains/sector71.app/public_html/vendor/laravel/framework/src/Illuminate/Pipeline/Pipeline.php(180): Illuminate\\Http\\Middleware\\TrustProxies->handle()
#34 /home/u980949395/domains/sector71.app/public_html/vendor/laravel/framework/src/Illuminate/Pipeline/Pipeline.php(116): Illuminate\\Pipeline\\Pipeline->Illuminate\\Pipeline\\{closure}()
#35 /home/u980949395/domains/sector71.app/public_html/vendor/laravel/framework/src/Illuminate/Foundation/Http/Kernel.php(165): Illuminate\\Pipeline\\Pipeline->then()
#36 /home/u980949395/domains/sector71.app/public_html/vendor/laravel/framework/src/Illuminate/Foundation/Http/Kernel.php(134): Illuminate\\Foundation\\Http\\Kernel->sendRequestThroughRouter()
#37 /home/u980949395/domains/sector71.app/public_html/public/index.php(51): Illuminate\\Foundation\\Http\\Kernel->handle()
#38 {main}

[previous exception] [object] (League\\OAuth2\\Server\\Exception\\OAuthServerException(code: 6): The user credentials were incorrect. at /home/u980949395/domains/sector71.app/public_html/vendor/league/oauth2-server/src/Exception/OAuthServerException.php:192)
[stacktrace]
#0 /home/u980949395/domains/sector71.app/public_html/vendor/league/oauth2-server/src/Grant/PasswordGrant.php(109): League\\OAuth2\\Server\\Exception\\OAuthServerException::invalidCredentials()
#1 /home/u980949395/domains/sector71.app/public_html/vendor/league/oauth2-server/src/Grant/PasswordGrant.php(56): League\\OAuth2\\Server\\Grant\\PasswordGrant->validateUser()
#2 /home/u980949395/domains/sector71.app/public_html/vendor/league/oauth2-server/src/AuthorizationServer.php(201): League\\OAuth2\\Server\\Grant\\PasswordGrant->respondToAccessTokenRequest()
#3 /home/u980949395/domains/sector71.app/public_html/vendor/laravel/passport/src/Http/Controllers/AccessTokenController.php(52): League\\OAuth2\\Server\\AuthorizationServer->respondToAccessTokenRequest()
#4 /home/u980949395/domains/sector71.app/public_html/vendor/laravel/passport/src/Http/Controllers/HandlesOAuthErrors.php(24): Laravel\\Passport\\Http\\Controllers\\AccessTokenController->Laravel\\Passport\\Http\\Controllers\\{closure}()
#5 /home/u980949395/domains/sector71.app/public_html/vendor/laravel/passport/src/Http/Controllers/AccessTokenController.php(50): Laravel\\Passport\\Http\\Controllers\\AccessTokenController->withErrorHandling()
#6 /home/u980949395/domains/sector71.app/public_html/vendor/laravel/framework/src/Illuminate/Routing/ControllerDispatcher.php(46): Laravel\\Passport\\Http\\Controllers\\AccessTokenController->issueToken()
#7 /home/u980949395/domains/sector71.app/public_html/vendor/laravel/framework/src/Illuminate/Routing/Route.php(259): Illuminate\\Routing\\ControllerDispatcher->dispatch()
#8 /home/u980949395/domains/sector71.app/public_html/vendor/laravel/framework/src/Illuminate/Routing/Route.php(205): Illuminate\\Routing\\Route->runController()
#9 /home/u980949395/domains/sector71.app/public_html/vendor/laravel/framework/src/Illuminate/Routing/Router.php(798): Illuminate\\Routing\\Route->run()
#10 /home/u980949395/domains/sector71.app/public_html/vendor/laravel/framework/src/Illuminate/Pipeline/Pipeline.php(141): Illuminate\\Routing\\Router->Illuminate\\Routing\\{closure}()
#11 /home/u980949395/domains/sector71.app/public_html/vendor/laravel/framework/src/Illuminate/Routing/Middleware/ThrottleRequests.php(126): Illuminate\\Pipeline\\Pipeline->Illuminate\\Pipeline\\{closure}()
#12 /home/u980949395/domains/sector71.app/public_html/vendor/laravel/framework/src/Illuminate/Routing/Middleware/ThrottleRequests.php(57): Illuminate\\Routing\\Middleware\\ThrottleRequests->handleRequest()
#13 /home/u980949395/domains/sector71.app/public_html/vendor/laravel/framework/src/Illuminate/Pipeline/Pipeline.php(180): Illuminate\\Routing\\Middleware\\ThrottleRequests->handle()
#14 /home/u980949395/domains/sector71.app/public_html/vendor/laravel/framework/src/Illuminate/Pipeline/Pipeline.php(116): Illuminate\\Pipeline\\Pipeline->Illuminate\\Pipeline\\{closure}()
#15 /home/u980949395/domains/sector71.app/public_html/vendor/laravel/framework/src/Illuminate/Routing/Router.php(797): Illuminate\\Pipeline\\Pipeline->then()
#16 /home/u980949395/domains/sector71.app/public_html/vendor/laravel/framework/src/Illuminate/Routing/Router.php(776): Illuminate\\Routing\\Router->runRouteWithinStack()
#17 /home/u980949395/domains/sector71.app/public_html/vendor/laravel/framework/src/Illuminate/Routing/Router.php(740): Illuminate\\Routing\\Router->runRoute()
#18 /home/u980949395/domains/sector71.app/public_html/vendor/laravel/framework/src/Illuminate/Routing/Router.php(729): Illuminate\\Routing\\Router->dispatchToRoute()
#19 /home/u980949395/domains/sector71.app/public_html/vendor/laravel/framework/src/Illuminate/Foundation/Http/Kernel.php(190): Illuminate\\Routing\\Router->dispatch()
#20 /home/u980949395/domains/sector71.app/public_html/vendor/laravel/framework/src/Illuminate/Pipeline/Pipeline.php(141): Illuminate\\Foundation\\Http\\Kernel->Illuminate\\Foundation\\Http\\{closure}()
#21 /home/u980949395/domains/sector71.app/public_html/vendor/barryvdh/laravel-debugbar/src/Middleware/InjectDebugbar.php(59): Illuminate\\Pipeline\\Pipeline->Illuminate\\Pipeline\\{closure}()
#22 /home/u980949395/domains/sector71.app/public_html/vendor/laravel/framework/src/Illuminate/Pipeline/Pipeline.php(180): Barryvdh\\Debugbar\\Middleware\\InjectDebugbar->handle()
#23 /home/u980949395/domains/sector71.app/public_html/vendor/laravel/framework/src/Illuminate/Foundation/Http/Middleware/TransformsRequest.php(21): Illuminate\\Pipeline\\Pipeline->Illuminate\\Pipeline\\{closure}()
#24 /home/u980949395/domains/sector71.app/public_html/vendor/laravel/framework/src/Illuminate/Foundation/Http/Middleware/ConvertEmptyStringsToNull.php(31): Illuminate\\Foundation\\Http\\Middleware\\TransformsRequest->handle()
#25 /home/u980949395/domains/sector71.app/public_html/vendor/laravel/framework/src/Illuminate/Pipeline/Pipeline.php(180): Illuminate\\Foundation\\Http\\Middleware\\ConvertEmptyStringsToNull->handle()
#26 /home/u980949395/domains/sector71.app/public_html/vendor/laravel/framework/src/Illuminate/Foundation/Http/Middleware/TransformsRequest.php(21): Illuminate\\Pipeline\\Pipeline->Illuminate\\Pipeline\\{closure}()
#27 /home/u980949395/domains/sector71.app/public_html/vendor/laravel/framework/src/Illuminate/Foundation/Http/Middleware/TrimStrings.php(40): Illuminate\\Foundation\\Http\\Middleware\\TransformsRequest->handle()
#28 /home/u980949395/domains/sector71.app/public_html/vendor/laravel/framework/src/Illuminate/Pipeline/Pipeline.php(180): Illuminate\\Foundation\\Http\\Middleware\\TrimStrings->handle()
#29 /home/u980949395/domains/sector71.app/public_html/vendor/laravel/framework/src/Illuminate/Foundation/Http/Middleware/ValidatePostSize.php(27): Illuminate\\Pipeline\\Pipeline->Illuminate\\Pipeline\\{closure}()
#30 /home/u980949395/domains/sector71.app/public_html/vendor/laravel/framework/src/Illuminate/Pipeline/Pipeline.php(180): Illuminate\\Foundation\\Http\\Middleware\\ValidatePostSize->handle()
#31 /home/u980949395/domains/sector71.app/public_html/vendor/laravel/framework/src/Illuminate/Foundation/Http/Middleware/PreventRequestsDuringMaintenance.php(86): Illuminate\\Pipeline\\Pipeline->Illuminate\\Pipeline\\{closure}()
#32 /home/u980949395/domains/sector71.app/public_html/vendor/laravel/framework/src/Illuminate/Pipeline/Pipeline.php(180): Illuminate\\Foundation\\Http\\Middleware\\PreventRequestsDuringMaintenance->handle()
#33 /home/u980949395/domains/sector71.app/public_html/vendor/laravel/framework/src/Illuminate/Http/Middleware/HandleCors.php(49): Illuminate\\Pipeline\\Pipeline->Illuminate\\Pipeline\\{closure}()
#34 /home/u980949395/domains/sector71.app/public_html/vendor/laravel/framework/src/Illuminate/Pipeline/Pipeline.php(180): Illuminate\\Http\\Middleware\\HandleCors->handle()
#35 /home/u980949395/domains/sector71.app/public_html/app/Http/Middleware/SecurityHeaders.php(12): Illuminate\\Pipeline\\Pipeline->Illuminate\\Pipeline\\{closure}()
#36 /home/u980949395/domains/sector71.app/public_html/vendor/laravel/framework/src/Illuminate/Pipeline/Pipeline.php(180): App\\Http\\Middleware\\SecurityHeaders->handle()
#37 /home/u980949395/domains/sector71.app/public_html/vendor/laravel/framework/src/Illuminate/Http/Middleware/TrustProxies.php(39): Illuminate\\Pipeline\\Pipeline->Illuminate\\Pipeline\\{closure}()
#38 /home/u980949395/domains/sector71.app/public_html/vendor/laravel/framework/src/Illuminate/Pipeline/Pipeline.php(180): Illuminate\\Http\\Middleware\\TrustProxies->handle()
#39 /home/u980949395/domains/sector71.app/public_html/vendor/laravel/framework/src/Illuminate/Pipeline/Pipeline.php(116): Illuminate\\Pipeline\\Pipeline->Illuminate\\Pipeline\\{closure}()
#40 /home/u980949395/domains/sector71.app/public_html/vendor/laravel/framework/src/Illuminate/Foundation/Http/Kernel.php(165): Illuminate\\Pipeline\\Pipeline->then()
#41 /home/u980949395/domains/sector71.app/public_html/vendor/laravel/framework/src/Illuminate/Foundation/Http/Kernel.php(134): Illuminate\\Foundation\\Http\\Kernel->sendRequestThroughRouter()
#42 /home/u980949395/domains/sector71.app/public_html/public/index.php(51): Illuminate\\Foundation\\Http\\Kernel->handle()
#43 {main}
"} 
[2026-05-01 19:00:59] live.EMERGENCY: File:/home/u980949395/domains/sector71.app/public_html/Modules/Connector/Http/Controllers/Api/SellController.phpLine:903Message:Invalid form data  
[2026-05-01 19:10:55] live.EMERGENCY: File:/home/u980949395/domains/sector71.app/public_html/vendor/laravel/framework/src/Illuminate/Database/Eloquent/Builder.phpLine:598Message:No query results for model [App\Variation].  
