[2026-05-07 15:22:01] live.ERROR: syntax error, unexpected token "\", expecting variable {"exception":"[object] (ParseError(code: 0): syntax error, unexpected token \"\\\", expecting variable at /home/u980949395/domains/sector71.app/public_html/Modules/Hospital/Database/Migrations/2026_05_07_000000_create_hospital_patient_vitals_table.php:10)
[stacktrace]
#0 /home/u980949395/domains/sector71.app/public_html/vendor/laravel/framework/src/Illuminate/Filesystem/Filesystem.php(135): Illuminate\\Filesystem\\Filesystem::Illuminate\\Filesystem\\{closure}()
#1 /home/u980949395/domains/sector71.app/public_html/vendor/laravel/framework/src/Illuminate/Database/Migrations/Migrator.php(569): Illuminate\\Filesystem\\Filesystem->requireOnce()
#2 /home/u980949395/domains/sector71.app/public_html/vendor/laravel/framework/src/Illuminate/Database/Migrations/Migrator.php(117): Illuminate\\Database\\Migrations\\Migrator->requireFiles()
#3 /home/u980949395/domains/sector71.app/public_html/vendor/laravel/framework/src/Illuminate/Database/Console/Migrations/MigrateCommand.php(88): Illuminate\\Database\\Migrations\\Migrator->run()
#4 /home/u980949395/domains/sector71.app/public_html/vendor/laravel/framework/src/Illuminate/Database/Migrations/Migrator.php(628): Illuminate\\Database\\Console\\Migrations\\MigrateCommand->Illuminate\\Database\\Console\\Migrations\\{closure}()
#5 /home/u980949395/domains/sector71.app/public_html/vendor/laravel/framework/src/Illuminate/Database/Console/Migrations/MigrateCommand.php(81): Illuminate\\Database\\Migrations\\Migrator->usingConnection()
#6 /home/u980949395/domains/sector71.app/public_html/vendor/laravel/framework/src/Illuminate/Container/BoundMethod.php(36): Illuminate\\Database\\Console\\Migrations\\MigrateCommand->handle()
#7 /home/u980949395/domains/sector71.app/public_html/vendor/laravel/framework/src/Illuminate/Container/Util.php(41): Illuminate\\Container\\BoundMethod::Illuminate\\Container\\{closure}()
#8 /home/u980949395/domains/sector71.app/public_html/vendor/laravel/framework/src/Illuminate/Container/BoundMethod.php(93): Illuminate\\Container\\Util::unwrapIfClosure()
#9 /home/u980949395/domains/sector71.app/public_html/vendor/laravel/framework/src/Illuminate/Container/BoundMethod.php(35): Illuminate\\Container\\BoundMethod::callBoundMethod()
#10 /home/u980949395/domains/sector71.app/public_html/vendor/laravel/framework/src/Illuminate/Container/Container.php(661): Illuminate\\Container\\BoundMethod::call()
#11 /home/u980949395/domains/sector71.app/public_html/vendor/laravel/framework/src/Illuminate/Console/Command.php(183): Illuminate\\Container\\Container->call()
#12 /home/u980949395/domains/sector71.app/public_html/vendor/symfony/console/Command/Command.php(312): Illuminate\\Console\\Command->execute()
#13 /home/u980949395/domains/sector71.app/public_html/vendor/laravel/framework/src/Illuminate/Console/Command.php(152): Symfony\\Component\\Console\\Command\\Command->run()
#14 /home/u980949395/domains/sector71.app/public_html/vendor/symfony/console/Application.php(1022): Illuminate\\Console\\Command->run()
#15 /home/u980949395/domains/sector71.app/public_html/vendor/symfony/console/Application.php(314): Symfony\\Component\\Console\\Application->doRunCommand()
#16 /home/u980949395/domains/sector71.app/public_html/vendor/symfony/console/Application.php(168): Symfony\\Component\\Console\\Application->doRun()
#17 /home/u980949395/domains/sector71.app/public_html/vendor/laravel/framework/src/Illuminate/Console/Application.php(102): Symfony\\Component\\Console\\Application->run()
#18 /home/u980949395/domains/sector71.app/public_html/vendor/laravel/framework/src/Illuminate/Foundation/Console/Kernel.php(155): Illuminate\\Console\\Application->run()
#19 /home/u980949395/domains/sector71.app/public_html/artisan(35): Illuminate\\Foundation\\Console\\Kernel->handle()
#20 {main}
"} 
[2026-05-07 15:22:13] live.ERROR: syntax error, unexpected token ")", expecting variable {"exception":"[object] (ParseError(code: 0): syntax error, unexpected token \")\", expecting variable at /home/u980949395/domains/sector71.app/public_html/Modules/Hospital/Database/Migrations/2026_05_07_000000_create_hospital_patient_vitals_table.php:10)
[stacktrace]
#0 /home/u980949395/domains/sector71.app/public_html/vendor/laravel/framework/src/Illuminate/Filesystem/Filesystem.php(135): Illuminate\\Filesystem\\Filesystem::Illuminate\\Filesystem\\{closure}()
#1 /home/u980949395/domains/sector71.app/public_html/vendor/laravel/framework/src/Illuminate/Database/Migrations/Migrator.php(569): Illuminate\\Filesystem\\Filesystem->requireOnce()
#2 /home/u980949395/domains/sector71.app/public_html/vendor/laravel/framework/src/Illuminate/Database/Migrations/Migrator.php(117): Illuminate\\Database\\Migrations\\Migrator->requireFiles()
#3 /home/u980949395/domains/sector71.app/public_html/vendor/laravel/framework/src/Illuminate/Database/Console/Migrations/MigrateCommand.php(88): Illuminate\\Database\\Migrations\\Migrator->run()
#4 /home/u980949395/domains/sector71.app/public_html/vendor/laravel/framework/src/Illuminate/Database/Migrations/Migrator.php(628): Illuminate\\Database\\Console\\Migrations\\MigrateCommand->Illuminate\\Database\\Console\\Migrations\\{closure}()
#5 /home/u980949395/domains/sector71.app/public_html/vendor/laravel/framework/src/Illuminate/Database/Console/Migrations/MigrateCommand.php(81): Illuminate\\Database\\Migrations\\Migrator->usingConnection()
#6 /home/u980949395/domains/sector71.app/public_html/vendor/laravel/framework/src/Illuminate/Container/BoundMethod.php(36): Illuminate\\Database\\Console\\Migrations\\MigrateCommand->handle()
#7 /home/u980949395/domains/sector71.app/public_html/vendor/laravel/framework/src/Illuminate/Container/Util.php(41): Illuminate\\Container\\BoundMethod::Illuminate\\Container\\{closure}()
#8 /home/u980949395/domains/sector71.app/public_html/vendor/laravel/framework/src/Illuminate/Container/BoundMethod.php(93): Illuminate\\Container\\Util::unwrapIfClosure()
#9 /home/u980949395/domains/sector71.app/public_html/vendor/laravel/framework/src/Illuminate/Container/BoundMethod.php(35): Illuminate\\Container\\BoundMethod::callBoundMethod()
#10 /home/u980949395/domains/sector71.app/public_html/vendor/laravel/framework/src/Illuminate/Container/Container.php(661): Illuminate\\Container\\BoundMethod::call()
#11 /home/u980949395/domains/sector71.app/public_html/vendor/laravel/framework/src/Illuminate/Console/Command.php(183): Illuminate\\Container\\Container->call()
#12 /home/u980949395/domains/sector71.app/public_html/vendor/symfony/console/Command/Command.php(312): Illuminate\\Console\\Command->execute()
#13 /home/u980949395/domains/sector71.app/public_html/vendor/laravel/framework/src/Illuminate/Console/Command.php(152): Symfony\\Component\\Console\\Command\\Command->run()
#14 /home/u980949395/domains/sector71.app/public_html/vendor/symfony/console/Application.php(1022): Illuminate\\Console\\Command->run()
#15 /home/u980949395/domains/sector71.app/public_html/vendor/symfony/console/Application.php(314): Symfony\\Component\\Console\\Application->doRunCommand()
#16 /home/u980949395/domains/sector71.app/public_html/vendor/symfony/console/Application.php(168): Symfony\\Component\\Console\\Application->doRun()
#17 /home/u980949395/domains/sector71.app/public_html/vendor/laravel/framework/src/Illuminate/Console/Application.php(102): Symfony\\Component\\Console\\Application->run()
#18 /home/u980949395/domains/sector71.app/public_html/vendor/laravel/framework/src/Illuminate/Foundation/Console/Kernel.php(155): Illuminate\\Console\\Application->run()
#19 /home/u980949395/domains/sector71.app/public_html/artisan(35): Illuminate\\Foundation\\Console\\Kernel->handle()
#20 {main}
"} 
[2026-05-07 15:28:11] live.ERROR: syntax error, unexpected token "public" {"exception":"[object] (ParseError(code: 0): syntax error, unexpected token \"public\" at /home/u980949395/domains/sector71.app/public_html/Modules/Hospital/Http/Controllers/HospitalBedController.php:22)
[stacktrace]
#0 /home/u980949395/domains/sector71.app/public_html/vendor/composer/ClassLoader.php(427): Composer\\Autoload\\{closure}()
#1 [internal function]: Composer\\Autoload\\ClassLoader->loadClass()
#2 /home/u980949395/domains/sector71.app/public_html/vendor/laravel/framework/src/Illuminate/Routing/Route.php(1091): is_a()
#3 /home/u980949395/domains/sector71.app/public_html/vendor/laravel/framework/src/Illuminate/Routing/Route.php(1030): Illuminate\\Routing\\Route->controllerMiddleware()
#4 /home/u980949395/domains/sector71.app/public_html/vendor/laravel/framework/src/Illuminate/Routing/Router.php(810): Illuminate\\Routing\\Route->gatherMiddleware()
#5 /home/u980949395/domains/sector71.app/public_html/vendor/laravel/framework/src/Illuminate/Routing/Router.php(792): Illuminate\\Routing\\Router->gatherRouteMiddleware()
#6 /home/u980949395/domains/sector71.app/public_html/vendor/laravel/framework/src/Illuminate/Routing/Router.php(776): Illuminate\\Routing\\Router->runRouteWithinStack()
#7 /home/u980949395/domains/sector71.app/public_html/vendor/laravel/framework/src/Illuminate/Routing/Router.php(740): Illuminate\\Routing\\Router->runRoute()
#8 /home/u980949395/domains/sector71.app/public_html/vendor/laravel/framework/src/Illuminate/Routing/Router.php(729): Illuminate\\Routing\\Router->dispatchToRoute()
#9 /home/u980949395/domains/sector71.app/public_html/vendor/laravel/framework/src/Illuminate/Foundation/Http/Kernel.php(190): Illuminate\\Routing\\Router->dispatch()
#10 /home/u980949395/domains/sector71.app/public_html/vendor/laravel/framework/src/Illuminate/Pipeline/Pipeline.php(141): Illuminate\\Foundation\\Http\\Kernel->Illuminate\\Foundation\\Http\\{closure}()
#11 /home/u980949395/domains/sector71.app/public_html/vendor/barryvdh/laravel-debugbar/src/Middleware/InjectDebugbar.php(59): Illuminate\\Pipeline\\Pipeline->Illuminate\\Pipeline\\{closure}()
#12 /home/u980949395/domains/sector71.app/public_html/vendor/laravel/framework/src/Illuminate/Pipeline/Pipeline.php(180): Barryvdh\\Debugbar\\Middleware\\InjectDebugbar->handle()
#13 /home/u980949395/domains/sector71.app/public_html/vendor/laravel/framework/src/Illuminate/Foundation/Http/Middleware/TransformsRequest.php(21): Illuminate\\Pipeline\\Pipeline->Illuminate\\Pipeline\\{closure}()
#14 /home/u980949395/domains/sector71.app/public_html/vendor/laravel/framework/src/Illuminate/Foundation/Http/Middleware/ConvertEmptyStringsToNull.php(31): Illuminate\\Foundation\\Http\\Middleware\\TransformsRequest->handle()
#15 /home/u980949395/domains/sector71.app/public_html/vendor/laravel/framework/src/Illuminate/Pipeline/Pipeline.php(180): Illuminate\\Foundation\\Http\\Middleware\\ConvertEmptyStringsToNull->handle()
#16 /home/u980949395/domains/sector71.app/public_html/vendor/laravel/framework/src/Illuminate/Foundation/Http/Middleware/TransformsRequest.php(21): Illuminate\\Pipeline\\Pipeline->Illuminate\\Pipeline\\{closure}()
#17 /home/u980949395/domains/sector71.app/public_html/vendor/laravel/framework/src/Illuminate/Foundation/Http/Middleware/TrimStrings.php(40): Illuminate\\Foundation\\Http\\Middleware\\TransformsRequest->handle()
#18 /home/u980949395/domains/sector71.app/public_html/vendor/laravel/framework/src/Illuminate/Pipeline/Pipeline.php(180): Illuminate\\Foundation\\Http\\Middleware\\TrimStrings->handle()
#19 /home/u980949395/domains/sector71.app/public_html/vendor/laravel/framework/src/Illuminate/Foundation/Http/Middleware/ValidatePostSize.php(27): Illuminate\\Pipeline\\Pipeline->Illuminate\\Pipeline\\{closure}()
#20 /home/u980949395/domains/sector71.app/public_html/vendor/laravel/framework/src/Illuminate/Pipeline/Pipeline.php(180): Illuminate\\Foundation\\Http\\Middleware\\ValidatePostSize->handle()
#21 /home/u980949395/domains/sector71.app/public_html/vendor/laravel/framework/src/Illuminate/Foundation/Http/Middleware/PreventRequestsDuringMaintenance.php(86): Illuminate\\Pipeline\\Pipeline->Illuminate\\Pipeline\\{closure}()
#22 /home/u980949395/domains/sector71.app/public_html/vendor/laravel/framework/src/Illuminate/Pipeline/Pipeline.php(180): Illuminate\\Foundation\\Http\\Middleware\\PreventRequestsDuringMaintenance->handle()
#23 /home/u980949395/domains/sector71.app/public_html/vendor/laravel/framework/src/Illuminate/Http/Middleware/HandleCors.php(49): Illuminate\\Pipeline\\Pipeline->Illuminate\\Pipeline\\{closure}()
#24 /home/u980949395/domains/sector71.app/public_html/vendor/laravel/framework/src/Illuminate/Pipeline/Pipeline.php(180): Illuminate\\Http\\Middleware\\HandleCors->handle()
#25 /home/u980949395/domains/sector71.app/public_html/app/Http/Middleware/SecurityHeaders.php(12): Illuminate\\Pipeline\\Pipeline->Illuminate\\Pipeline\\{closure}()
#26 /home/u980949395/domains/sector71.app/public_html/vendor/laravel/framework/src/Illuminate/Pipeline/Pipeline.php(180): App\\Http\\Middleware\\SecurityHeaders->handle()
#27 /home/u980949395/domains/sector71.app/public_html/vendor/laravel/framework/src/Illuminate/Http/Middleware/TrustProxies.php(39): Illuminate\\Pipeline\\Pipeline->Illuminate\\Pipeline\\{closure}()
#28 /home/u980949395/domains/sector71.app/public_html/vendor/laravel/framework/src/Illuminate/Pipeline/Pipeline.php(180): Illuminate\\Http\\Middleware\\TrustProxies->handle()
#29 /home/u980949395/domains/sector71.app/public_html/vendor/laravel/framework/src/Illuminate/Pipeline/Pipeline.php(116): Illuminate\\Pipeline\\Pipeline->Illuminate\\Pipeline\\{closure}()
#30 /home/u980949395/domains/sector71.app/public_html/vendor/laravel/framework/src/Illuminate/Foundation/Http/Kernel.php(165): Illuminate\\Pipeline\\Pipeline->then()
#31 /home/u980949395/domains/sector71.app/public_html/vendor/laravel/framework/src/Illuminate/Foundation/Http/Kernel.php(134): Illuminate\\Foundation\\Http\\Kernel->sendRequestThroughRouter()
#32 /home/u980949395/domains/sector71.app/public_html/public/index.php(51): Illuminate\\Foundation\\Http\\Kernel->handle()
#33 {main}
"} 
[2026-05-07 15:28:11] live.ERROR: syntax error, unexpected token "public" {"exception":"[object] (ParseError(code: 0): syntax error, unexpected token \"public\" at /home/u980949395/domains/sector71.app/public_html/Modules/Hospital/Http/Controllers/HospitalBedController.php:22)
[stacktrace]
#0 /home/u980949395/domains/sector71.app/public_html/vendor/composer/ClassLoader.php(427): Composer\\Autoload\\{closure}()
#1 [internal function]: Composer\\Autoload\\ClassLoader->loadClass()
#2 /home/u980949395/domains/sector71.app/public_html/vendor/laravel/framework/src/Illuminate/Routing/Route.php(1091): is_a()
#3 /home/u980949395/domains/sector71.app/public_html/vendor/laravel/framework/src/Illuminate/Routing/Route.php(1030): Illuminate\\Routing\\Route->controllerMiddleware()
#4 /home/u980949395/domains/sector71.app/public_html/vendor/laravel/framework/src/Illuminate/Routing/Router.php(810): Illuminate\\Routing\\Route->gatherMiddleware()
#5 /home/u980949395/domains/sector71.app/public_html/vendor/laravel/framework/src/Illuminate/Routing/Router.php(792): Illuminate\\Routing\\Router->gatherRouteMiddleware()
#6 /home/u980949395/domains/sector71.app/public_html/vendor/laravel/framework/src/Illuminate/Routing/Router.php(776): Illuminate\\Routing\\Router->runRouteWithinStack()
#7 /home/u980949395/domains/sector71.app/public_html/vendor/laravel/framework/src/Illuminate/Routing/Router.php(740): Illuminate\\Routing\\Router->runRoute()
#8 /home/u980949395/domains/sector71.app/public_html/vendor/laravel/framework/src/Illuminate/Routing/Router.php(729): Illuminate\\Routing\\Router->dispatchToRoute()
#9 /home/u980949395/domains/sector71.app/public_html/vendor/laravel/framework/src/Illuminate/Foundation/Http/Kernel.php(190): Illuminate\\Routing\\Router->dispatch()
#10 /home/u980949395/domains/sector71.app/public_html/vendor/laravel/framework/src/Illuminate/Pipeline/Pipeline.php(141): Illuminate\\Foundation\\Http\\Kernel->Illuminate\\Foundation\\Http\\{closure}()
#11 /home/u980949395/domains/sector71.app/public_html/vendor/barryvdh/laravel-debugbar/src/Middleware/InjectDebugbar.php(59): Illuminate\\Pipeline\\Pipeline->Illuminate\\Pipeline\\{closure}()
#12 /home/u980949395/domains/sector71.app/public_html/vendor/laravel/framework/src/Illuminate/Pipeline/Pipeline.php(180): Barryvdh\\Debugbar\\Middleware\\InjectDebugbar->handle()
#13 /home/u980949395/domains/sector71.app/public_html/vendor/laravel/framework/src/Illuminate/Foundation/Http/Middleware/TransformsRequest.php(21): Illuminate\\Pipeline\\Pipeline->Illuminate\\Pipeline\\{closure}()
#14 /home/u980949395/domains/sector71.app/public_html/vendor/laravel/framework/src/Illuminate/Foundation/Http/Middleware/ConvertEmptyStringsToNull.php(31): Illuminate\\Foundation\\Http\\Middleware\\TransformsRequest->handle()
#15 /home/u980949395/domains/sector71.app/public_html/vendor/laravel/framework/src/Illuminate/Pipeline/Pipeline.php(180): Illuminate\\Foundation\\Http\\Middleware\\ConvertEmptyStringsToNull->handle()
#16 /home/u980949395/domains/sector71.app/public_html/vendor/laravel/framework/src/Illuminate/Foundation/Http/Middleware/TransformsRequest.php(21): Illuminate\\Pipeline\\Pipeline->Illuminate\\Pipeline\\{closure}()
#17 /home/u980949395/domains/sector71.app/public_html/vendor/laravel/framework/src/Illuminate/Foundation/Http/Middleware/TrimStrings.php(40): Illuminate\\Foundation\\Http\\Middleware\\TransformsRequest->handle()
#18 /home/u980949395/domains/sector71.app/public_html/vendor/laravel/framework/src/Illuminate/Pipeline/Pipeline.php(180): Illuminate\\Foundation\\Http\\Middleware\\TrimStrings->handle()
#19 /home/u980949395/domains/sector71.app/public_html/vendor/laravel/framework/src/Illuminate/Foundation/Http/Middleware/ValidatePostSize.php(27): Illuminate\\Pipeline\\Pipeline->Illuminate\\Pipeline\\{closure}()
#20 /home/u980949395/domains/sector71.app/public_html/vendor/laravel/framework/src/Illuminate/Pipeline/Pipeline.php(180): Illuminate\\Foundation\\Http\\Middleware\\ValidatePostSize->handle()
#21 /home/u980949395/domains/sector71.app/public_html/vendor/laravel/framework/src/Illuminate/Foundation/Http/Middleware/PreventRequestsDuringMaintenance.php(86): Illuminate\\Pipeline\\Pipeline->Illuminate\\Pipeline\\{closure}()
#22 /home/u980949395/domains/sector71.app/public_html/vendor/laravel/framework/src/Illuminate/Pipeline/Pipeline.php(180): Illuminate\\Foundation\\Http\\Middleware\\PreventRequestsDuringMaintenance->handle()
#23 /home/u980949395/domains/sector71.app/public_html/vendor/laravel/framework/src/Illuminate/Http/Middleware/HandleCors.php(49): Illuminate\\Pipeline\\Pipeline->Illuminate\\Pipeline\\{closure}()
#24 /home/u980949395/domains/sector71.app/public_html/vendor/laravel/framework/src/Illuminate/Pipeline/Pipeline.php(180): Illuminate\\Http\\Middleware\\HandleCors->handle()
#25 /home/u980949395/domains/sector71.app/public_html/app/Http/Middleware/SecurityHeaders.php(12): Illuminate\\Pipeline\\Pipeline->Illuminate\\Pipeline\\{closure}()
#26 /home/u980949395/domains/sector71.app/public_html/vendor/laravel/framework/src/Illuminate/Pipeline/Pipeline.php(180): App\\Http\\Middleware\\SecurityHeaders->handle()
#27 /home/u980949395/domains/sector71.app/public_html/vendor/laravel/framework/src/Illuminate/Http/Middleware/TrustProxies.php(39): Illuminate\\Pipeline\\Pipeline->Illuminate\\Pipeline\\{closure}()
#28 /home/u980949395/domains/sector71.app/public_html/vendor/laravel/framework/src/Illuminate/Pipeline/Pipeline.php(180): Illuminate\\Http\\Middleware\\TrustProxies->handle()
#29 /home/u980949395/domains/sector71.app/public_html/vendor/laravel/framework/src/Illuminate/Pipeline/Pipeline.php(116): Illuminate\\Pipeline\\Pipeline->Illuminate\\Pipeline\\{closure}()
#30 /home/u980949395/domains/sector71.app/public_html/vendor/laravel/framework/src/Illuminate/Foundation/Http/Kernel.php(165): Illuminate\\Pipeline\\Pipeline->then()
#31 /home/u980949395/domains/sector71.app/public_html/vendor/laravel/framework/src/Illuminate/Foundation/Http/Kernel.php(134): Illuminate\\Foundation\\Http\\Kernel->sendRequestThroughRouter()
#32 /home/u980949395/domains/sector71.app/public_html/public/index.php(51): Illuminate\\Foundation\\Http\\Kernel->handle()
#33 {main}
"} 
[2026-05-07 15:28:20] live.ERROR: syntax error, unexpected token "public" {"exception":"[object] (ParseError(code: 0): syntax error, unexpected token \"public\" at /home/u980949395/domains/sector71.app/public_html/Modules/Hospital/Http/Controllers/HospitalBedController.php:22)
[stacktrace]
#0 /home/u980949395/domains/sector71.app/public_html/vendor/composer/ClassLoader.php(427): Composer\\Autoload\\{closure}()
#1 [internal function]: Composer\\Autoload\\ClassLoader->loadClass()
#2 /home/u980949395/domains/sector71.app/public_html/vendor/laravel/framework/src/Illuminate/Routing/Route.php(1091): is_a()
#3 /home/u980949395/domains/sector71.app/public_html/vendor/laravel/framework/src/Illuminate/Routing/Route.php(1030): Illuminate\\Routing\\Route->controllerMiddleware()
#4 /home/u980949395/domains/sector71.app/public_html/vendor/laravel/framework/src/Illuminate/Routing/Router.php(810): Illuminate\\Routing\\Route->gatherMiddleware()
#5 /home/u980949395/domains/sector71.app/public_html/vendor/laravel/framework/src/Illuminate/Routing/Router.php(792): Illuminate\\Routing\\Router->gatherRouteMiddleware()
#6 /home/u980949395/domains/sector71.app/public_html/vendor/laravel/framework/src/Illuminate/Routing/Router.php(776): Illuminate\\Routing\\Router->runRouteWithinStack()
#7 /home/u980949395/domains/sector71.app/public_html/vendor/laravel/framework/src/Illuminate/Routing/Router.php(740): Illuminate\\Routing\\Router->runRoute()
#8 /home/u980949395/domains/sector71.app/public_html/vendor/laravel/framework/src/Illuminate/Routing/Router.php(729): Illuminate\\Routing\\Router->dispatchToRoute()
#9 /home/u980949395/domains/sector71.app/public_html/vendor/laravel/framework/src/Illuminate/Foundation/Http/Kernel.php(190): Illuminate\\Routing\\Router->dispatch()
#10 /home/u980949395/domains/sector71.app/public_html/vendor/laravel/framework/src/Illuminate/Pipeline/Pipeline.php(141): Illuminate\\Foundation\\Http\\Kernel->Illuminate\\Foundation\\Http\\{closure}()
#11 /home/u980949395/domains/sector71.app/public_html/vendor/barryvdh/laravel-debugbar/src/Middleware/InjectDebugbar.php(59): Illuminate\\Pipeline\\Pipeline->Illuminate\\Pipeline\\{closure}()
#12 /home/u980949395/domains/sector71.app/public_html/vendor/laravel/framework/src/Illuminate/Pipeline/Pipeline.php(180): Barryvdh\\Debugbar\\Middleware\\InjectDebugbar->handle()
#13 /home/u980949395/domains/sector71.app/public_html/vendor/laravel/framework/src/Illuminate/Foundation/Http/Middleware/TransformsRequest.php(21): Illuminate\\Pipeline\\Pipeline->Illuminate\\Pipeline\\{closure}()
#14 /home/u980949395/domains/sector71.app/public_html/vendor/laravel/framework/src/Illuminate/Foundation/Http/Middleware/ConvertEmptyStringsToNull.php(31): Illuminate\\Foundation\\Http\\Middleware\\TransformsRequest->handle()
#15 /home/u980949395/domains/sector71.app/public_html/vendor/laravel/framework/src/Illuminate/Pipeline/Pipeline.php(180): Illuminate\\Foundation\\Http\\Middleware\\ConvertEmptyStringsToNull->handle()
#16 /home/u980949395/domains/sector71.app/public_html/vendor/laravel/framework/src/Illuminate/Foundation/Http/Middleware/TransformsRequest.php(21): Illuminate\\Pipeline\\Pipeline->Illuminate\\Pipeline\\{closure}()
#17 /home/u980949395/domains/sector71.app/public_html/vendor/laravel/framework/src/Illuminate/Foundation/Http/Middleware/TrimStrings.php(40): Illuminate\\Foundation\\Http\\Middleware\\TransformsRequest->handle()
#18 /home/u980949395/domains/sector71.app/public_html/vendor/laravel/framework/src/Illuminate/Pipeline/Pipeline.php(180): Illuminate\\Foundation\\Http\\Middleware\\TrimStrings->handle()
#19 /home/u980949395/domains/sector71.app/public_html/vendor/laravel/framework/src/Illuminate/Foundation/Http/Middleware/ValidatePostSize.php(27): Illuminate\\Pipeline\\Pipeline->Illuminate\\Pipeline\\{closure}()
#20 /home/u980949395/domains/sector71.app/public_html/vendor/laravel/framework/src/Illuminate/Pipeline/Pipeline.php(180): Illuminate\\Foundation\\Http\\Middleware\\ValidatePostSize->handle()
#21 /home/u980949395/domains/sector71.app/public_html/vendor/laravel/framework/src/Illuminate/Foundation/Http/Middleware/PreventRequestsDuringMaintenance.php(86): Illuminate\\Pipeline\\Pipeline->Illuminate\\Pipeline\\{closure}()
#22 /home/u980949395/domains/sector71.app/public_html/vendor/laravel/framework/src/Illuminate/Pipeline/Pipeline.php(180): Illuminate\\Foundation\\Http\\Middleware\\PreventRequestsDuringMaintenance->handle()
#23 /home/u980949395/domains/sector71.app/public_html/vendor/laravel/framework/src/Illuminate/Http/Middleware/HandleCors.php(49): Illuminate\\Pipeline\\Pipeline->Illuminate\\Pipeline\\{closure}()
#24 /home/u980949395/domains/sector71.app/public_html/vendor/laravel/framework/src/Illuminate/Pipeline/Pipeline.php(180): Illuminate\\Http\\Middleware\\HandleCors->handle()
#25 /home/u980949395/domains/sector71.app/public_html/app/Http/Middleware/SecurityHeaders.php(12): Illuminate\\Pipeline\\Pipeline->Illuminate\\Pipeline\\{closure}()
#26 /home/u980949395/domains/sector71.app/public_html/vendor/laravel/framework/src/Illuminate/Pipeline/Pipeline.php(180): App\\Http\\Middleware\\SecurityHeaders->handle()
#27 /home/u980949395/domains/sector71.app/public_html/vendor/laravel/framework/src/Illuminate/Http/Middleware/TrustProxies.php(39): Illuminate\\Pipeline\\Pipeline->Illuminate\\Pipeline\\{closure}()
#28 /home/u980949395/domains/sector71.app/public_html/vendor/laravel/framework/src/Illuminate/Pipeline/Pipeline.php(180): Illuminate\\Http\\Middleware\\TrustProxies->handle()
#29 /home/u980949395/domains/sector71.app/public_html/vendor/laravel/framework/src/Illuminate/Pipeline/Pipeline.php(116): Illuminate\\Pipeline\\Pipeline->Illuminate\\Pipeline\\{closure}()
#30 /home/u980949395/domains/sector71.app/public_html/vendor/laravel/framework/src/Illuminate/Foundation/Http/Kernel.php(165): Illuminate\\Pipeline\\Pipeline->then()
#31 /home/u980949395/domains/sector71.app/public_html/vendor/laravel/framework/src/Illuminate/Foundation/Http/Kernel.php(134): Illuminate\\Foundation\\Http\\Kernel->sendRequestThroughRouter()
#32 /home/u980949395/domains/sector71.app/public_html/public/index.php(51): Illuminate\\Foundation\\Http\\Kernel->handle()
#33 {main}
"} 
[2026-05-07 15:28:27] live.ERROR: syntax error, unexpected token "public" {"exception":"[object] (ParseError(code: 0): syntax error, unexpected token \"public\" at /home/u980949395/domains/sector71.app/public_html/Modules/Hospital/Http/Controllers/HospitalBedController.php:22)
[stacktrace]
#0 /home/u980949395/domains/sector71.app/public_html/vendor/composer/ClassLoader.php(427): Composer\\Autoload\\{closure}()
#1 [internal function]: Composer\\Autoload\\ClassLoader->loadClass()
#2 /home/u980949395/domains/sector71.app/public_html/vendor/laravel/framework/src/Illuminate/Routing/Route.php(1091): is_a()
#3 /home/u980949395/domains/sector71.app/public_html/vendor/laravel/framework/src/Illuminate/Routing/Route.php(1030): Illuminate\\Routing\\Route->controllerMiddleware()
#4 /home/u980949395/domains/sector71.app/public_html/vendor/laravel/framework/src/Illuminate/Routing/Router.php(810): Illuminate\\Routing\\Route->gatherMiddleware()
#5 /home/u980949395/domains/sector71.app/public_html/vendor/laravel/framework/src/Illuminate/Routing/Router.php(792): Illuminate\\Routing\\Router->gatherRouteMiddleware()
#6 /home/u980949395/domains/sector71.app/public_html/vendor/laravel/framework/src/Illuminate/Routing/Router.php(776): Illuminate\\Routing\\Router->runRouteWithinStack()
#7 /home/u980949395/domains/sector71.app/public_html/vendor/laravel/framework/src/Illuminate/Routing/Router.php(740): Illuminate\\Routing\\Router->runRoute()
#8 /home/u980949395/domains/sector71.app/public_html/vendor/laravel/framework/src/Illuminate/Routing/Router.php(729): Illuminate\\Routing\\Router->dispatchToRoute()
#9 /home/u980949395/domains/sector71.app/public_html/vendor/laravel/framework/src/Illuminate/Foundation/Http/Kernel.php(190): Illuminate\\Routing\\Router->dispatch()
#10 /home/u980949395/domains/sector71.app/public_html/vendor/laravel/framework/src/Illuminate/Pipeline/Pipeline.php(141): Illuminate\\Foundation\\Http\\Kernel->Illuminate\\Foundation\\Http\\{closure}()
#11 /home/u980949395/domains/sector71.app/public_html/vendor/barryvdh/laravel-debugbar/src/Middleware/InjectDebugbar.php(59): Illuminate\\Pipeline\\Pipeline->Illuminate\\Pipeline\\{closure}()
#12 /home/u980949395/domains/sector71.app/public_html/vendor/laravel/framework/src/Illuminate/Pipeline/Pipeline.php(180): Barryvdh\\Debugbar\\Middleware\\InjectDebugbar->handle()
#13 /home/u980949395/domains/sector71.app/public_html/vendor/laravel/framework/src/Illuminate/Foundation/Http/Middleware/TransformsRequest.php(21): Illuminate\\Pipeline\\Pipeline->Illuminate\\Pipeline\\{closure}()
#14 /home/u980949395/domains/sector71.app/public_html/vendor/laravel/framework/src/Illuminate/Foundation/Http/Middleware/ConvertEmptyStringsToNull.php(31): Illuminate\\Foundation\\Http\\Middleware\\TransformsRequest->handle()
#15 /home/u980949395/domains/sector71.app/public_html/vendor/laravel/framework/src/Illuminate/Pipeline/Pipeline.php(180): Illuminate\\Foundation\\Http\\Middleware\\ConvertEmptyStringsToNull->handle()
#16 /home/u980949395/domains/sector71.app/public_html/vendor/laravel/framework/src/Illuminate/Foundation/Http/Middleware/TransformsRequest.php(21): Illuminate\\Pipeline\\Pipeline->Illuminate\\Pipeline\\{closure}()
#17 /home/u980949395/domains/sector71.app/public_html/vendor/laravel/framework/src/Illuminate/Foundation/Http/Middleware/TrimStrings.php(40): Illuminate\\Foundation\\Http\\Middleware\\TransformsRequest->handle()
#18 /home/u980949395/domains/sector71.app/public_html/vendor/laravel/framework/src/Illuminate/Pipeline/Pipeline.php(180): Illuminate\\Foundation\\Http\\Middleware\\TrimStrings->handle()
#19 /home/u980949395/domains/sector71.app/public_html/vendor/laravel/framework/src/Illuminate/Foundation/Http/Middleware/ValidatePostSize.php(27): Illuminate\\Pipeline\\Pipeline->Illuminate\\Pipeline\\{closure}()
#20 /home/u980949395/domains/sector71.app/public_html/vendor/laravel/framework/src/Illuminate/Pipeline/Pipeline.php(180): Illuminate\\Foundation\\Http\\Middleware\\ValidatePostSize->handle()
#21 /home/u980949395/domains/sector71.app/public_html/vendor/laravel/framework/src/Illuminate/Foundation/Http/Middleware/PreventRequestsDuringMaintenance.php(86): Illuminate\\Pipeline\\Pipeline->Illuminate\\Pipeline\\{closure}()
#22 /home/u980949395/domains/sector71.app/public_html/vendor/laravel/framework/src/Illuminate/Pipeline/Pipeline.php(180): Illuminate\\Foundation\\Http\\Middleware\\PreventRequestsDuringMaintenance->handle()
#23 /home/u980949395/domains/sector71.app/public_html/vendor/laravel/framework/src/Illuminate/Http/Middleware/HandleCors.php(49): Illuminate\\Pipeline\\Pipeline->Illuminate\\Pipeline\\{closure}()
#24 /home/u980949395/domains/sector71.app/public_html/vendor/laravel/framework/src/Illuminate/Pipeline/Pipeline.php(180): Illuminate\\Http\\Middleware\\HandleCors->handle()
#25 /home/u980949395/domains/sector71.app/public_html/app/Http/Middleware/SecurityHeaders.php(12): Illuminate\\Pipeline\\Pipeline->Illuminate\\Pipeline\\{closure}()
#26 /home/u980949395/domains/sector71.app/public_html/vendor/laravel/framework/src/Illuminate/Pipeline/Pipeline.php(180): App\\Http\\Middleware\\SecurityHeaders->handle()
#27 /home/u980949395/domains/sector71.app/public_html/vendor/laravel/framework/src/Illuminate/Http/Middleware/TrustProxies.php(39): Illuminate\\Pipeline\\Pipeline->Illuminate\\Pipeline\\{closure}()
#28 /home/u980949395/domains/sector71.app/public_html/vendor/laravel/framework/src/Illuminate/Pipeline/Pipeline.php(180): Illuminate\\Http\\Middleware\\TrustProxies->handle()
#29 /home/u980949395/domains/sector71.app/public_html/vendor/laravel/framework/src/Illuminate/Pipeline/Pipeline.php(116): Illuminate\\Pipeline\\Pipeline->Illuminate\\Pipeline\\{closure}()
#30 /home/u980949395/domains/sector71.app/public_html/vendor/laravel/framework/src/Illuminate/Foundation/Http/Kernel.php(165): Illuminate\\Pipeline\\Pipeline->then()
#31 /home/u980949395/domains/sector71.app/public_html/vendor/laravel/framework/src/Illuminate/Foundation/Http/Kernel.php(134): Illuminate\\Foundation\\Http\\Kernel->sendRequestThroughRouter()
#32 /home/u980949395/domains/sector71.app/public_html/public/index.php(51): Illuminate\\Foundation\\Http\\Kernel->handle()
#33 {main}
"} 
[2026-05-07 15:28:29] live.ERROR: syntax error, unexpected token "public" {"exception":"[object] (ParseError(code: 0): syntax error, unexpected token \"public\" at /home/u980949395/domains/sector71.app/public_html/Modules/Hospital/Http/Controllers/HospitalBedController.php:22)
[stacktrace]
#0 /home/u980949395/domains/sector71.app/public_html/vendor/composer/ClassLoader.php(427): Composer\\Autoload\\{closure}()
#1 [internal function]: Composer\\Autoload\\ClassLoader->loadClass()
#2 /home/u980949395/domains/sector71.app/public_html/vendor/laravel/framework/src/Illuminate/Routing/Route.php(1091): is_a()
#3 /home/u980949395/domains/sector71.app/public_html/vendor/laravel/framework/src/Illuminate/Routing/Route.php(1030): Illuminate\\Routing\\Route->controllerMiddleware()
#4 /home/u980949395/domains/sector71.app/public_html/vendor/laravel/framework/src/Illuminate/Routing/Router.php(810): Illuminate\\Routing\\Route->gatherMiddleware()
#5 /home/u980949395/domains/sector71.app/public_html/vendor/laravel/framework/src/Illuminate/Routing/Router.php(792): Illuminate\\Routing\\Router->gatherRouteMiddleware()
#6 /home/u980949395/domains/sector71.app/public_html/vendor/laravel/framework/src/Illuminate/Routing/Router.php(776): Illuminate\\Routing\\Router->runRouteWithinStack()
#7 /home/u980949395/domains/sector71.app/public_html/vendor/laravel/framework/src/Illuminate/Routing/Router.php(740): Illuminate\\Routing\\Router->runRoute()
#8 /home/u980949395/domains/sector71.app/public_html/vendor/laravel/framework/src/Illuminate/Routing/Router.php(729): Illuminate\\Routing\\Router->dispatchToRoute()
#9 /home/u980949395/domains/sector71.app/public_html/vendor/laravel/framework/src/Illuminate/Foundation/Http/Kernel.php(190): Illuminate\\Routing\\Router->dispatch()
#10 /home/u980949395/domains/sector71.app/public_html/vendor/laravel/framework/src/Illuminate/Pipeline/Pipeline.php(141): Illuminate\\Foundation\\Http\\Kernel->Illuminate\\Foundation\\Http\\{closure}()
#11 /home/u980949395/domains/sector71.app/public_html/vendor/barryvdh/laravel-debugbar/src/Middleware/InjectDebugbar.php(59): Illuminate\\Pipeline\\Pipeline->Illuminate\\Pipeline\\{closure}()
#12 /home/u980949395/domains/sector71.app/public_html/vendor/laravel/framework/src/Illuminate/Pipeline/Pipeline.php(180): Barryvdh\\Debugbar\\Middleware\\InjectDebugbar->handle()
#13 /home/u980949395/domains/sector71.app/public_html/vendor/laravel/framework/src/Illuminate/Foundation/Http/Middleware/TransformsRequest.php(21): Illuminate\\Pipeline\\Pipeline->Illuminate\\Pipeline\\{closure}()
#14 /home/u980949395/domains/sector71.app/public_html/vendor/laravel/framework/src/Illuminate/Foundation/Http/Middleware/ConvertEmptyStringsToNull.php(31): Illuminate\\Foundation\\Http\\Middleware\\TransformsRequest->handle()
#15 /home/u980949395/domains/sector71.app/public_html/vendor/laravel/framework/src/Illuminate/Pipeline/Pipeline.php(180): Illuminate\\Foundation\\Http\\Middleware\\ConvertEmptyStringsToNull->handle()
#16 /home/u980949395/domains/sector71.app/public_html/vendor/laravel/framework/src/Illuminate/Foundation/Http/Middleware/TransformsRequest.php(21): Illuminate\\Pipeline\\Pipeline->Illuminate\\Pipeline\\{closure}()
#17 /home/u980949395/domains/sector71.app/public_html/vendor/laravel/framework/src/Illuminate/Foundation/Http/Middleware/TrimStrings.php(40): Illuminate\\Foundation\\Http\\Middleware\\TransformsRequest->handle()
#18 /home/u980949395/domains/sector71.app/public_html/vendor/laravel/framework/src/Illuminate/Pipeline/Pipeline.php(180): Illuminate\\Foundation\\Http\\Middleware\\TrimStrings->handle()
#19 /home/u980949395/domains/sector71.app/public_html/vendor/laravel/framework/src/Illuminate/Foundation/Http/Middleware/ValidatePostSize.php(27): Illuminate\\Pipeline\\Pipeline->Illuminate\\Pipeline\\{closure}()
#20 /home/u980949395/domains/sector71.app/public_html/vendor/laravel/framework/src/Illuminate/Pipeline/Pipeline.php(180): Illuminate\\Foundation\\Http\\Middleware\\ValidatePostSize->handle()
#21 /home/u980949395/domains/sector71.app/public_html/vendor/laravel/framework/src/Illuminate/Foundation/Http/Middleware/PreventRequestsDuringMaintenance.php(86): Illuminate\\Pipeline\\Pipeline->Illuminate\\Pipeline\\{closure}()
#22 /home/u980949395/domains/sector71.app/public_html/vendor/laravel/framework/src/Illuminate/Pipeline/Pipeline.php(180): Illuminate\\Foundation\\Http\\Middleware\\PreventRequestsDuringMaintenance->handle()
#23 /home/u980949395/domains/sector71.app/public_html/vendor/laravel/framework/src/Illuminate/Http/Middleware/HandleCors.php(49): Illuminate\\Pipeline\\Pipeline->Illuminate\\Pipeline\\{closure}()
#24 /home/u980949395/domains/sector71.app/public_html/vendor/laravel/framework/src/Illuminate/Pipeline/Pipeline.php(180): Illuminate\\Http\\Middleware\\HandleCors->handle()
#25 /home/u980949395/domains/sector71.app/public_html/app/Http/Middleware/SecurityHeaders.php(12): Illuminate\\Pipeline\\Pipeline->Illuminate\\Pipeline\\{closure}()
#26 /home/u980949395/domains/sector71.app/public_html/vendor/laravel/framework/src/Illuminate/Pipeline/Pipeline.php(180): App\\Http\\Middleware\\SecurityHeaders->handle()
#27 /home/u980949395/domains/sector71.app/public_html/vendor/laravel/framework/src/Illuminate/Http/Middleware/TrustProxies.php(39): Illuminate\\Pipeline\\Pipeline->Illuminate\\Pipeline\\{closure}()
#28 /home/u980949395/domains/sector71.app/public_html/vendor/laravel/framework/src/Illuminate/Pipeline/Pipeline.php(180): Illuminate\\Http\\Middleware\\TrustProxies->handle()
#29 /home/u980949395/domains/sector71.app/public_html/vendor/laravel/framework/src/Illuminate/Pipeline/Pipeline.php(116): Illuminate\\Pipeline\\Pipeline->Illuminate\\Pipeline\\{closure}()
#30 /home/u980949395/domains/sector71.app/public_html/vendor/laravel/framework/src/Illuminate/Foundation/Http/Kernel.php(165): Illuminate\\Pipeline\\Pipeline->then()
#31 /home/u980949395/domains/sector71.app/public_html/vendor/laravel/framework/src/Illuminate/Foundation/Http/Kernel.php(134): Illuminate\\Foundation\\Http\\Kernel->sendRequestThroughRouter()
#32 /home/u980949395/domains/sector71.app/public_html/public/index.php(51): Illuminate\\Foundation\\Http\\Kernel->handle()
#33 {main}
"} 
[2026-05-07 15:28:41] live.ERROR: syntax error, unexpected token "public" {"exception":"[object] (ParseError(code: 0): syntax error, unexpected token \"public\" at /home/u980949395/domains/sector71.app/public_html/Modules/Hospital/Http/Controllers/HospitalBedController.php:22)
[stacktrace]
#0 /home/u980949395/domains/sector71.app/public_html/vendor/composer/ClassLoader.php(427): Composer\\Autoload\\{closure}()
#1 [internal function]: Composer\\Autoload\\ClassLoader->loadClass()
#2 /home/u980949395/domains/sector71.app/public_html/vendor/laravel/framework/src/Illuminate/Routing/Route.php(1091): is_a()
#3 /home/u980949395/domains/sector71.app/public_html/vendor/laravel/framework/src/Illuminate/Routing/Route.php(1030): Illuminate\\Routing\\Route->controllerMiddleware()
#4 /home/u980949395/domains/sector71.app/public_html/vendor/laravel/framework/src/Illuminate/Routing/Router.php(810): Illuminate\\Routing\\Route->gatherMiddleware()
#5 /home/u980949395/domains/sector71.app/public_html/vendor/laravel/framework/src/Illuminate/Routing/Router.php(792): Illuminate\\Routing\\Router->gatherRouteMiddleware()
#6 /home/u980949395/domains/sector71.app/public_html/vendor/laravel/framework/src/Illuminate/Routing/Router.php(776): Illuminate\\Routing\\Router->runRouteWithinStack()
#7 /home/u980949395/domains/sector71.app/public_html/vendor/laravel/framework/src/Illuminate/Routing/Router.php(740): Illuminate\\Routing\\Router->runRoute()
#8 /home/u980949395/domains/sector71.app/public_html/vendor/laravel/framework/src/Illuminate/Routing/Router.php(729): Illuminate\\Routing\\Router->dispatchToRoute()
#9 /home/u980949395/domains/sector71.app/public_html/vendor/laravel/framework/src/Illuminate/Foundation/Http/Kernel.php(190): Illuminate\\Routing\\Router->dispatch()
#10 /home/u980949395/domains/sector71.app/public_html/vendor/laravel/framework/src/Illuminate/Pipeline/Pipeline.php(141): Illuminate\\Foundation\\Http\\Kernel->Illuminate\\Foundation\\Http\\{closure}()
#11 /home/u980949395/domains/sector71.app/public_html/vendor/barryvdh/laravel-debugbar/src/Middleware/InjectDebugbar.php(59): Illuminate\\Pipeline\\Pipeline->Illuminate\\Pipeline\\{closure}()
#12 /home/u980949395/domains/sector71.app/public_html/vendor/laravel/framework/src/Illuminate/Pipeline/Pipeline.php(180): Barryvdh\\Debugbar\\Middleware\\InjectDebugbar->handle()
#13 /home/u980949395/domains/sector71.app/public_html/vendor/laravel/framework/src/Illuminate/Foundation/Http/Middleware/TransformsRequest.php(21): Illuminate\\Pipeline\\Pipeline->Illuminate\\Pipeline\\{closure}()
#14 /home/u980949395/domains/sector71.app/public_html/vendor/laravel/framework/src/Illuminate/Foundation/Http/Middleware/ConvertEmptyStringsToNull.php(31): Illuminate\\Foundation\\Http\\Middleware\\TransformsRequest->handle()
#15 /home/u980949395/domains/sector71.app/public_html/vendor/laravel/framework/src/Illuminate/Pipeline/Pipeline.php(180): Illuminate\\Foundation\\Http\\Middleware\\ConvertEmptyStringsToNull->handle()
#16 /home/u980949395/domains/sector71.app/public_html/vendor/laravel/framework/src/Illuminate/Foundation/Http/Middleware/TransformsRequest.php(21): Illuminate\\Pipeline\\Pipeline->Illuminate\\Pipeline\\{closure}()
#17 /home/u980949395/domains/sector71.app/public_html/vendor/laravel/framework/src/Illuminate/Foundation/Http/Middleware/TrimStrings.php(40): Illuminate\\Foundation\\Http\\Middleware\\TransformsRequest->handle()
#18 /home/u980949395/domains/sector71.app/public_html/vendor/laravel/framework/src/Illuminate/Pipeline/Pipeline.php(180): Illuminate\\Foundation\\Http\\Middleware\\TrimStrings->handle()
#19 /home/u980949395/domains/sector71.app/public_html/vendor/laravel/framework/src/Illuminate/Foundation/Http/Middleware/ValidatePostSize.php(27): Illuminate\\Pipeline\\Pipeline->Illuminate\\Pipeline\\{closure}()
#20 /home/u980949395/domains/sector71.app/public_html/vendor/laravel/framework/src/Illuminate/Pipeline/Pipeline.php(180): Illuminate\\Foundation\\Http\\Middleware\\ValidatePostSize->handle()
#21 /home/u980949395/domains/sector71.app/public_html/vendor/laravel/framework/src/Illuminate/Foundation/Http/Middleware/PreventRequestsDuringMaintenance.php(86): Illuminate\\Pipeline\\Pipeline->Illuminate\\Pipeline\\{closure}()
#22 /home/u980949395/domains/sector71.app/public_html/vendor/laravel/framework/src/Illuminate/Pipeline/Pipeline.php(180): Illuminate\\Foundation\\Http\\Middleware\\PreventRequestsDuringMaintenance->handle()
#23 /home/u980949395/domains/sector71.app/public_html/vendor/laravel/framework/src/Illuminate/Http/Middleware/HandleCors.php(49): Illuminate\\Pipeline\\Pipeline->Illuminate\\Pipeline\\{closure}()
#24 /home/u980949395/domains/sector71.app/public_html/vendor/laravel/framework/src/Illuminate/Pipeline/Pipeline.php(180): Illuminate\\Http\\Middleware\\HandleCors->handle()
#25 /home/u980949395/domains/sector71.app/public_html/app/Http/Middleware/SecurityHeaders.php(12): Illuminate\\Pipeline\\Pipeline->Illuminate\\Pipeline\\{closure}()
#26 /home/u980949395/domains/sector71.app/public_html/vendor/laravel/framework/src/Illuminate/Pipeline/Pipeline.php(180): App\\Http\\Middleware\\SecurityHeaders->handle()
#27 /home/u980949395/domains/sector71.app/public_html/vendor/laravel/framework/src/Illuminate/Http/Middleware/TrustProxies.php(39): Illuminate\\Pipeline\\Pipeline->Illuminate\\Pipeline\\{closure}()
#28 /home/u980949395/domains/sector71.app/public_html/vendor/laravel/framework/src/Illuminate/Pipeline/Pipeline.php(180): Illuminate\\Http\\Middleware\\TrustProxies->handle()
#29 /home/u980949395/domains/sector71.app/public_html/vendor/laravel/framework/src/Illuminate/Pipeline/Pipeline.php(116): Illuminate\\Pipeline\\Pipeline->Illuminate\\Pipeline\\{closure}()
#30 /home/u980949395/domains/sector71.app/public_html/vendor/laravel/framework/src/Illuminate/Foundation/Http/Kernel.php(165): Illuminate\\Pipeline\\Pipeline->then()
#31 /home/u980949395/domains/sector71.app/public_html/vendor/laravel/framework/src/Illuminate/Foundation/Http/Kernel.php(134): Illuminate\\Foundation\\Http\\Kernel->sendRequestThroughRouter()
#32 /home/u980949395/domains/sector71.app/public_html/public/index.php(51): Illuminate\\Foundation\\Http\\Kernel->handle()
#33 {main}
"} 
[2026-05-07 15:28:44] live.ERROR: syntax error, unexpected token "public" {"exception":"[object] (ParseError(code: 0): syntax error, unexpected token \"public\" at /home/u980949395/domains/sector71.app/public_html/Modules/Hospital/Http/Controllers/HospitalBedController.php:22)
[stacktrace]
#0 /home/u980949395/domains/sector71.app/public_html/vendor/composer/ClassLoader.php(427): Composer\\Autoload\\{closure}()
#1 [internal function]: Composer\\Autoload\\ClassLoader->loadClass()
#2 /home/u980949395/domains/sector71.app/public_html/vendor/laravel/framework/src/Illuminate/Routing/Route.php(1091): is_a()
#3 /home/u980949395/domains/sector71.app/public_html/vendor/laravel/framework/src/Illuminate/Routing/Route.php(1030): Illuminate\\Routing\\Route->controllerMiddleware()
#4 /home/u980949395/domains/sector71.app/public_html/vendor/laravel/framework/src/Illuminate/Routing/Router.php(810): Illuminate\\Routing\\Route->gatherMiddleware()
#5 /home/u980949395/domains/sector71.app/public_html/vendor/laravel/framework/src/Illuminate/Routing/Router.php(792): Illuminate\\Routing\\Router->gatherRouteMiddleware()
#6 /home/u980949395/domains/sector71.app/public_html/vendor/laravel/framework/src/Illuminate/Routing/Router.php(776): Illuminate\\Routing\\Router->runRouteWithinStack()
#7 /home/u980949395/domains/sector71.app/public_html/vendor/laravel/framework/src/Illuminate/Routing/Router.php(740): Illuminate\\Routing\\Router->runRoute()
#8 /home/u980949395/domains/sector71.app/public_html/vendor/laravel/framework/src/Illuminate/Routing/Router.php(729): Illuminate\\Routing\\Router->dispatchToRoute()
#9 /home/u980949395/domains/sector71.app/public_html/vendor/laravel/framework/src/Illuminate/Foundation/Http/Kernel.php(190): Illuminate\\Routing\\Router->dispatch()
#10 /home/u980949395/domains/sector71.app/public_html/vendor/laravel/framework/src/Illuminate/Pipeline/Pipeline.php(141): Illuminate\\Foundation\\Http\\Kernel->Illuminate\\Foundation\\Http\\{closure}()
#11 /home/u980949395/domains/sector71.app/public_html/vendor/barryvdh/laravel-debugbar/src/Middleware/InjectDebugbar.php(59): Illuminate\\Pipeline\\Pipeline->Illuminate\\Pipeline\\{closure}()
#12 /home/u980949395/domains/sector71.app/public_html/vendor/laravel/framework/src/Illuminate/Pipeline/Pipeline.php(180): Barryvdh\\Debugbar\\Middleware\\InjectDebugbar->handle()
#13 /home/u980949395/domains/sector71.app/public_html/vendor/laravel/framework/src/Illuminate/Foundation/Http/Middleware/TransformsRequest.php(21): Illuminate\\Pipeline\\Pipeline->Illuminate\\Pipeline\\{closure}()
#14 /home/u980949395/domains/sector71.app/public_html/vendor/laravel/framework/src/Illuminate/Foundation/Http/Middleware/ConvertEmptyStringsToNull.php(31): Illuminate\\Foundation\\Http\\Middleware\\TransformsRequest->handle()
#15 /home/u980949395/domains/sector71.app/public_html/vendor/laravel/framework/src/Illuminate/Pipeline/Pipeline.php(180): Illuminate\\Foundation\\Http\\Middleware\\ConvertEmptyStringsToNull->handle()
#16 /home/u980949395/domains/sector71.app/public_html/vendor/laravel/framework/src/Illuminate/Foundation/Http/Middleware/TransformsRequest.php(21): Illuminate\\Pipeline\\Pipeline->Illuminate\\Pipeline\\{closure}()
#17 /home/u980949395/domains/sector71.app/public_html/vendor/laravel/framework/src/Illuminate/Foundation/Http/Middleware/TrimStrings.php(40): Illuminate\\Foundation\\Http\\Middleware\\TransformsRequest->handle()
#18 /home/u980949395/domains/sector71.app/public_html/vendor/laravel/framework/src/Illuminate/Pipeline/Pipeline.php(180): Illuminate\\Foundation\\Http\\Middleware\\TrimStrings->handle()
#19 /home/u980949395/domains/sector71.app/public_html/vendor/laravel/framework/src/Illuminate/Foundation/Http/Middleware/ValidatePostSize.php(27): Illuminate\\Pipeline\\Pipeline->Illuminate\\Pipeline\\{closure}()
#20 /home/u980949395/domains/sector71.app/public_html/vendor/laravel/framework/src/Illuminate/Pipeline/Pipeline.php(180): Illuminate\\Foundation\\Http\\Middleware\\ValidatePostSize->handle()
#21 /home/u980949395/domains/sector71.app/public_html/vendor/laravel/framework/src/Illuminate/Foundation/Http/Middleware/PreventRequestsDuringMaintenance.php(86): Illuminate\\Pipeline\\Pipeline->Illuminate\\Pipeline\\{closure}()
#22 /home/u980949395/domains/sector71.app/public_html/vendor/laravel/framework/src/Illuminate/Pipeline/Pipeline.php(180): Illuminate\\Foundation\\Http\\Middleware\\PreventRequestsDuringMaintenance->handle()
#23 /home/u980949395/domains/sector71.app/public_html/vendor/laravel/framework/src/Illuminate/Http/Middleware/HandleCors.php(49): Illuminate\\Pipeline\\Pipeline->Illuminate\\Pipeline\\{closure}()
#24 /home/u980949395/domains/sector71.app/public_html/vendor/laravel/framework/src/Illuminate/Pipeline/Pipeline.php(180): Illuminate\\Http\\Middleware\\HandleCors->handle()
#25 /home/u980949395/domains/sector71.app/public_html/app/Http/Middleware/SecurityHeaders.php(12): Illuminate\\Pipeline\\Pipeline->Illuminate\\Pipeline\\{closure}()
#26 /home/u980949395/domains/sector71.app/public_html/vendor/laravel/framework/src/Illuminate/Pipeline/Pipeline.php(180): App\\Http\\Middleware\\SecurityHeaders->handle()
#27 /home/u980949395/domains/sector71.app/public_html/vendor/laravel/framework/src/Illuminate/Http/Middleware/TrustProxies.php(39): Illuminate\\Pipeline\\Pipeline->Illuminate\\Pipeline\\{closure}()
#28 /home/u980949395/domains/sector71.app/public_html/vendor/laravel/framework/src/Illuminate/Pipeline/Pipeline.php(180): Illuminate\\Http\\Middleware\\TrustProxies->handle()
#29 /home/u980949395/domains/sector71.app/public_html/vendor/laravel/framework/src/Illuminate/Pipeline/Pipeline.php(116): Illuminate\\Pipeline\\Pipeline->Illuminate\\Pipeline\\{closure}()
#30 /home/u980949395/domains/sector71.app/public_html/vendor/laravel/framework/src/Illuminate/Foundation/Http/Kernel.php(165): Illuminate\\Pipeline\\Pipeline->then()
#31 /home/u980949395/domains/sector71.app/public_html/vendor/laravel/framework/src/Illuminate/Foundation/Http/Kernel.php(134): Illuminate\\Foundation\\Http\\Kernel->sendRequestThroughRouter()
#32 /home/u980949395/domains/sector71.app/public_html/public/index.php(51): Illuminate\\Foundation\\Http\\Kernel->handle()
#33 {main}
"} 
[2026-05-07 15:28:48] live.ERROR: syntax error, unexpected token "public" {"exception":"[object] (ParseError(code: 0): syntax error, unexpected token \"public\" at /home/u980949395/domains/sector71.app/public_html/Modules/Hospital/Http/Controllers/HospitalBedController.php:22)
[stacktrace]
#0 /home/u980949395/domains/sector71.app/public_html/vendor/composer/ClassLoader.php(427): Composer\\Autoload\\{closure}()
#1 [internal function]: Composer\\Autoload\\ClassLoader->loadClass()
#2 /home/u980949395/domains/sector71.app/public_html/vendor/laravel/framework/src/Illuminate/Routing/Route.php(1091): is_a()
#3 /home/u980949395/domains/sector71.app/public_html/vendor/laravel/framework/src/Illuminate/Routing/Route.php(1030): Illuminate\\Routing\\Route->controllerMiddleware()
#4 /home/u980949395/domains/sector71.app/public_html/vendor/laravel/framework/src/Illuminate/Routing/Router.php(810): Illuminate\\Routing\\Route->gatherMiddleware()
#5 /home/u980949395/domains/sector71.app/public_html/vendor/laravel/framework/src/Illuminate/Routing/Router.php(792): Illuminate\\Routing\\Router->gatherRouteMiddleware()
#6 /home/u980949395/domains/sector71.app/public_html/vendor/laravel/framework/src/Illuminate/Routing/Router.php(776): Illuminate\\Routing\\Router->runRouteWithinStack()
#7 /home/u980949395/domains/sector71.app/public_html/vendor/laravel/framework/src/Illuminate/Routing/Router.php(740): Illuminate\\Routing\\Router->runRoute()
#8 /home/u980949395/domains/sector71.app/public_html/vendor/laravel/framework/src/Illuminate/Routing/Router.php(729): Illuminate\\Routing\\Router->dispatchToRoute()
#9 /home/u980949395/domains/sector71.app/public_html/vendor/laravel/framework/src/Illuminate/Foundation/Http/Kernel.php(190): Illuminate\\Routing\\Router->dispatch()
#10 /home/u980949395/domains/sector71.app/public_html/vendor/laravel/framework/src/Illuminate/Pipeline/Pipeline.php(141): Illuminate\\Foundation\\Http\\Kernel->Illuminate\\Foundation\\Http\\{closure}()
#11 /home/u980949395/domains/sector71.app/public_html/vendor/barryvdh/laravel-debugbar/src/Middleware/InjectDebugbar.php(59): Illuminate\\Pipeline\\Pipeline->Illuminate\\Pipeline\\{closure}()
#12 /home/u980949395/domains/sector71.app/public_html/vendor/laravel/framework/src/Illuminate/Pipeline/Pipeline.php(180): Barryvdh\\Debugbar\\Middleware\\InjectDebugbar->handle()
#13 /home/u980949395/domains/sector71.app/public_html/vendor/laravel/framework/src/Illuminate/Foundation/Http/Middleware/TransformsRequest.php(21): Illuminate\\Pipeline\\Pipeline->Illuminate\\Pipeline\\{closure}()
#14 /home/u980949395/domains/sector71.app/public_html/vendor/laravel/framework/src/Illuminate/Foundation/Http/Middleware/ConvertEmptyStringsToNull.php(31): Illuminate\\Foundation\\Http\\Middleware\\TransformsRequest->handle()
#15 /home/u980949395/domains/sector71.app/public_html/vendor/laravel/framework/src/Illuminate/Pipeline/Pipeline.php(180): Illuminate\\Foundation\\Http\\Middleware\\ConvertEmptyStringsToNull->handle()
#16 /home/u980949395/domains/sector71.app/public_html/vendor/laravel/framework/src/Illuminate/Foundation/Http/Middleware/TransformsRequest.php(21): Illuminate\\Pipeline\\Pipeline->Illuminate\\Pipeline\\{closure}()
#17 /home/u980949395/domains/sector71.app/public_html/vendor/laravel/framework/src/Illuminate/Foundation/Http/Middleware/TrimStrings.php(40): Illuminate\\Foundation\\Http\\Middleware\\TransformsRequest->handle()
#18 /home/u980949395/domains/sector71.app/public_html/vendor/laravel/framework/src/Illuminate/Pipeline/Pipeline.php(180): Illuminate\\Foundation\\Http\\Middleware\\TrimStrings->handle()
#19 /home/u980949395/domains/sector71.app/public_html/vendor/laravel/framework/src/Illuminate/Foundation/Http/Middleware/ValidatePostSize.php(27): Illuminate\\Pipeline\\Pipeline->Illuminate\\Pipeline\\{closure}()
#20 /home/u980949395/domains/sector71.app/public_html/vendor/laravel/framework/src/Illuminate/Pipeline/Pipeline.php(180): Illuminate\\Foundation\\Http\\Middleware\\ValidatePostSize->handle()
#21 /home/u980949395/domains/sector71.app/public_html/vendor/laravel/framework/src/Illuminate/Foundation/Http/Middleware/PreventRequestsDuringMaintenance.php(86): Illuminate\\Pipeline\\Pipeline->Illuminate\\Pipeline\\{closure}()
#22 /home/u980949395/domains/sector71.app/public_html/vendor/laravel/framework/src/Illuminate/Pipeline/Pipeline.php(180): Illuminate\\Foundation\\Http\\Middleware\\PreventRequestsDuringMaintenance->handle()
#23 /home/u980949395/domains/sector71.app/public_html/vendor/laravel/framework/src/Illuminate/Http/Middleware/HandleCors.php(49): Illuminate\\Pipeline\\Pipeline->Illuminate\\Pipeline\\{closure}()
#24 /home/u980949395/domains/sector71.app/public_html/vendor/laravel/framework/src/Illuminate/Pipeline/Pipeline.php(180): Illuminate\\Http\\Middleware\\HandleCors->handle()
#25 /home/u980949395/domains/sector71.app/public_html/app/Http/Middleware/SecurityHeaders.php(12): Illuminate\\Pipeline\\Pipeline->Illuminate\\Pipeline\\{closure}()
#26 /home/u980949395/domains/sector71.app/public_html/vendor/laravel/framework/src/Illuminate/Pipeline/Pipeline.php(180): App\\Http\\Middleware\\SecurityHeaders->handle()
#27 /home/u980949395/domains/sector71.app/public_html/vendor/laravel/framework/src/Illuminate/Http/Middleware/TrustProxies.php(39): Illuminate\\Pipeline\\Pipeline->Illuminate\\Pipeline\\{closure}()
#28 /home/u980949395/domains/sector71.app/public_html/vendor/laravel/framework/src/Illuminate/Pipeline/Pipeline.php(180): Illuminate\\Http\\Middleware\\TrustProxies->handle()
#29 /home/u980949395/domains/sector71.app/public_html/vendor/laravel/framework/src/Illuminate/Pipeline/Pipeline.php(116): Illuminate\\Pipeline\\Pipeline->Illuminate\\Pipeline\\{closure}()
#30 /home/u980949395/domains/sector71.app/public_html/vendor/laravel/framework/src/Illuminate/Foundation/Http/Kernel.php(165): Illuminate\\Pipeline\\Pipeline->then()
#31 /home/u980949395/domains/sector71.app/public_html/vendor/laravel/framework/src/Illuminate/Foundation/Http/Kernel.php(134): Illuminate\\Foundation\\Http\\Kernel->sendRequestThroughRouter()
#32 /home/u980949395/domains/sector71.app/public_html/public/index.php(51): Illuminate\\Foundation\\Http\\Kernel->handle()
#33 {main}
"} 
[2026-05-07 15:29:15] live.ERROR: syntax error, unexpected token "public" {"exception":"[object] (ParseError(code: 0): syntax error, unexpected token \"public\" at /home/u980949395/domains/sector71.app/public_html/Modules/Hospital/Http/Controllers/HospitalBedController.php:22)
[stacktrace]
#0 /home/u980949395/domains/sector71.app/public_html/vendor/composer/ClassLoader.php(427): Composer\\Autoload\\{closure}()
#1 [internal function]: Composer\\Autoload\\ClassLoader->loadClass()
#2 /home/u980949395/domains/sector71.app/public_html/vendor/laravel/framework/src/Illuminate/Routing/Route.php(1091): is_a()
#3 /home/u980949395/domains/sector71.app/public_html/vendor/laravel/framework/src/Illuminate/Routing/Route.php(1030): Illuminate\\Routing\\Route->controllerMiddleware()
#4 /home/u980949395/domains/sector71.app/public_html/vendor/laravel/framework/src/Illuminate/Routing/Router.php(810): Illuminate\\Routing\\Route->gatherMiddleware()
#5 /home/u980949395/domains/sector71.app/public_html/vendor/laravel/framework/src/Illuminate/Routing/Router.php(792): Illuminate\\Routing\\Router->gatherRouteMiddleware()
#6 /home/u980949395/domains/sector71.app/public_html/vendor/laravel/framework/src/Illuminate/Routing/Router.php(776): Illuminate\\Routing\\Router->runRouteWithinStack()
#7 /home/u980949395/domains/sector71.app/public_html/vendor/laravel/framework/src/Illuminate/Routing/Router.php(740): Illuminate\\Routing\\Router->runRoute()
#8 /home/u980949395/domains/sector71.app/public_html/vendor/laravel/framework/src/Illuminate/Routing/Router.php(729): Illuminate\\Routing\\Router->dispatchToRoute()
#9 /home/u980949395/domains/sector71.app/public_html/vendor/laravel/framework/src/Illuminate/Foundation/Http/Kernel.php(190): Illuminate\\Routing\\Router->dispatch()
#10 /home/u980949395/domains/sector71.app/public_html/vendor/laravel/framework/src/Illuminate/Pipeline/Pipeline.php(141): Illuminate\\Foundation\\Http\\Kernel->Illuminate\\Foundation\\Http\\{closure}()
#11 /home/u980949395/domains/sector71.app/public_html/vendor/barryvdh/laravel-debugbar/src/Middleware/InjectDebugbar.php(59): Illuminate\\Pipeline\\Pipeline->Illuminate\\Pipeline\\{closure}()
#12 /home/u980949395/domains/sector71.app/public_html/vendor/laravel/framework/src/Illuminate/Pipeline/Pipeline.php(180): Barryvdh\\Debugbar\\Middleware\\InjectDebugbar->handle()
#13 /home/u980949395/domains/sector71.app/public_html/vendor/laravel/framework/src/Illuminate/Foundation/Http/Middleware/TransformsRequest.php(21): Illuminate\\Pipeline\\Pipeline->Illuminate\\Pipeline\\{closure}()
#14 /home/u980949395/domains/sector71.app/public_html/vendor/laravel/framework/src/Illuminate/Foundation/Http/Middleware/ConvertEmptyStringsToNull.php(31): Illuminate\\Foundation\\Http\\Middleware\\TransformsRequest->handle()
#15 /home/u980949395/domains/sector71.app/public_html/vendor/laravel/framework/src/Illuminate/Pipeline/Pipeline.php(180): Illuminate\\Foundation\\Http\\Middleware\\ConvertEmptyStringsToNull->handle()
#16 /home/u980949395/domains/sector71.app/public_html/vendor/laravel/framework/src/Illuminate/Foundation/Http/Middleware/TransformsRequest.php(21): Illuminate\\Pipeline\\Pipeline->Illuminate\\Pipeline\\{closure}()
#17 /home/u980949395/domains/sector71.app/public_html/vendor/laravel/framework/src/Illuminate/Foundation/Http/Middleware/TrimStrings.php(40): Illuminate\\Foundation\\Http\\Middleware\\TransformsRequest->handle()
#18 /home/u980949395/domains/sector71.app/public_html/vendor/laravel/framework/src/Illuminate/Pipeline/Pipeline.php(180): Illuminate\\Foundation\\Http\\Middleware\\TrimStrings->handle()
#19 /home/u980949395/domains/sector71.app/public_html/vendor/laravel/framework/src/Illuminate/Foundation/Http/Middleware/ValidatePostSize.php(27): Illuminate\\Pipeline\\Pipeline->Illuminate\\Pipeline\\{closure}()
#20 /home/u980949395/domains/sector71.app/public_html/vendor/laravel/framework/src/Illuminate/Pipeline/Pipeline.php(180): Illuminate\\Foundation\\Http\\Middleware\\ValidatePostSize->handle()
#21 /home/u980949395/domains/sector71.app/public_html/vendor/laravel/framework/src/Illuminate/Foundation/Http/Middleware/PreventRequestsDuringMaintenance.php(86): Illuminate\\Pipeline\\Pipeline->Illuminate\\Pipeline\\{closure}()
#22 /home/u980949395/domains/sector71.app/public_html/vendor/laravel/framework/src/Illuminate/Pipeline/Pipeline.php(180): Illuminate\\Foundation\\Http\\Middleware\\PreventRequestsDuringMaintenance->handle()
#23 /home/u980949395/domains/sector71.app/public_html/vendor/laravel/framework/src/Illuminate/Http/Middleware/HandleCors.php(49): Illuminate\\Pipeline\\Pipeline->Illuminate\\Pipeline\\{closure}()
#24 /home/u980949395/domains/sector71.app/public_html/vendor/laravel/framework/src/Illuminate/Pipeline/Pipeline.php(180): Illuminate\\Http\\Middleware\\HandleCors->handle()
#25 /home/u980949395/domains/sector71.app/public_html/app/Http/Middleware/SecurityHeaders.php(12): Illuminate\\Pipeline\\Pipeline->Illuminate\\Pipeline\\{closure}()
#26 /home/u980949395/domains/sector71.app/public_html/vendor/laravel/framework/src/Illuminate/Pipeline/Pipeline.php(180): App\\Http\\Middleware\\SecurityHeaders->handle()
#27 /home/u980949395/domains/sector71.app/public_html/vendor/laravel/framework/src/Illuminate/Http/Middleware/TrustProxies.php(39): Illuminate\\Pipeline\\Pipeline->Illuminate\\Pipeline\\{closure}()
#28 /home/u980949395/domains/sector71.app/public_html/vendor/laravel/framework/src/Illuminate/Pipeline/Pipeline.php(180): Illuminate\\Http\\Middleware\\TrustProxies->handle()
#29 /home/u980949395/domains/sector71.app/public_html/vendor/laravel/framework/src/Illuminate/Pipeline/Pipeline.php(116): Illuminate\\Pipeline\\Pipeline->Illuminate\\Pipeline\\{closure}()
#30 /home/u980949395/domains/sector71.app/public_html/vendor/laravel/framework/src/Illuminate/Foundation/Http/Kernel.php(165): Illuminate\\Pipeline\\Pipeline->then()
#31 /home/u980949395/domains/sector71.app/public_html/vendor/laravel/framework/src/Illuminate/Foundation/Http/Kernel.php(134): Illuminate\\Foundation\\Http\\Kernel->sendRequestThroughRouter()
#32 /home/u980949395/domains/sector71.app/public_html/public/index.php(51): Illuminate\\Foundation\\Http\\Kernel->handle()
#33 {main}
"} 
[2026-05-07 15:29:18] live.ERROR: syntax error, unexpected token "public" {"exception":"[object] (ParseError(code: 0): syntax error, unexpected token \"public\" at /home/u980949395/domains/sector71.app/public_html/Modules/Hospital/Http/Controllers/HospitalBedController.php:22)
[stacktrace]
#0 /home/u980949395/domains/sector71.app/public_html/vendor/composer/ClassLoader.php(427): Composer\\Autoload\\{closure}()
#1 [internal function]: Composer\\Autoload\\ClassLoader->loadClass()
#2 /home/u980949395/domains/sector71.app/public_html/vendor/laravel/framework/src/Illuminate/Routing/Route.php(1091): is_a()
#3 /home/u980949395/domains/sector71.app/public_html/vendor/laravel/framework/src/Illuminate/Routing/Route.php(1030): Illuminate\\Routing\\Route->controllerMiddleware()
#4 /home/u980949395/domains/sector71.app/public_html/vendor/laravel/framework/src/Illuminate/Routing/Router.php(810): Illuminate\\Routing\\Route->gatherMiddleware()
#5 /home/u980949395/domains/sector71.app/public_html/vendor/laravel/framework/src/Illuminate/Routing/Router.php(792): Illuminate\\Routing\\Router->gatherRouteMiddleware()
#6 /home/u980949395/domains/sector71.app/public_html/vendor/laravel/framework/src/Illuminate/Routing/Router.php(776): Illuminate\\Routing\\Router->runRouteWithinStack()
#7 /home/u980949395/domains/sector71.app/public_html/vendor/laravel/framework/src/Illuminate/Routing/Router.php(740): Illuminate\\Routing\\Router->runRoute()
#8 /home/u980949395/domains/sector71.app/public_html/vendor/laravel/framework/src/Illuminate/Routing/Router.php(729): Illuminate\\Routing\\Router->dispatchToRoute()
#9 /home/u980949395/domains/sector71.app/public_html/vendor/laravel/framework/src/Illuminate/Foundation/Http/Kernel.php(190): Illuminate\\Routing\\Router->dispatch()
#10 /home/u980949395/domains/sector71.app/public_html/vendor/laravel/framework/src/Illuminate/Pipeline/Pipeline.php(141): Illuminate\\Foundation\\Http\\Kernel->Illuminate\\Foundation\\Http\\{closure}()
#11 /home/u980949395/domains/sector71.app/public_html/vendor/barryvdh/laravel-debugbar/src/Middleware/InjectDebugbar.php(59): Illuminate\\Pipeline\\Pipeline->Illuminate\\Pipeline\\{closure}()
#12 /home/u980949395/domains/sector71.app/public_html/vendor/laravel/framework/src/Illuminate/Pipeline/Pipeline.php(180): Barryvdh\\Debugbar\\Middleware\\InjectDebugbar->handle()
#13 /home/u980949395/domains/sector71.app/public_html/vendor/laravel/framework/src/Illuminate/Foundation/Http/Middleware/TransformsRequest.php(21): Illuminate\\Pipeline\\Pipeline->Illuminate\\Pipeline\\{closure}()
#14 /home/u980949395/domains/sector71.app/public_html/vendor/laravel/framework/src/Illuminate/Foundation/Http/Middleware/ConvertEmptyStringsToNull.php(31): Illuminate\\Foundation\\Http\\Middleware\\TransformsRequest->handle()
#15 /home/u980949395/domains/sector71.app/public_html/vendor/laravel/framework/src/Illuminate/Pipeline/Pipeline.php(180): Illuminate\\Foundation\\Http\\Middleware\\ConvertEmptyStringsToNull->handle()
#16 /home/u980949395/domains/sector71.app/public_html/vendor/laravel/framework/src/Illuminate/Foundation/Http/Middleware/TransformsRequest.php(21): Illuminate\\Pipeline\\Pipeline->Illuminate\\Pipeline\\{closure}()
#17 /home/u980949395/domains/sector71.app/public_html/vendor/laravel/framework/src/Illuminate/Foundation/Http/Middleware/TrimStrings.php(40): Illuminate\\Foundation\\Http\\Middleware\\TransformsRequest->handle()
#18 /home/u980949395/domains/sector71.app/public_html/vendor/laravel/framework/src/Illuminate/Pipeline/Pipeline.php(180): Illuminate\\Foundation\\Http\\Middleware\\TrimStrings->handle()
#19 /home/u980949395/domains/sector71.app/public_html/vendor/laravel/framework/src/Illuminate/Foundation/Http/Middleware/ValidatePostSize.php(27): Illuminate\\Pipeline\\Pipeline->Illuminate\\Pipeline\\{closure}()
#20 /home/u980949395/domains/sector71.app/public_html/vendor/laravel/framework/src/Illuminate/Pipeline/Pipeline.php(180): Illuminate\\Foundation\\Http\\Middleware\\ValidatePostSize->handle()
#21 /home/u980949395/domains/sector71.app/public_html/vendor/laravel/framework/src/Illuminate/Foundation/Http/Middleware/PreventRequestsDuringMaintenance.php(86): Illuminate\\Pipeline\\Pipeline->Illuminate\\Pipeline\\{closure}()
#22 /home/u980949395/domains/sector71.app/public_html/vendor/laravel/framework/src/Illuminate/Pipeline/Pipeline.php(180): Illuminate\\Foundation\\Http\\Middleware\\PreventRequestsDuringMaintenance->handle()
#23 /home/u980949395/domains/sector71.app/public_html/vendor/laravel/framework/src/Illuminate/Http/Middleware/HandleCors.php(49): Illuminate\\Pipeline\\Pipeline->Illuminate\\Pipeline\\{closure}()
#24 /home/u980949395/domains/sector71.app/public_html/vendor/laravel/framework/src/Illuminate/Pipeline/Pipeline.php(180): Illuminate\\Http\\Middleware\\HandleCors->handle()
#25 /home/u980949395/domains/sector71.app/public_html/app/Http/Middleware/SecurityHeaders.php(12): Illuminate\\Pipeline\\Pipeline->Illuminate\\Pipeline\\{closure}()
#26 /home/u980949395/domains/sector71.app/public_html/vendor/laravel/framework/src/Illuminate/Pipeline/Pipeline.php(180): App\\Http\\Middleware\\SecurityHeaders->handle()
#27 /home/u980949395/domains/sector71.app/public_html/vendor/laravel/framework/src/Illuminate/Http/Middleware/TrustProxies.php(39): Illuminate\\Pipeline\\Pipeline->Illuminate\\Pipeline\\{closure}()
#28 /home/u980949395/domains/sector71.app/public_html/vendor/laravel/framework/src/Illuminate/Pipeline/Pipeline.php(180): Illuminate\\Http\\Middleware\\TrustProxies->handle()
#29 /home/u980949395/domains/sector71.app/public_html/vendor/laravel/framework/src/Illuminate/Pipeline/Pipeline.php(116): Illuminate\\Pipeline\\Pipeline->Illuminate\\Pipeline\\{closure}()
#30 /home/u980949395/domains/sector71.app/public_html/vendor/laravel/framework/src/Illuminate/Foundation/Http/Kernel.php(165): Illuminate\\Pipeline\\Pipeline->then()
#31 /home/u980949395/domains/sector71.app/public_html/vendor/laravel/framework/src/Illuminate/Foundation/Http/Kernel.php(134): Illuminate\\Foundation\\Http\\Kernel->sendRequestThroughRouter()
#32 /home/u980949395/domains/sector71.app/public_html/public/index.php(51): Illuminate\\Foundation\\Http\\Kernel->handle()
#33 {main}
"} 
[2026-05-07 15:29:24] live.ERROR: syntax error, unexpected token "public" {"exception":"[object] (ParseError(code: 0): syntax error, unexpected token \"public\" at /home/u980949395/domains/sector71.app/public_html/Modules/Hospital/Http/Controllers/HospitalBedController.php:22)
[stacktrace]
#0 /home/u980949395/domains/sector71.app/public_html/vendor/composer/ClassLoader.php(427): Composer\\Autoload\\{closure}()
#1 [internal function]: Composer\\Autoload\\ClassLoader->loadClass()
#2 /home/u980949395/domains/sector71.app/public_html/vendor/laravel/framework/src/Illuminate/Routing/Route.php(1091): is_a()
#3 /home/u980949395/domains/sector71.app/public_html/vendor/laravel/framework/src/Illuminate/Routing/Route.php(1030): Illuminate\\Routing\\Route->controllerMiddleware()
#4 /home/u980949395/domains/sector71.app/public_html/vendor/laravel/framework/src/Illuminate/Routing/Router.php(810): Illuminate\\Routing\\Route->gatherMiddleware()
#5 /home/u980949395/domains/sector71.app/public_html/vendor/laravel/framework/src/Illuminate/Routing/Router.php(792): Illuminate\\Routing\\Router->gatherRouteMiddleware()
#6 /home/u980949395/domains/sector71.app/public_html/vendor/laravel/framework/src/Illuminate/Routing/Router.php(776): Illuminate\\Routing\\Router->runRouteWithinStack()
#7 /home/u980949395/domains/sector71.app/public_html/vendor/laravel/framework/src/Illuminate/Routing/Router.php(740): Illuminate\\Routing\\Router->runRoute()
#8 /home/u980949395/domains/sector71.app/public_html/vendor/laravel/framework/src/Illuminate/Routing/Router.php(729): Illuminate\\Routing\\Router->dispatchToRoute()
#9 /home/u980949395/domains/sector71.app/public_html/vendor/laravel/framework/src/Illuminate/Foundation/Http/Kernel.php(190): Illuminate\\Routing\\Router->dispatch()
#10 /home/u980949395/domains/sector71.app/public_html/vendor/laravel/framework/src/Illuminate/Pipeline/Pipeline.php(141): Illuminate\\Foundation\\Http\\Kernel->Illuminate\\Foundation\\Http\\{closure}()
#11 /home/u980949395/domains/sector71.app/public_html/vendor/barryvdh/laravel-debugbar/src/Middleware/InjectDebugbar.php(59): Illuminate\\Pipeline\\Pipeline->Illuminate\\Pipeline\\{closure}()
#12 /home/u980949395/domains/sector71.app/public_html/vendor/laravel/framework/src/Illuminate/Pipeline/Pipeline.php(180): Barryvdh\\Debugbar\\Middleware\\InjectDebugbar->handle()
#13 /home/u980949395/domains/sector71.app/public_html/vendor/laravel/framework/src/Illuminate/Foundation/Http/Middleware/TransformsRequest.php(21): Illuminate\\Pipeline\\Pipeline->Illuminate\\Pipeline\\{closure}()
#14 /home/u980949395/domains/sector71.app/public_html/vendor/laravel/framework/src/Illuminate/Foundation/Http/Middleware/ConvertEmptyStringsToNull.php(31): Illuminate\\Foundation\\Http\\Middleware\\TransformsRequest->handle()
#15 /home/u980949395/domains/sector71.app/public_html/vendor/laravel/framework/src/Illuminate/Pipeline/Pipeline.php(180): Illuminate\\Foundation\\Http\\Middleware\\ConvertEmptyStringsToNull->handle()
#16 /home/u980949395/domains/sector71.app/public_html/vendor/laravel/framework/src/Illuminate/Foundation/Http/Middleware/TransformsRequest.php(21): Illuminate\\Pipeline\\Pipeline->Illuminate\\Pipeline\\{closure}()
#17 /home/u980949395/domains/sector71.app/public_html/vendor/laravel/framework/src/Illuminate/Foundation/Http/Middleware/TrimStrings.php(40): Illuminate\\Foundation\\Http\\Middleware\\TransformsRequest->handle()
#18 /home/u980949395/domains/sector71.app/public_html/vendor/laravel/framework/src/Illuminate/Pipeline/Pipeline.php(180): Illuminate\\Foundation\\Http\\Middleware\\TrimStrings->handle()
#19 /home/u980949395/domains/sector71.app/public_html/vendor/laravel/framework/src/Illuminate/Foundation/Http/Middleware/ValidatePostSize.php(27): Illuminate\\Pipeline\\Pipeline->Illuminate\\Pipeline\\{closure}()
#20 /home/u980949395/domains/sector71.app/public_html/vendor/laravel/framework/src/Illuminate/Pipeline/Pipeline.php(180): Illuminate\\Foundation\\Http\\Middleware\\ValidatePostSize->handle()
#21 /home/u980949395/domains/sector71.app/public_html/vendor/laravel/framework/src/Illuminate/Foundation/Http/Middleware/PreventRequestsDuringMaintenance.php(86): Illuminate\\Pipeline\\Pipeline->Illuminate\\Pipeline\\{closure}()
#22 /home/u980949395/domains/sector71.app/public_html/vendor/laravel/framework/src/Illuminate/Pipeline/Pipeline.php(180): Illuminate\\Foundation\\Http\\Middleware\\PreventRequestsDuringMaintenance->handle()
#23 /home/u980949395/domains/sector71.app/public_html/vendor/laravel/framework/src/Illuminate/Http/Middleware/HandleCors.php(49): Illuminate\\Pipeline\\Pipeline->Illuminate\\Pipeline\\{closure}()
#24 /home/u980949395/domains/sector71.app/public_html/vendor/laravel/framework/src/Illuminate/Pipeline/Pipeline.php(180): Illuminate\\Http\\Middleware\\HandleCors->handle()
#25 /home/u980949395/domains/sector71.app/public_html/app/Http/Middleware/SecurityHeaders.php(12): Illuminate\\Pipeline\\Pipeline->Illuminate\\Pipeline\\{closure}()
#26 /home/u980949395/domains/sector71.app/public_html/vendor/laravel/framework/src/Illuminate/Pipeline/Pipeline.php(180): App\\Http\\Middleware\\SecurityHeaders->handle()
#27 /home/u980949395/domains/sector71.app/public_html/vendor/laravel/framework/src/Illuminate/Http/Middleware/TrustProxies.php(39): Illuminate\\Pipeline\\Pipeline->Illuminate\\Pipeline\\{closure}()
#28 /home/u980949395/domains/sector71.app/public_html/vendor/laravel/framework/src/Illuminate/Pipeline/Pipeline.php(180): Illuminate\\Http\\Middleware\\TrustProxies->handle()
#29 /home/u980949395/domains/sector71.app/public_html/vendor/laravel/framework/src/Illuminate/Pipeline/Pipeline.php(116): Illuminate\\Pipeline\\Pipeline->Illuminate\\Pipeline\\{closure}()
#30 /home/u980949395/domains/sector71.app/public_html/vendor/laravel/framework/src/Illuminate/Foundation/Http/Kernel.php(165): Illuminate\\Pipeline\\Pipeline->then()
#31 /home/u980949395/domains/sector71.app/public_html/vendor/laravel/framework/src/Illuminate/Foundation/Http/Kernel.php(134): Illuminate\\Foundation\\Http\\Kernel->sendRequestThroughRouter()
#32 /home/u980949395/domains/sector71.app/public_html/public/index.php(51): Illuminate\\Foundation\\Http\\Kernel->handle()
#33 {main}
"} 
[2026-05-07 15:33:20] live.ERROR: syntax error, unexpected token "public" {"exception":"[object] (ParseError(code: 0): syntax error, unexpected token \"public\" at /home/u980949395/domains/sector71.app/public_html/Modules/Hospital/Http/Controllers/HospitalBedController.php:22)
[stacktrace]
#0 /home/u980949395/domains/sector71.app/public_html/vendor/composer/ClassLoader.php(427): Composer\\Autoload\\{closure}()
#1 [internal function]: Composer\\Autoload\\ClassLoader->loadClass()
#2 /home/u980949395/domains/sector71.app/public_html/vendor/laravel/framework/src/Illuminate/Routing/Route.php(1091): is_a()
#3 /home/u980949395/domains/sector71.app/public_html/vendor/laravel/framework/src/Illuminate/Routing/Route.php(1030): Illuminate\\Routing\\Route->controllerMiddleware()
#4 /home/u980949395/domains/sector71.app/public_html/vendor/laravel/framework/src/Illuminate/Routing/Router.php(810): Illuminate\\Routing\\Route->gatherMiddleware()
#5 /home/u980949395/domains/sector71.app/public_html/vendor/laravel/framework/src/Illuminate/Routing/Router.php(792): Illuminate\\Routing\\Router->gatherRouteMiddleware()
#6 /home/u980949395/domains/sector71.app/public_html/vendor/laravel/framework/src/Illuminate/Routing/Router.php(776): Illuminate\\Routing\\Router->runRouteWithinStack()
#7 /home/u980949395/domains/sector71.app/public_html/vendor/laravel/framework/src/Illuminate/Routing/Router.php(740): Illuminate\\Routing\\Router->runRoute()
#8 /home/u980949395/domains/sector71.app/public_html/vendor/laravel/framework/src/Illuminate/Routing/Router.php(729): Illuminate\\Routing\\Router->dispatchToRoute()
#9 /home/u980949395/domains/sector71.app/public_html/vendor/laravel/framework/src/Illuminate/Foundation/Http/Kernel.php(190): Illuminate\\Routing\\Router->dispatch()
#10 /home/u980949395/domains/sector71.app/public_html/vendor/laravel/framework/src/Illuminate/Pipeline/Pipeline.php(141): Illuminate\\Foundation\\Http\\Kernel->Illuminate\\Foundation\\Http\\{closure}()
#11 /home/u980949395/domains/sector71.app/public_html/vendor/barryvdh/laravel-debugbar/src/Middleware/InjectDebugbar.php(59): Illuminate\\Pipeline\\Pipeline->Illuminate\\Pipeline\\{closure}()
#12 /home/u980949395/domains/sector71.app/public_html/vendor/laravel/framework/src/Illuminate/Pipeline/Pipeline.php(180): Barryvdh\\Debugbar\\Middleware\\InjectDebugbar->handle()
#13 /home/u980949395/domains/sector71.app/public_html/vendor/laravel/framework/src/Illuminate/Foundation/Http/Middleware/TransformsRequest.php(21): Illuminate\\Pipeline\\Pipeline->Illuminate\\Pipeline\\{closure}()
#14 /home/u980949395/domains/sector71.app/public_html/vendor/laravel/framework/src/Illuminate/Foundation/Http/Middleware/ConvertEmptyStringsToNull.php(31): Illuminate\\Foundation\\Http\\Middleware\\TransformsRequest->handle()
#15 /home/u980949395/domains/sector71.app/public_html/vendor/laravel/framework/src/Illuminate/Pipeline/Pipeline.php(180): Illuminate\\Foundation\\Http\\Middleware\\ConvertEmptyStringsToNull->handle()
#16 /home/u980949395/domains/sector71.app/public_html/vendor/laravel/framework/src/Illuminate/Foundation/Http/Middleware/TransformsRequest.php(21): Illuminate\\Pipeline\\Pipeline->Illuminate\\Pipeline\\{closure}()
#17 /home/u980949395/domains/sector71.app/public_html/vendor/laravel/framework/src/Illuminate/Foundation/Http/Middleware/TrimStrings.php(40): Illuminate\\Foundation\\Http\\Middleware\\TransformsRequest->handle()
#18 /home/u980949395/domains/sector71.app/public_html/vendor/laravel/framework/src/Illuminate/Pipeline/Pipeline.php(180): Illuminate\\Foundation\\Http\\Middleware\\TrimStrings->handle()
#19 /home/u980949395/domains/sector71.app/public_html/vendor/laravel/framework/src/Illuminate/Foundation/Http/Middleware/ValidatePostSize.php(27): Illuminate\\Pipeline\\Pipeline->Illuminate\\Pipeline\\{closure}()
#20 /home/u980949395/domains/sector71.app/public_html/vendor/laravel/framework/src/Illuminate/Pipeline/Pipeline.php(180): Illuminate\\Foundation\\Http\\Middleware\\ValidatePostSize->handle()
#21 /home/u980949395/domains/sector71.app/public_html/vendor/laravel/framework/src/Illuminate/Foundation/Http/Middleware/PreventRequestsDuringMaintenance.php(86): Illuminate\\Pipeline\\Pipeline->Illuminate\\Pipeline\\{closure}()
#22 /home/u980949395/domains/sector71.app/public_html/vendor/laravel/framework/src/Illuminate/Pipeline/Pipeline.php(180): Illuminate\\Foundation\\Http\\Middleware\\PreventRequestsDuringMaintenance->handle()
#23 /home/u980949395/domains/sector71.app/public_html/vendor/laravel/framework/src/Illuminate/Http/Middleware/HandleCors.php(49): Illuminate\\Pipeline\\Pipeline->Illuminate\\Pipeline\\{closure}()
#24 /home/u980949395/domains/sector71.app/public_html/vendor/laravel/framework/src/Illuminate/Pipeline/Pipeline.php(180): Illuminate\\Http\\Middleware\\HandleCors->handle()
#25 /home/u980949395/domains/sector71.app/public_html/app/Http/Middleware/SecurityHeaders.php(12): Illuminate\\Pipeline\\Pipeline->Illuminate\\Pipeline\\{closure}()
#26 /home/u980949395/domains/sector71.app/public_html/vendor/laravel/framework/src/Illuminate/Pipeline/Pipeline.php(180): App\\Http\\Middleware\\SecurityHeaders->handle()
#27 /home/u980949395/domains/sector71.app/public_html/vendor/laravel/framework/src/Illuminate/Http/Middleware/TrustProxies.php(39): Illuminate\\Pipeline\\Pipeline->Illuminate\\Pipeline\\{closure}()
#28 /home/u980949395/domains/sector71.app/public_html/vendor/laravel/framework/src/Illuminate/Pipeline/Pipeline.php(180): Illuminate\\Http\\Middleware\\TrustProxies->handle()
#29 /home/u980949395/domains/sector71.app/public_html/vendor/laravel/framework/src/Illuminate/Pipeline/Pipeline.php(116): Illuminate\\Pipeline\\Pipeline->Illuminate\\Pipeline\\{closure}()
#30 /home/u980949395/domains/sector71.app/public_html/vendor/laravel/framework/src/Illuminate/Foundation/Http/Kernel.php(165): Illuminate\\Pipeline\\Pipeline->then()
#31 /home/u980949395/domains/sector71.app/public_html/vendor/laravel/framework/src/Illuminate/Foundation/Http/Kernel.php(134): Illuminate\\Foundation\\Http\\Kernel->sendRequestThroughRouter()
#32 /home/u980949395/domains/sector71.app/public_html/public/index.php(51): Illuminate\\Foundation\\Http\\Kernel->handle()
#33 {main}
"} 
[2026-05-07 15:33:25] live.ERROR: syntax error, unexpected token "public" {"exception":"[object] (ParseError(code: 0): syntax error, unexpected token \"public\" at /home/u980949395/domains/sector71.app/public_html/Modules/Hospital/Http/Controllers/HospitalBedController.php:22)
[stacktrace]
#0 /home/u980949395/domains/sector71.app/public_html/vendor/composer/ClassLoader.php(427): Composer\\Autoload\\{closure}()
#1 [internal function]: Composer\\Autoload\\ClassLoader->loadClass()
#2 /home/u980949395/domains/sector71.app/public_html/vendor/laravel/framework/src/Illuminate/Routing/Route.php(1091): is_a()
#3 /home/u980949395/domains/sector71.app/public_html/vendor/laravel/framework/src/Illuminate/Routing/Route.php(1030): Illuminate\\Routing\\Route->controllerMiddleware()
#4 /home/u980949395/domains/sector71.app/public_html/vendor/laravel/framework/src/Illuminate/Routing/Router.php(810): Illuminate\\Routing\\Route->gatherMiddleware()
#5 /home/u980949395/domains/sector71.app/public_html/vendor/laravel/framework/src/Illuminate/Routing/Router.php(792): Illuminate\\Routing\\Router->gatherRouteMiddleware()
#6 /home/u980949395/domains/sector71.app/public_html/vendor/laravel/framework/src/Illuminate/Routing/Router.php(776): Illuminate\\Routing\\Router->runRouteWithinStack()
#7 /home/u980949395/domains/sector71.app/public_html/vendor/laravel/framework/src/Illuminate/Routing/Router.php(740): Illuminate\\Routing\\Router->runRoute()
#8 /home/u980949395/domains/sector71.app/public_html/vendor/laravel/framework/src/Illuminate/Routing/Router.php(729): Illuminate\\Routing\\Router->dispatchToRoute()
#9 /home/u980949395/domains/sector71.app/public_html/vendor/laravel/framework/src/Illuminate/Foundation/Http/Kernel.php(190): Illuminate\\Routing\\Router->dispatch()
#10 /home/u980949395/domains/sector71.app/public_html/vendor/laravel/framework/src/Illuminate/Pipeline/Pipeline.php(141): Illuminate\\Foundation\\Http\\Kernel->Illuminate\\Foundation\\Http\\{closure}()
#11 /home/u980949395/domains/sector71.app/public_html/vendor/barryvdh/laravel-debugbar/src/Middleware/InjectDebugbar.php(59): Illuminate\\Pipeline\\Pipeline->Illuminate\\Pipeline\\{closure}()
#12 /home/u980949395/domains/sector71.app/public_html/vendor/laravel/framework/src/Illuminate/Pipeline/Pipeline.php(180): Barryvdh\\Debugbar\\Middleware\\InjectDebugbar->handle()
#13 /home/u980949395/domains/sector71.app/public_html/vendor/laravel/framework/src/Illuminate/Foundation/Http/Middleware/TransformsRequest.php(21): Illuminate\\Pipeline\\Pipeline->Illuminate\\Pipeline\\{closure}()
#14 /home/u980949395/domains/sector71.app/public_html/vendor/laravel/framework/src/Illuminate/Foundation/Http/Middleware/ConvertEmptyStringsToNull.php(31): Illuminate\\Foundation\\Http\\Middleware\\TransformsRequest->handle()
#15 /home/u980949395/domains/sector71.app/public_html/vendor/laravel/framework/src/Illuminate/Pipeline/Pipeline.php(180): Illuminate\\Foundation\\Http\\Middleware\\ConvertEmptyStringsToNull->handle()
#16 /home/u980949395/domains/sector71.app/public_html/vendor/laravel/framework/src/Illuminate/Foundation/Http/Middleware/TransformsRequest.php(21): Illuminate\\Pipeline\\Pipeline->Illuminate\\Pipeline\\{closure}()
#17 /home/u980949395/domains/sector71.app/public_html/vendor/laravel/framework/src/Illuminate/Foundation/Http/Middleware/TrimStrings.php(40): Illuminate\\Foundation\\Http\\Middleware\\TransformsRequest->handle()
#18 /home/u980949395/domains/sector71.app/public_html/vendor/laravel/framework/src/Illuminate/Pipeline/Pipeline.php(180): Illuminate\\Foundation\\Http\\Middleware\\TrimStrings->handle()
#19 /home/u980949395/domains/sector71.app/public_html/vendor/laravel/framework/src/Illuminate/Foundation/Http/Middleware/ValidatePostSize.php(27): Illuminate\\Pipeline\\Pipeline->Illuminate\\Pipeline\\{closure}()
#20 /home/u980949395/domains/sector71.app/public_html/vendor/laravel/framework/src/Illuminate/Pipeline/Pipeline.php(180): Illuminate\\Foundation\\Http\\Middleware\\ValidatePostSize->handle()
#21 /home/u980949395/domains/sector71.app/public_html/vendor/laravel/framework/src/Illuminate/Foundation/Http/Middleware/PreventRequestsDuringMaintenance.php(86): Illuminate\\Pipeline\\Pipeline->Illuminate\\Pipeline\\{closure}()
#22 /home/u980949395/domains/sector71.app/public_html/vendor/laravel/framework/src/Illuminate/Pipeline/Pipeline.php(180): Illuminate\\Foundation\\Http\\Middleware\\PreventRequestsDuringMaintenance->handle()
#23 /home/u980949395/domains/sector71.app/public_html/vendor/laravel/framework/src/Illuminate/Http/Middleware/HandleCors.php(49): Illuminate\\Pipeline\\Pipeline->Illuminate\\Pipeline\\{closure}()
#24 /home/u980949395/domains/sector71.app/public_html/vendor/laravel/framework/src/Illuminate/Pipeline/Pipeline.php(180): Illuminate\\Http\\Middleware\\HandleCors->handle()
#25 /home/u980949395/domains/sector71.app/public_html/app/Http/Middleware/SecurityHeaders.php(12): Illuminate\\Pipeline\\Pipeline->Illuminate\\Pipeline\\{closure}()
#26 /home/u980949395/domains/sector71.app/public_html/vendor/laravel/framework/src/Illuminate/Pipeline/Pipeline.php(180): App\\Http\\Middleware\\SecurityHeaders->handle()
#27 /home/u980949395/domains/sector71.app/public_html/vendor/laravel/framework/src/Illuminate/Http/Middleware/TrustProxies.php(39): Illuminate\\Pipeline\\Pipeline->Illuminate\\Pipeline\\{closure}()
#28 /home/u980949395/domains/sector71.app/public_html/vendor/laravel/framework/src/Illuminate/Pipeline/Pipeline.php(180): Illuminate\\Http\\Middleware\\TrustProxies->handle()
#29 /home/u980949395/domains/sector71.app/public_html/vendor/laravel/framework/src/Illuminate/Pipeline/Pipeline.php(116): Illuminate\\Pipeline\\Pipeline->Illuminate\\Pipeline\\{closure}()
#30 /home/u980949395/domains/sector71.app/public_html/vendor/laravel/framework/src/Illuminate/Foundation/Http/Kernel.php(165): Illuminate\\Pipeline\\Pipeline->then()
#31 /home/u980949395/domains/sector71.app/public_html/vendor/laravel/framework/src/Illuminate/Foundation/Http/Kernel.php(134): Illuminate\\Foundation\\Http\\Kernel->sendRequestThroughRouter()
#32 /home/u980949395/domains/sector71.app/public_html/public/index.php(51): Illuminate\\Foundation\\Http\\Kernel->handle()
#33 {main}
"} 
[2026-05-07 15:33:28] live.ERROR: syntax error, unexpected token "public" {"exception":"[object] (ParseError(code: 0): syntax error, unexpected token \"public\" at /home/u980949395/domains/sector71.app/public_html/Modules/Hospital/Http/Controllers/HospitalBedController.php:22)
[stacktrace]
#0 /home/u980949395/domains/sector71.app/public_html/vendor/composer/ClassLoader.php(427): Composer\\Autoload\\{closure}()
#1 [internal function]: Composer\\Autoload\\ClassLoader->loadClass()
#2 /home/u980949395/domains/sector71.app/public_html/vendor/laravel/framework/src/Illuminate/Routing/Route.php(1091): is_a()
#3 /home/u980949395/domains/sector71.app/public_html/vendor/laravel/framework/src/Illuminate/Routing/Route.php(1030): Illuminate\\Routing\\Route->controllerMiddleware()
#4 /home/u980949395/domains/sector71.app/public_html/vendor/laravel/framework/src/Illuminate/Routing/Router.php(810): Illuminate\\Routing\\Route->gatherMiddleware()
#5 /home/u980949395/domains/sector71.app/public_html/vendor/laravel/framework/src/Illuminate/Routing/Router.php(792): Illuminate\\Routing\\Router->gatherRouteMiddleware()
#6 /home/u980949395/domains/sector71.app/public_html/vendor/laravel/framework/src/Illuminate/Routing/Router.php(776): Illuminate\\Routing\\Router->runRouteWithinStack()
#7 /home/u980949395/domains/sector71.app/public_html/vendor/laravel/framework/src/Illuminate/Routing/Router.php(740): Illuminate\\Routing\\Router->runRoute()
#8 /home/u980949395/domains/sector71.app/public_html/vendor/laravel/framework/src/Illuminate/Routing/Router.php(729): Illuminate\\Routing\\Router->dispatchToRoute()
#9 /home/u980949395/domains/sector71.app/public_html/vendor/laravel/framework/src/Illuminate/Foundation/Http/Kernel.php(190): Illuminate\\Routing\\Router->dispatch()
#10 /home/u980949395/domains/sector71.app/public_html/vendor/laravel/framework/src/Illuminate/Pipeline/Pipeline.php(141): Illuminate\\Foundation\\Http\\Kernel->Illuminate\\Foundation\\Http\\{closure}()
#11 /home/u980949395/domains/sector71.app/public_html/vendor/barryvdh/laravel-debugbar/src/Middleware/InjectDebugbar.php(59): Illuminate\\Pipeline\\Pipeline->Illuminate\\Pipeline\\{closure}()
#12 /home/u980949395/domains/sector71.app/public_html/vendor/laravel/framework/src/Illuminate/Pipeline/Pipeline.php(180): Barryvdh\\Debugbar\\Middleware\\InjectDebugbar->handle()
#13 /home/u980949395/domains/sector71.app/public_html/vendor/laravel/framework/src/Illuminate/Foundation/Http/Middleware/TransformsRequest.php(21): Illuminate\\Pipeline\\Pipeline->Illuminate\\Pipeline\\{closure}()
#14 /home/u980949395/domains/sector71.app/public_html/vendor/laravel/framework/src/Illuminate/Foundation/Http/Middleware/ConvertEmptyStringsToNull.php(31): Illuminate\\Foundation\\Http\\Middleware\\TransformsRequest->handle()
#15 /home/u980949395/domains/sector71.app/public_html/vendor/laravel/framework/src/Illuminate/Pipeline/Pipeline.php(180): Illuminate\\Foundation\\Http\\Middleware\\ConvertEmptyStringsToNull->handle()
#16 /home/u980949395/domains/sector71.app/public_html/vendor/laravel/framework/src/Illuminate/Foundation/Http/Middleware/TransformsRequest.php(21): Illuminate\\Pipeline\\Pipeline->Illuminate\\Pipeline\\{closure}()
#17 /home/u980949395/domains/sector71.app/public_html/vendor/laravel/framework/src/Illuminate/Foundation/Http/Middleware/TrimStrings.php(40): Illuminate\\Foundation\\Http\\Middleware\\TransformsRequest->handle()
#18 /home/u980949395/domains/sector71.app/public_html/vendor/laravel/framework/src/Illuminate/Pipeline/Pipeline.php(180): Illuminate\\Foundation\\Http\\Middleware\\TrimStrings->handle()
#19 /home/u980949395/domains/sector71.app/public_html/vendor/laravel/framework/src/Illuminate/Foundation/Http/Middleware/ValidatePostSize.php(27): Illuminate\\Pipeline\\Pipeline->Illuminate\\Pipeline\\{closure}()
#20 /home/u980949395/domains/sector71.app/public_html/vendor/laravel/framework/src/Illuminate/Pipeline/Pipeline.php(180): Illuminate\\Foundation\\Http\\Middleware\\ValidatePostSize->handle()
#21 /home/u980949395/domains/sector71.app/public_html/vendor/laravel/framework/src/Illuminate/Foundation/Http/Middleware/PreventRequestsDuringMaintenance.php(86): Illuminate\\Pipeline\\Pipeline->Illuminate\\Pipeline\\{closure}()
#22 /home/u980949395/domains/sector71.app/public_html/vendor/laravel/framework/src/Illuminate/Pipeline/Pipeline.php(180): Illuminate\\Foundation\\Http\\Middleware\\PreventRequestsDuringMaintenance->handle()
#23 /home/u980949395/domains/sector71.app/public_html/vendor/laravel/framework/src/Illuminate/Http/Middleware/HandleCors.php(49): Illuminate\\Pipeline\\Pipeline->Illuminate\\Pipeline\\{closure}()
#24 /home/u980949395/domains/sector71.app/public_html/vendor/laravel/framework/src/Illuminate/Pipeline/Pipeline.php(180): Illuminate\\Http\\Middleware\\HandleCors->handle()
#25 /home/u980949395/domains/sector71.app/public_html/app/Http/Middleware/SecurityHeaders.php(12): Illuminate\\Pipeline\\Pipeline->Illuminate\\Pipeline\\{closure}()
#26 /home/u980949395/domains/sector71.app/public_html/vendor/laravel/framework/src/Illuminate/Pipeline/Pipeline.php(180): App\\Http\\Middleware\\SecurityHeaders->handle()
#27 /home/u980949395/domains/sector71.app/public_html/vendor/laravel/framework/src/Illuminate/Http/Middleware/TrustProxies.php(39): Illuminate\\Pipeline\\Pipeline->Illuminate\\Pipeline\\{closure}()
#28 /home/u980949395/domains/sector71.app/public_html/vendor/laravel/framework/src/Illuminate/Pipeline/Pipeline.php(180): Illuminate\\Http\\Middleware\\TrustProxies->handle()
#29 /home/u980949395/domains/sector71.app/public_html/vendor/laravel/framework/src/Illuminate/Pipeline/Pipeline.php(116): Illuminate\\Pipeline\\Pipeline->Illuminate\\Pipeline\\{closure}()
#30 /home/u980949395/domains/sector71.app/public_html/vendor/laravel/framework/src/Illuminate/Foundation/Http/Kernel.php(165): Illuminate\\Pipeline\\Pipeline->then()
#31 /home/u980949395/domains/sector71.app/public_html/vendor/laravel/framework/src/Illuminate/Foundation/Http/Kernel.php(134): Illuminate\\Foundation\\Http\\Kernel->sendRequestThroughRouter()
#32 /home/u980949395/domains/sector71.app/public_html/public/index.php(51): Illuminate\\Foundation\\Http\\Kernel->handle()
#33 {main}
"} 
[2026-05-07 20:06:59] live.ERROR: syntax error, unexpected token "public" {"exception":"[object] (ParseError(code: 0): syntax error, unexpected token \"public\" at /home/u980949395/domains/sector71.app/public_html/Modules/Hospital/Http/Controllers/HospitalBedController.php:22)
[stacktrace]
#0 /home/u980949395/domains/sector71.app/public_html/vendor/composer/ClassLoader.php(427): Composer\\Autoload\\{closure}()
#1 [internal function]: Composer\\Autoload\\ClassLoader->loadClass()
#2 /home/u980949395/domains/sector71.app/public_html/vendor/laravel/framework/src/Illuminate/Routing/Route.php(1091): is_a()
#3 /home/u980949395/domains/sector71.app/public_html/vendor/laravel/framework/src/Illuminate/Routing/Route.php(1030): Illuminate\\Routing\\Route->controllerMiddleware()
#4 /home/u980949395/domains/sector71.app/public_html/vendor/laravel/framework/src/Illuminate/Routing/Router.php(810): Illuminate\\Routing\\Route->gatherMiddleware()
#5 /home/u980949395/domains/sector71.app/public_html/vendor/laravel/framework/src/Illuminate/Routing/Router.php(792): Illuminate\\Routing\\Router->gatherRouteMiddleware()
#6 /home/u980949395/domains/sector71.app/public_html/vendor/laravel/framework/src/Illuminate/Routing/Router.php(776): Illuminate\\Routing\\Router->runRouteWithinStack()
#7 /home/u980949395/domains/sector71.app/public_html/vendor/laravel/framework/src/Illuminate/Routing/Router.php(740): Illuminate\\Routing\\Router->runRoute()
#8 /home/u980949395/domains/sector71.app/public_html/vendor/laravel/framework/src/Illuminate/Routing/Router.php(729): Illuminate\\Routing\\Router->dispatchToRoute()
#9 /home/u980949395/domains/sector71.app/public_html/vendor/laravel/framework/src/Illuminate/Foundation/Http/Kernel.php(190): Illuminate\\Routing\\Router->dispatch()
#10 /home/u980949395/domains/sector71.app/public_html/vendor/laravel/framework/src/Illuminate/Pipeline/Pipeline.php(141): Illuminate\\Foundation\\Http\\Kernel->Illuminate\\Foundation\\Http\\{closure}()
#11 /home/u980949395/domains/sector71.app/public_html/vendor/barryvdh/laravel-debugbar/src/Middleware/InjectDebugbar.php(59): Illuminate\\Pipeline\\Pipeline->Illuminate\\Pipeline\\{closure}()
#12 /home/u980949395/domains/sector71.app/public_html/vendor/laravel/framework/src/Illuminate/Pipeline/Pipeline.php(180): Barryvdh\\Debugbar\\Middleware\\InjectDebugbar->handle()
#13 /home/u980949395/domains/sector71.app/public_html/vendor/laravel/framework/src/Illuminate/Foundation/Http/Middleware/TransformsRequest.php(21): Illuminate\\Pipeline\\Pipeline->Illuminate\\Pipeline\\{closure}()
#14 /home/u980949395/domains/sector71.app/public_html/vendor/laravel/framework/src/Illuminate/Foundation/Http/Middleware/ConvertEmptyStringsToNull.php(31): Illuminate\\Foundation\\Http\\Middleware\\TransformsRequest->handle()
#15 /home/u980949395/domains/sector71.app/public_html/vendor/laravel/framework/src/Illuminate/Pipeline/Pipeline.php(180): Illuminate\\Foundation\\Http\\Middleware\\ConvertEmptyStringsToNull->handle()
#16 /home/u980949395/domains/sector71.app/public_html/vendor/laravel/framework/src/Illuminate/Foundation/Http/Middleware/TransformsRequest.php(21): Illuminate\\Pipeline\\Pipeline->Illuminate\\Pipeline\\{closure}()
#17 /home/u980949395/domains/sector71.app/public_html/vendor/laravel/framework/src/Illuminate/Foundation/Http/Middleware/TrimStrings.php(40): Illuminate\\Foundation\\Http\\Middleware\\TransformsRequest->handle()
#18 /home/u980949395/domains/sector71.app/public_html/vendor/laravel/framework/src/Illuminate/Pipeline/Pipeline.php(180): Illuminate\\Foundation\\Http\\Middleware\\TrimStrings->handle()
#19 /home/u980949395/domains/sector71.app/public_html/vendor/laravel/framework/src/Illuminate/Foundation/Http/Middleware/ValidatePostSize.php(27): Illuminate\\Pipeline\\Pipeline->Illuminate\\Pipeline\\{closure}()
#20 /home/u980949395/domains/sector71.app/public_html/vendor/laravel/framework/src/Illuminate/Pipeline/Pipeline.php(180): Illuminate\\Foundation\\Http\\Middleware\\ValidatePostSize->handle()
#21 /home/u980949395/domains/sector71.app/public_html/vendor/laravel/framework/src/Illuminate/Foundation/Http/Middleware/PreventRequestsDuringMaintenance.php(86): Illuminate\\Pipeline\\Pipeline->Illuminate\\Pipeline\\{closure}()
#22 /home/u980949395/domains/sector71.app/public_html/vendor/laravel/framework/src/Illuminate/Pipeline/Pipeline.php(180): Illuminate\\Foundation\\Http\\Middleware\\PreventRequestsDuringMaintenance->handle()
#23 /home/u980949395/domains/sector71.app/public_html/vendor/laravel/framework/src/Illuminate/Http/Middleware/HandleCors.php(49): Illuminate\\Pipeline\\Pipeline->Illuminate\\Pipeline\\{closure}()
#24 /home/u980949395/domains/sector71.app/public_html/vendor/laravel/framework/src/Illuminate/Pipeline/Pipeline.php(180): Illuminate\\Http\\Middleware\\HandleCors->handle()
#25 /home/u980949395/domains/sector71.app/public_html/app/Http/Middleware/SecurityHeaders.php(12): Illuminate\\Pipeline\\Pipeline->Illuminate\\Pipeline\\{closure}()
#26 /home/u980949395/domains/sector71.app/public_html/vendor/laravel/framework/src/Illuminate/Pipeline/Pipeline.php(180): App\\Http\\Middleware\\SecurityHeaders->handle()
#27 /home/u980949395/domains/sector71.app/public_html/vendor/laravel/framework/src/Illuminate/Http/Middleware/TrustProxies.php(39): Illuminate\\Pipeline\\Pipeline->Illuminate\\Pipeline\\{closure}()
#28 /home/u980949395/domains/sector71.app/public_html/vendor/laravel/framework/src/Illuminate/Pipeline/Pipeline.php(180): Illuminate\\Http\\Middleware\\TrustProxies->handle()
#29 /home/u980949395/domains/sector71.app/public_html/vendor/laravel/framework/src/Illuminate/Pipeline/Pipeline.php(116): Illuminate\\Pipeline\\Pipeline->Illuminate\\Pipeline\\{closure}()
#30 /home/u980949395/domains/sector71.app/public_html/vendor/laravel/framework/src/Illuminate/Foundation/Http/Kernel.php(165): Illuminate\\Pipeline\\Pipeline->then()
#31 /home/u980949395/domains/sector71.app/public_html/vendor/laravel/framework/src/Illuminate/Foundation/Http/Kernel.php(134): Illuminate\\Foundation\\Http\\Kernel->sendRequestThroughRouter()
#32 /home/u980949395/domains/sector71.app/public_html/public/index.php(51): Illuminate\\Foundation\\Http\\Kernel->handle()
#33 {main}
"} 
[2026-05-07 20:12:45] live.ERROR: syntax error, unexpected token "public" {"exception":"[object] (ParseError(code: 0): syntax error, unexpected token \"public\" at /home/u980949395/domains/sector71.app/public_html/Modules/Hospital/Http/Controllers/HospitalBedController.php:22)
[stacktrace]
#0 /home/u980949395/domains/sector71.app/public_html/vendor/composer/ClassLoader.php(427): Composer\\Autoload\\{closure}()
#1 [internal function]: Composer\\Autoload\\ClassLoader->loadClass()
#2 /home/u980949395/domains/sector71.app/public_html/vendor/laravel/framework/src/Illuminate/Routing/Route.php(1091): is_a()
#3 /home/u980949395/domains/sector71.app/public_html/vendor/laravel/framework/src/Illuminate/Routing/Route.php(1030): Illuminate\\Routing\\Route->controllerMiddleware()
#4 /home/u980949395/domains/sector71.app/public_html/vendor/laravel/framework/src/Illuminate/Routing/Router.php(810): Illuminate\\Routing\\Route->gatherMiddleware()
#5 /home/u980949395/domains/sector71.app/public_html/vendor/laravel/framework/src/Illuminate/Routing/Router.php(792): Illuminate\\Routing\\Router->gatherRouteMiddleware()
#6 /home/u980949395/domains/sector71.app/public_html/vendor/laravel/framework/src/Illuminate/Routing/Router.php(776): Illuminate\\Routing\\Router->runRouteWithinStack()
#7 /home/u980949395/domains/sector71.app/public_html/vendor/laravel/framework/src/Illuminate/Routing/Router.php(740): Illuminate\\Routing\\Router->runRoute()
#8 /home/u980949395/domains/sector71.app/public_html/vendor/laravel/framework/src/Illuminate/Routing/Router.php(729): Illuminate\\Routing\\Router->dispatchToRoute()
#9 /home/u980949395/domains/sector71.app/public_html/vendor/laravel/framework/src/Illuminate/Foundation/Http/Kernel.php(190): Illuminate\\Routing\\Router->dispatch()
#10 /home/u980949395/domains/sector71.app/public_html/vendor/laravel/framework/src/Illuminate/Pipeline/Pipeline.php(141): Illuminate\\Foundation\\Http\\Kernel->Illuminate\\Foundation\\Http\\{closure}()
#11 /home/u980949395/domains/sector71.app/public_html/vendor/barryvdh/laravel-debugbar/src/Middleware/InjectDebugbar.php(59): Illuminate\\Pipeline\\Pipeline->Illuminate\\Pipeline\\{closure}()
#12 /home/u980949395/domains/sector71.app/public_html/vendor/laravel/framework/src/Illuminate/Pipeline/Pipeline.php(180): Barryvdh\\Debugbar\\Middleware\\InjectDebugbar->handle()
#13 /home/u980949395/domains/sector71.app/public_html/vendor/laravel/framework/src/Illuminate/Foundation/Http/Middleware/TransformsRequest.php(21): Illuminate\\Pipeline\\Pipeline->Illuminate\\Pipeline\\{closure}()
#14 /home/u980949395/domains/sector71.app/public_html/vendor/laravel/framework/src/Illuminate/Foundation/Http/Middleware/ConvertEmptyStringsToNull.php(31): Illuminate\\Foundation\\Http\\Middleware\\TransformsRequest->handle()
#15 /home/u980949395/domains/sector71.app/public_html/vendor/laravel/framework/src/Illuminate/Pipeline/Pipeline.php(180): Illuminate\\Foundation\\Http\\Middleware\\ConvertEmptyStringsToNull->handle()
#16 /home/u980949395/domains/sector71.app/public_html/vendor/laravel/framework/src/Illuminate/Foundation/Http/Middleware/TransformsRequest.php(21): Illuminate\\Pipeline\\Pipeline->Illuminate\\Pipeline\\{closure}()
#17 /home/u980949395/domains/sector71.app/public_html/vendor/laravel/framework/src/Illuminate/Foundation/Http/Middleware/TrimStrings.php(40): Illuminate\\Foundation\\Http\\Middleware\\TransformsRequest->handle()
#18 /home/u980949395/domains/sector71.app/public_html/vendor/laravel/framework/src/Illuminate/Pipeline/Pipeline.php(180): Illuminate\\Foundation\\Http\\Middleware\\TrimStrings->handle()
#19 /home/u980949395/domains/sector71.app/public_html/vendor/laravel/framework/src/Illuminate/Foundation/Http/Middleware/ValidatePostSize.php(27): Illuminate\\Pipeline\\Pipeline->Illuminate\\Pipeline\\{closure}()
#20 /home/u980949395/domains/sector71.app/public_html/vendor/laravel/framework/src/Illuminate/Pipeline/Pipeline.php(180): Illuminate\\Foundation\\Http\\Middleware\\ValidatePostSize->handle()
#21 /home/u980949395/domains/sector71.app/public_html/vendor/laravel/framework/src/Illuminate/Foundation/Http/Middleware/PreventRequestsDuringMaintenance.php(86): Illuminate\\Pipeline\\Pipeline->Illuminate\\Pipeline\\{closure}()
#22 /home/u980949395/domains/sector71.app/public_html/vendor/laravel/framework/src/Illuminate/Pipeline/Pipeline.php(180): Illuminate\\Foundation\\Http\\Middleware\\PreventRequestsDuringMaintenance->handle()
#23 /home/u980949395/domains/sector71.app/public_html/vendor/laravel/framework/src/Illuminate/Http/Middleware/HandleCors.php(49): Illuminate\\Pipeline\\Pipeline->Illuminate\\Pipeline\\{closure}()
#24 /home/u980949395/domains/sector71.app/public_html/vendor/laravel/framework/src/Illuminate/Pipeline/Pipeline.php(180): Illuminate\\Http\\Middleware\\HandleCors->handle()
#25 /home/u980949395/domains/sector71.app/public_html/app/Http/Middleware/SecurityHeaders.php(12): Illuminate\\Pipeline\\Pipeline->Illuminate\\Pipeline\\{closure}()
#26 /home/u980949395/domains/sector71.app/public_html/vendor/laravel/framework/src/Illuminate/Pipeline/Pipeline.php(180): App\\Http\\Middleware\\SecurityHeaders->handle()
#27 /home/u980949395/domains/sector71.app/public_html/vendor/laravel/framework/src/Illuminate/Http/Middleware/TrustProxies.php(39): Illuminate\\Pipeline\\Pipeline->Illuminate\\Pipeline\\{closure}()
#28 /home/u980949395/domains/sector71.app/public_html/vendor/laravel/framework/src/Illuminate/Pipeline/Pipeline.php(180): Illuminate\\Http\\Middleware\\TrustProxies->handle()
#29 /home/u980949395/domains/sector71.app/public_html/vendor/laravel/framework/src/Illuminate/Pipeline/Pipeline.php(116): Illuminate\\Pipeline\\Pipeline->Illuminate\\Pipeline\\{closure}()
#30 /home/u980949395/domains/sector71.app/public_html/vendor/laravel/framework/src/Illuminate/Foundation/Http/Kernel.php(165): Illuminate\\Pipeline\\Pipeline->then()
#31 /home/u980949395/domains/sector71.app/public_html/vendor/laravel/framework/src/Illuminate/Foundation/Http/Kernel.php(134): Illuminate\\Foundation\\Http\\Kernel->sendRequestThroughRouter()
#32 /home/u980949395/domains/sector71.app/public_html/public/index.php(51): Illuminate\\Foundation\\Http\\Kernel->handle()
#33 {main}
"} 
[2026-05-07 20:13:45] live.ERROR: syntax error, unexpected token "public" {"exception":"[object] (ParseError(code: 0): syntax error, unexpected token \"public\" at /home/u980949395/domains/sector71.app/public_html/Modules/Hospital/Http/Controllers/HospitalBedController.php:22)
[stacktrace]
#0 /home/u980949395/domains/sector71.app/public_html/vendor/composer/ClassLoader.php(427): Composer\\Autoload\\{closure}()
#1 [internal function]: Composer\\Autoload\\ClassLoader->loadClass()
#2 /home/u980949395/domains/sector71.app/public_html/vendor/laravel/framework/src/Illuminate/Routing/Route.php(1091): is_a()
#3 /home/u980949395/domains/sector71.app/public_html/vendor/laravel/framework/src/Illuminate/Routing/Route.php(1030): Illuminate\\Routing\\Route->controllerMiddleware()
#4 /home/u980949395/domains/sector71.app/public_html/vendor/laravel/framework/src/Illuminate/Routing/Router.php(810): Illuminate\\Routing\\Route->gatherMiddleware()
#5 /home/u980949395/domains/sector71.app/public_html/vendor/laravel/framework/src/Illuminate/Routing/Router.php(792): Illuminate\\Routing\\Router->gatherRouteMiddleware()
#6 /home/u980949395/domains/sector71.app/public_html/vendor/laravel/framework/src/Illuminate/Routing/Router.php(776): Illuminate\\Routing\\Router->runRouteWithinStack()
#7 /home/u980949395/domains/sector71.app/public_html/vendor/laravel/framework/src/Illuminate/Routing/Router.php(740): Illuminate\\Routing\\Router->runRoute()
#8 /home/u980949395/domains/sector71.app/public_html/vendor/laravel/framework/src/Illuminate/Routing/Router.php(729): Illuminate\\Routing\\Router->dispatchToRoute()
#9 /home/u980949395/domains/sector71.app/public_html/vendor/laravel/framework/src/Illuminate/Foundation/Http/Kernel.php(190): Illuminate\\Routing\\Router->dispatch()
#10 /home/u980949395/domains/sector71.app/public_html/vendor/laravel/framework/src/Illuminate/Pipeline/Pipeline.php(141): Illuminate\\Foundation\\Http\\Kernel->Illuminate\\Foundation\\Http\\{closure}()
#11 /home/u980949395/domains/sector71.app/public_html/vendor/barryvdh/laravel-debugbar/src/Middleware/InjectDebugbar.php(59): Illuminate\\Pipeline\\Pipeline->Illuminate\\Pipeline\\{closure}()
#12 /home/u980949395/domains/sector71.app/public_html/vendor/laravel/framework/src/Illuminate/Pipeline/Pipeline.php(180): Barryvdh\\Debugbar\\Middleware\\InjectDebugbar->handle()
#13 /home/u980949395/domains/sector71.app/public_html/vendor/laravel/framework/src/Illuminate/Foundation/Http/Middleware/TransformsRequest.php(21): Illuminate\\Pipeline\\Pipeline->Illuminate\\Pipeline\\{closure}()
#14 /home/u980949395/domains/sector71.app/public_html/vendor/laravel/framework/src/Illuminate/Foundation/Http/Middleware/ConvertEmptyStringsToNull.php(31): Illuminate\\Foundation\\Http\\Middleware\\TransformsRequest->handle()
#15 /home/u980949395/domains/sector71.app/public_html/vendor/laravel/framework/src/Illuminate/Pipeline/Pipeline.php(180): Illuminate\\Foundation\\Http\\Middleware\\ConvertEmptyStringsToNull->handle()
#16 /home/u980949395/domains/sector71.app/public_html/vendor/laravel/framework/src/Illuminate/Foundation/Http/Middleware/TransformsRequest.php(21): Illuminate\\Pipeline\\Pipeline->Illuminate\\Pipeline\\{closure}()
#17 /home/u980949395/domains/sector71.app/public_html/vendor/laravel/framework/src/Illuminate/Foundation/Http/Middleware/TrimStrings.php(40): Illuminate\\Foundation\\Http\\Middleware\\TransformsRequest->handle()
#18 /home/u980949395/domains/sector71.app/public_html/vendor/laravel/framework/src/Illuminate/Pipeline/Pipeline.php(180): Illuminate\\Foundation\\Http\\Middleware\\TrimStrings->handle()
#19 /home/u980949395/domains/sector71.app/public_html/vendor/laravel/framework/src/Illuminate/Foundation/Http/Middleware/ValidatePostSize.php(27): Illuminate\\Pipeline\\Pipeline->Illuminate\\Pipeline\\{closure}()
#20 /home/u980949395/domains/sector71.app/public_html/vendor/laravel/framework/src/Illuminate/Pipeline/Pipeline.php(180): Illuminate\\Foundation\\Http\\Middleware\\ValidatePostSize->handle()
#21 /home/u980949395/domains/sector71.app/public_html/vendor/laravel/framework/src/Illuminate/Foundation/Http/Middleware/PreventRequestsDuringMaintenance.php(86): Illuminate\\Pipeline\\Pipeline->Illuminate\\Pipeline\\{closure}()
#22 /home/u980949395/domains/sector71.app/public_html/vendor/laravel/framework/src/Illuminate/Pipeline/Pipeline.php(180): Illuminate\\Foundation\\Http\\Middleware\\PreventRequestsDuringMaintenance->handle()
#23 /home/u980949395/domains/sector71.app/public_html/vendor/laravel/framework/src/Illuminate/Http/Middleware/HandleCors.php(49): Illuminate\\Pipeline\\Pipeline->Illuminate\\Pipeline\\{closure}()
#24 /home/u980949395/domains/sector71.app/public_html/vendor/laravel/framework/src/Illuminate/Pipeline/Pipeline.php(180): Illuminate\\Http\\Middleware\\HandleCors->handle()
#25 /home/u980949395/domains/sector71.app/public_html/app/Http/Middleware/SecurityHeaders.php(12): Illuminate\\Pipeline\\Pipeline->Illuminate\\Pipeline\\{closure}()
#26 /home/u980949395/domains/sector71.app/public_html/vendor/laravel/framework/src/Illuminate/Pipeline/Pipeline.php(180): App\\Http\\Middleware\\SecurityHeaders->handle()
#27 /home/u980949395/domains/sector71.app/public_html/vendor/laravel/framework/src/Illuminate/Http/Middleware/TrustProxies.php(39): Illuminate\\Pipeline\\Pipeline->Illuminate\\Pipeline\\{closure}()
#28 /home/u980949395/domains/sector71.app/public_html/vendor/laravel/framework/src/Illuminate/Pipeline/Pipeline.php(180): Illuminate\\Http\\Middleware\\TrustProxies->handle()
#29 /home/u980949395/domains/sector71.app/public_html/vendor/laravel/framework/src/Illuminate/Pipeline/Pipeline.php(116): Illuminate\\Pipeline\\Pipeline->Illuminate\\Pipeline\\{closure}()
#30 /home/u980949395/domains/sector71.app/public_html/vendor/laravel/framework/src/Illuminate/Foundation/Http/Kernel.php(165): Illuminate\\Pipeline\\Pipeline->then()
#31 /home/u980949395/domains/sector71.app/public_html/vendor/laravel/framework/src/Illuminate/Foundation/Http/Kernel.php(134): Illuminate\\Foundation\\Http\\Kernel->sendRequestThroughRouter()
#32 /home/u980949395/domains/sector71.app/public_html/public/index.php(51): Illuminate\\Foundation\\Http\\Kernel->handle()
#33 {main}
"} 
[2026-05-07 20:13:46] live.ERROR: syntax error, unexpected token "public" {"exception":"[object] (ParseError(code: 0): syntax error, unexpected token \"public\" at /home/u980949395/domains/sector71.app/public_html/Modules/Hospital/Http/Controllers/HospitalBedController.php:22)
[stacktrace]
#0 /home/u980949395/domains/sector71.app/public_html/vendor/composer/ClassLoader.php(427): Composer\\Autoload\\{closure}()
#1 [internal function]: Composer\\Autoload\\ClassLoader->loadClass()
#2 /home/u980949395/domains/sector71.app/public_html/vendor/laravel/framework/src/Illuminate/Routing/Route.php(1091): is_a()
#3 /home/u980949395/domains/sector71.app/public_html/vendor/laravel/framework/src/Illuminate/Routing/Route.php(1030): Illuminate\\Routing\\Route->controllerMiddleware()
#4 /home/u980949395/domains/sector71.app/public_html/vendor/laravel/framework/src/Illuminate/Routing/Router.php(810): Illuminate\\Routing\\Route->gatherMiddleware()
#5 /home/u980949395/domains/sector71.app/public_html/vendor/laravel/framework/src/Illuminate/Routing/Router.php(792): Illuminate\\Routing\\Router->gatherRouteMiddleware()
#6 /home/u980949395/domains/sector71.app/public_html/vendor/laravel/framework/src/Illuminate/Routing/Router.php(776): Illuminate\\Routing\\Router->runRouteWithinStack()
#7 /home/u980949395/domains/sector71.app/public_html/vendor/laravel/framework/src/Illuminate/Routing/Router.php(740): Illuminate\\Routing\\Router->runRoute()
#8 /home/u980949395/domains/sector71.app/public_html/vendor/laravel/framework/src/Illuminate/Routing/Router.php(729): Illuminate\\Routing\\Router->dispatchToRoute()
#9 /home/u980949395/domains/sector71.app/public_html/vendor/laravel/framework/src/Illuminate/Foundation/Http/Kernel.php(190): Illuminate\\Routing\\Router->dispatch()
#10 /home/u980949395/domains/sector71.app/public_html/vendor/laravel/framework/src/Illuminate/Pipeline/Pipeline.php(141): Illuminate\\Foundation\\Http\\Kernel->Illuminate\\Foundation\\Http\\{closure}()
#11 /home/u980949395/domains/sector71.app/public_html/vendor/barryvdh/laravel-debugbar/src/Middleware/InjectDebugbar.php(59): Illuminate\\Pipeline\\Pipeline->Illuminate\\Pipeline\\{closure}()
#12 /home/u980949395/domains/sector71.app/public_html/vendor/laravel/framework/src/Illuminate/Pipeline/Pipeline.php(180): Barryvdh\\Debugbar\\Middleware\\InjectDebugbar->handle()
#13 /home/u980949395/domains/sector71.app/public_html/vendor/laravel/framework/src/Illuminate/Foundation/Http/Middleware/TransformsRequest.php(21): Illuminate\\Pipeline\\Pipeline->Illuminate\\Pipeline\\{closure}()
#14 /home/u980949395/domains/sector71.app/public_html/vendor/laravel/framework/src/Illuminate/Foundation/Http/Middleware/ConvertEmptyStringsToNull.php(31): Illuminate\\Foundation\\Http\\Middleware\\TransformsRequest->handle()
#15 /home/u980949395/domains/sector71.app/public_html/vendor/laravel/framework/src/Illuminate/Pipeline/Pipeline.php(180): Illuminate\\Foundation\\Http\\Middleware\\ConvertEmptyStringsToNull->handle()
#16 /home/u980949395/domains/sector71.app/public_html/vendor/laravel/framework/src/Illuminate/Foundation/Http/Middleware/TransformsRequest.php(21): Illuminate\\Pipeline\\Pipeline->Illuminate\\Pipeline\\{closure}()
#17 /home/u980949395/domains/sector71.app/public_html/vendor/laravel/framework/src/Illuminate/Foundation/Http/Middleware/TrimStrings.php(40): Illuminate\\Foundation\\Http\\Middleware\\TransformsRequest->handle()
#18 /home/u980949395/domains/sector71.app/public_html/vendor/laravel/framework/src/Illuminate/Pipeline/Pipeline.php(180): Illuminate\\Foundation\\Http\\Middleware\\TrimStrings->handle()
#19 /home/u980949395/domains/sector71.app/public_html/vendor/laravel/framework/src/Illuminate/Foundation/Http/Middleware/ValidatePostSize.php(27): Illuminate\\Pipeline\\Pipeline->Illuminate\\Pipeline\\{closure}()
#20 /home/u980949395/domains/sector71.app/public_html/vendor/laravel/framework/src/Illuminate/Pipeline/Pipeline.php(180): Illuminate\\Foundation\\Http\\Middleware\\ValidatePostSize->handle()
#21 /home/u980949395/domains/sector71.app/public_html/vendor/laravel/framework/src/Illuminate/Foundation/Http/Middleware/PreventRequestsDuringMaintenance.php(86): Illuminate\\Pipeline\\Pipeline->Illuminate\\Pipeline\\{closure}()
#22 /home/u980949395/domains/sector71.app/public_html/vendor/laravel/framework/src/Illuminate/Pipeline/Pipeline.php(180): Illuminate\\Foundation\\Http\\Middleware\\PreventRequestsDuringMaintenance->handle()
#23 /home/u980949395/domains/sector71.app/public_html/vendor/laravel/framework/src/Illuminate/Http/Middleware/HandleCors.php(49): Illuminate\\Pipeline\\Pipeline->Illuminate\\Pipeline\\{closure}()
#24 /home/u980949395/domains/sector71.app/public_html/vendor/laravel/framework/src/Illuminate/Pipeline/Pipeline.php(180): Illuminate\\Http\\Middleware\\HandleCors->handle()
#25 /home/u980949395/domains/sector71.app/public_html/app/Http/Middleware/SecurityHeaders.php(12): Illuminate\\Pipeline\\Pipeline->Illuminate\\Pipeline\\{closure}()
#26 /home/u980949395/domains/sector71.app/public_html/vendor/laravel/framework/src/Illuminate/Pipeline/Pipeline.php(180): App\\Http\\Middleware\\SecurityHeaders->handle()
#27 /home/u980949395/domains/sector71.app/public_html/vendor/laravel/framework/src/Illuminate/Http/Middleware/TrustProxies.php(39): Illuminate\\Pipeline\\Pipeline->Illuminate\\Pipeline\\{closure}()
#28 /home/u980949395/domains/sector71.app/public_html/vendor/laravel/framework/src/Illuminate/Pipeline/Pipeline.php(180): Illuminate\\Http\\Middleware\\TrustProxies->handle()
#29 /home/u980949395/domains/sector71.app/public_html/vendor/laravel/framework/src/Illuminate/Pipeline/Pipeline.php(116): Illuminate\\Pipeline\\Pipeline->Illuminate\\Pipeline\\{closure}()
#30 /home/u980949395/domains/sector71.app/public_html/vendor/laravel/framework/src/Illuminate/Foundation/Http/Kernel.php(165): Illuminate\\Pipeline\\Pipeline->then()
#31 /home/u980949395/domains/sector71.app/public_html/vendor/laravel/framework/src/Illuminate/Foundation/Http/Kernel.php(134): Illuminate\\Foundation\\Http\\Kernel->sendRequestThroughRouter()
#32 /home/u980949395/domains/sector71.app/public_html/public/index.php(51): Illuminate\\Foundation\\Http\\Kernel->handle()
#33 {main}
"} 
[2026-05-07 20:13:50] live.ERROR: syntax error, unexpected token "public" {"exception":"[object] (ParseError(code: 0): syntax error, unexpected token \"public\" at /home/u980949395/domains/sector71.app/public_html/Modules/Hospital/Http/Controllers/HospitalBedController.php:22)
[stacktrace]
#0 /home/u980949395/domains/sector71.app/public_html/vendor/composer/ClassLoader.php(427): Composer\\Autoload\\{closure}()
#1 [internal function]: Composer\\Autoload\\ClassLoader->loadClass()
#2 /home/u980949395/domains/sector71.app/public_html/vendor/laravel/framework/src/Illuminate/Routing/Route.php(1091): is_a()
#3 /home/u980949395/domains/sector71.app/public_html/vendor/laravel/framework/src/Illuminate/Routing/Route.php(1030): Illuminate\\Routing\\Route->controllerMiddleware()
#4 /home/u980949395/domains/sector71.app/public_html/vendor/laravel/framework/src/Illuminate/Routing/Router.php(810): Illuminate\\Routing\\Route->gatherMiddleware()
#5 /home/u980949395/domains/sector71.app/public_html/vendor/laravel/framework/src/Illuminate/Routing/Router.php(792): Illuminate\\Routing\\Router->gatherRouteMiddleware()
#6 /home/u980949395/domains/sector71.app/public_html/vendor/laravel/framework/src/Illuminate/Routing/Router.php(776): Illuminate\\Routing\\Router->runRouteWithinStack()
#7 /home/u980949395/domains/sector71.app/public_html/vendor/laravel/framework/src/Illuminate/Routing/Router.php(740): Illuminate\\Routing\\Router->runRoute()
#8 /home/u980949395/domains/sector71.app/public_html/vendor/laravel/framework/src/Illuminate/Routing/Router.php(729): Illuminate\\Routing\\Router->dispatchToRoute()
#9 /home/u980949395/domains/sector71.app/public_html/vendor/laravel/framework/src/Illuminate/Foundation/Http/Kernel.php(190): Illuminate\\Routing\\Router->dispatch()
#10 /home/u980949395/domains/sector71.app/public_html/vendor/laravel/framework/src/Illuminate/Pipeline/Pipeline.php(141): Illuminate\\Foundation\\Http\\Kernel->Illuminate\\Foundation\\Http\\{closure}()
#11 /home/u980949395/domains/sector71.app/public_html/vendor/barryvdh/laravel-debugbar/src/Middleware/InjectDebugbar.php(59): Illuminate\\Pipeline\\Pipeline->Illuminate\\Pipeline\\{closure}()
#12 /home/u980949395/domains/sector71.app/public_html/vendor/laravel/framework/src/Illuminate/Pipeline/Pipeline.php(180): Barryvdh\\Debugbar\\Middleware\\InjectDebugbar->handle()
#13 /home/u980949395/domains/sector71.app/public_html/vendor/laravel/framework/src/Illuminate/Foundation/Http/Middleware/TransformsRequest.php(21): Illuminate\\Pipeline\\Pipeline->Illuminate\\Pipeline\\{closure}()
#14 /home/u980949395/domains/sector71.app/public_html/vendor/laravel/framework/src/Illuminate/Foundation/Http/Middleware/ConvertEmptyStringsToNull.php(31): Illuminate\\Foundation\\Http\\Middleware\\TransformsRequest->handle()
#15 /home/u980949395/domains/sector71.app/public_html/vendor/laravel/framework/src/Illuminate/Pipeline/Pipeline.php(180): Illuminate\\Foundation\\Http\\Middleware\\ConvertEmptyStringsToNull->handle()
#16 /home/u980949395/domains/sector71.app/public_html/vendor/laravel/framework/src/Illuminate/Foundation/Http/Middleware/TransformsRequest.php(21): Illuminate\\Pipeline\\Pipeline->Illuminate\\Pipeline\\{closure}()
#17 /home/u980949395/domains/sector71.app/public_html/vendor/laravel/framework/src/Illuminate/Foundation/Http/Middleware/TrimStrings.php(40): Illuminate\\Foundation\\Http\\Middleware\\TransformsRequest->handle()
#18 /home/u980949395/domains/sector71.app/public_html/vendor/laravel/framework/src/Illuminate/Pipeline/Pipeline.php(180): Illuminate\\Foundation\\Http\\Middleware\\TrimStrings->handle()
#19 /home/u980949395/domains/sector71.app/public_html/vendor/laravel/framework/src/Illuminate/Foundation/Http/Middleware/ValidatePostSize.php(27): Illuminate\\Pipeline\\Pipeline->Illuminate\\Pipeline\\{closure}()
#20 /home/u980949395/domains/sector71.app/public_html/vendor/laravel/framework/src/Illuminate/Pipeline/Pipeline.php(180): Illuminate\\Foundation\\Http\\Middleware\\ValidatePostSize->handle()
#21 /home/u980949395/domains/sector71.app/public_html/vendor/laravel/framework/src/Illuminate/Foundation/Http/Middleware/PreventRequestsDuringMaintenance.php(86): Illuminate\\Pipeline\\Pipeline->Illuminate\\Pipeline\\{closure}()
#22 /home/u980949395/domains/sector71.app/public_html/vendor/laravel/framework/src/Illuminate/Pipeline/Pipeline.php(180): Illuminate\\Foundation\\Http\\Middleware\\PreventRequestsDuringMaintenance->handle()
#23 /home/u980949395/domains/sector71.app/public_html/vendor/laravel/framework/src/Illuminate/Http/Middleware/HandleCors.php(49): Illuminate\\Pipeline\\Pipeline->Illuminate\\Pipeline\\{closure}()
#24 /home/u980949395/domains/sector71.app/public_html/vendor/laravel/framework/src/Illuminate/Pipeline/Pipeline.php(180): Illuminate\\Http\\Middleware\\HandleCors->handle()
#25 /home/u980949395/domains/sector71.app/public_html/app/Http/Middleware/SecurityHeaders.php(12): Illuminate\\Pipeline\\Pipeline->Illuminate\\Pipeline\\{closure}()
#26 /home/u980949395/domains/sector71.app/public_html/vendor/laravel/framework/src/Illuminate/Pipeline/Pipeline.php(180): App\\Http\\Middleware\\SecurityHeaders->handle()
#27 /home/u980949395/domains/sector71.app/public_html/vendor/laravel/framework/src/Illuminate/Http/Middleware/TrustProxies.php(39): Illuminate\\Pipeline\\Pipeline->Illuminate\\Pipeline\\{closure}()
#28 /home/u980949395/domains/sector71.app/public_html/vendor/laravel/framework/src/Illuminate/Pipeline/Pipeline.php(180): Illuminate\\Http\\Middleware\\TrustProxies->handle()
#29 /home/u980949395/domains/sector71.app/public_html/vendor/laravel/framework/src/Illuminate/Pipeline/Pipeline.php(116): Illuminate\\Pipeline\\Pipeline->Illuminate\\Pipeline\\{closure}()
#30 /home/u980949395/domains/sector71.app/public_html/vendor/laravel/framework/src/Illuminate/Foundation/Http/Kernel.php(165): Illuminate\\Pipeline\\Pipeline->then()
#31 /home/u980949395/domains/sector71.app/public_html/vendor/laravel/framework/src/Illuminate/Foundation/Http/Kernel.php(134): Illuminate\\Foundation\\Http\\Kernel->sendRequestThroughRouter()
#32 /home/u980949395/domains/sector71.app/public_html/public/index.php(51): Illuminate\\Foundation\\Http\\Kernel->handle()
#33 {main}
"} 
[2026-05-07 20:14:20] live.ERROR: syntax error, unexpected token "public" {"exception":"[object] (ParseError(code: 0): syntax error, unexpected token \"public\" at /home/u980949395/domains/sector71.app/public_html/Modules/Hospital/Http/Controllers/HospitalBedController.php:22)
[stacktrace]
#0 /home/u980949395/domains/sector71.app/public_html/vendor/composer/ClassLoader.php(427): Composer\\Autoload\\{closure}()
#1 [internal function]: Composer\\Autoload\\ClassLoader->loadClass()
#2 /home/u980949395/domains/sector71.app/public_html/vendor/laravel/framework/src/Illuminate/Routing/Route.php(1091): is_a()
#3 /home/u980949395/domains/sector71.app/public_html/vendor/laravel/framework/src/Illuminate/Routing/Route.php(1030): Illuminate\\Routing\\Route->controllerMiddleware()
#4 /home/u980949395/domains/sector71.app/public_html/vendor/laravel/framework/src/Illuminate/Routing/Router.php(810): Illuminate\\Routing\\Route->gatherMiddleware()
#5 /home/u980949395/domains/sector71.app/public_html/vendor/laravel/framework/src/Illuminate/Routing/Router.php(792): Illuminate\\Routing\\Router->gatherRouteMiddleware()
#6 /home/u980949395/domains/sector71.app/public_html/vendor/laravel/framework/src/Illuminate/Routing/Router.php(776): Illuminate\\Routing\\Router->runRouteWithinStack()
#7 /home/u980949395/domains/sector71.app/public_html/vendor/laravel/framework/src/Illuminate/Routing/Router.php(740): Illuminate\\Routing\\Router->runRoute()
#8 /home/u980949395/domains/sector71.app/public_html/vendor/laravel/framework/src/Illuminate/Routing/Router.php(729): Illuminate\\Routing\\Router->dispatchToRoute()
#9 /home/u980949395/domains/sector71.app/public_html/vendor/laravel/framework/src/Illuminate/Foundation/Http/Kernel.php(190): Illuminate\\Routing\\Router->dispatch()
#10 /home/u980949395/domains/sector71.app/public_html/vendor/laravel/framework/src/Illuminate/Pipeline/Pipeline.php(141): Illuminate\\Foundation\\Http\\Kernel->Illuminate\\Foundation\\Http\\{closure}()
#11 /home/u980949395/domains/sector71.app/public_html/vendor/barryvdh/laravel-debugbar/src/Middleware/InjectDebugbar.php(59): Illuminate\\Pipeline\\Pipeline->Illuminate\\Pipeline\\{closure}()
#12 /home/u980949395/domains/sector71.app/public_html/vendor/laravel/framework/src/Illuminate/Pipeline/Pipeline.php(180): Barryvdh\\Debugbar\\Middleware\\InjectDebugbar->handle()
#13 /home/u980949395/domains/sector71.app/public_html/vendor/laravel/framework/src/Illuminate/Foundation/Http/Middleware/TransformsRequest.php(21): Illuminate\\Pipeline\\Pipeline->Illuminate\\Pipeline\\{closure}()
#14 /home/u980949395/domains/sector71.app/public_html/vendor/laravel/framework/src/Illuminate/Foundation/Http/Middleware/ConvertEmptyStringsToNull.php(31): Illuminate\\Foundation\\Http\\Middleware\\TransformsRequest->handle()
#15 /home/u980949395/domains/sector71.app/public_html/vendor/laravel/framework/src/Illuminate/Pipeline/Pipeline.php(180): Illuminate\\Foundation\\Http\\Middleware\\ConvertEmptyStringsToNull->handle()
#16 /home/u980949395/domains/sector71.app/public_html/vendor/laravel/framework/src/Illuminate/Foundation/Http/Middleware/TransformsRequest.php(21): Illuminate\\Pipeline\\Pipeline->Illuminate\\Pipeline\\{closure}()
#17 /home/u980949395/domains/sector71.app/public_html/vendor/laravel/framework/src/Illuminate/Foundation/Http/Middleware/TrimStrings.php(40): Illuminate\\Foundation\\Http\\Middleware\\TransformsRequest->handle()
#18 /home/u980949395/domains/sector71.app/public_html/vendor/laravel/framework/src/Illuminate/Pipeline/Pipeline.php(180): Illuminate\\Foundation\\Http\\Middleware\\TrimStrings->handle()
#19 /home/u980949395/domains/sector71.app/public_html/vendor/laravel/framework/src/Illuminate/Foundation/Http/Middleware/ValidatePostSize.php(27): Illuminate\\Pipeline\\Pipeline->Illuminate\\Pipeline\\{closure}()
#20 /home/u980949395/domains/sector71.app/public_html/vendor/laravel/framework/src/Illuminate/Pipeline/Pipeline.php(180): Illuminate\\Foundation\\Http\\Middleware\\ValidatePostSize->handle()
#21 /home/u980949395/domains/sector71.app/public_html/vendor/laravel/framework/src/Illuminate/Foundation/Http/Middleware/PreventRequestsDuringMaintenance.php(86): Illuminate\\Pipeline\\Pipeline->Illuminate\\Pipeline\\{closure}()
#22 /home/u980949395/domains/sector71.app/public_html/vendor/laravel/framework/src/Illuminate/Pipeline/Pipeline.php(180): Illuminate\\Foundation\\Http\\Middleware\\PreventRequestsDuringMaintenance->handle()
#23 /home/u980949395/domains/sector71.app/public_html/vendor/laravel/framework/src/Illuminate/Http/Middleware/HandleCors.php(49): Illuminate\\Pipeline\\Pipeline->Illuminate\\Pipeline\\{closure}()
#24 /home/u980949395/domains/sector71.app/public_html/vendor/laravel/framework/src/Illuminate/Pipeline/Pipeline.php(180): Illuminate\\Http\\Middleware\\HandleCors->handle()
#25 /home/u980949395/domains/sector71.app/public_html/app/Http/Middleware/SecurityHeaders.php(12): Illuminate\\Pipeline\\Pipeline->Illuminate\\Pipeline\\{closure}()
#26 /home/u980949395/domains/sector71.app/public_html/vendor/laravel/framework/src/Illuminate/Pipeline/Pipeline.php(180): App\\Http\\Middleware\\SecurityHeaders->handle()
#27 /home/u980949395/domains/sector71.app/public_html/vendor/laravel/framework/src/Illuminate/Http/Middleware/TrustProxies.php(39): Illuminate\\Pipeline\\Pipeline->Illuminate\\Pipeline\\{closure}()
#28 /home/u980949395/domains/sector71.app/public_html/vendor/laravel/framework/src/Illuminate/Pipeline/Pipeline.php(180): Illuminate\\Http\\Middleware\\TrustProxies->handle()
#29 /home/u980949395/domains/sector71.app/public_html/vendor/laravel/framework/src/Illuminate/Pipeline/Pipeline.php(116): Illuminate\\Pipeline\\Pipeline->Illuminate\\Pipeline\\{closure}()
#30 /home/u980949395/domains/sector71.app/public_html/vendor/laravel/framework/src/Illuminate/Foundation/Http/Kernel.php(165): Illuminate\\Pipeline\\Pipeline->then()
#31 /home/u980949395/domains/sector71.app/public_html/vendor/laravel/framework/src/Illuminate/Foundation/Http/Kernel.php(134): Illuminate\\Foundation\\Http\\Kernel->sendRequestThroughRouter()
#32 /home/u980949395/domains/sector71.app/public_html/public/index.php(51): Illuminate\\Foundation\\Http\\Kernel->handle()
#33 {main}
"} 
[2026-05-07 20:14:25] live.ERROR: syntax error, unexpected token "public" {"exception":"[object] (ParseError(code: 0): syntax error, unexpected token \"public\" at /home/u980949395/domains/sector71.app/public_html/Modules/Hospital/Http/Controllers/HospitalBedController.php:22)
[stacktrace]
#0 /home/u980949395/domains/sector71.app/public_html/vendor/composer/ClassLoader.php(427): Composer\\Autoload\\{closure}()
#1 [internal function]: Composer\\Autoload\\ClassLoader->loadClass()
#2 /home/u980949395/domains/sector71.app/public_html/vendor/laravel/framework/src/Illuminate/Routing/Route.php(1091): is_a()
#3 /home/u980949395/domains/sector71.app/public_html/vendor/laravel/framework/src/Illuminate/Routing/Route.php(1030): Illuminate\\Routing\\Route->controllerMiddleware()
#4 /home/u980949395/domains/sector71.app/public_html/vendor/laravel/framework/src/Illuminate/Routing/Router.php(810): Illuminate\\Routing\\Route->gatherMiddleware()
#5 /home/u980949395/domains/sector71.app/public_html/vendor/laravel/framework/src/Illuminate/Routing/Router.php(792): Illuminate\\Routing\\Router->gatherRouteMiddleware()
#6 /home/u980949395/domains/sector71.app/public_html/vendor/laravel/framework/src/Illuminate/Routing/Router.php(776): Illuminate\\Routing\\Router->runRouteWithinStack()
#7 /home/u980949395/domains/sector71.app/public_html/vendor/laravel/framework/src/Illuminate/Routing/Router.php(740): Illuminate\\Routing\\Router->runRoute()
#8 /home/u980949395/domains/sector71.app/public_html/vendor/laravel/framework/src/Illuminate/Routing/Router.php(729): Illuminate\\Routing\\Router->dispatchToRoute()
#9 /home/u980949395/domains/sector71.app/public_html/vendor/laravel/framework/src/Illuminate/Foundation/Http/Kernel.php(190): Illuminate\\Routing\\Router->dispatch()
#10 /home/u980949395/domains/sector71.app/public_html/vendor/laravel/framework/src/Illuminate/Pipeline/Pipeline.php(141): Illuminate\\Foundation\\Http\\Kernel->Illuminate\\Foundation\\Http\\{closure}()
#11 /home/u980949395/domains/sector71.app/public_html/vendor/barryvdh/laravel-debugbar/src/Middleware/InjectDebugbar.php(59): Illuminate\\Pipeline\\Pipeline->Illuminate\\Pipeline\\{closure}()
#12 /home/u980949395/domains/sector71.app/public_html/vendor/laravel/framework/src/Illuminate/Pipeline/Pipeline.php(180): Barryvdh\\Debugbar\\Middleware\\InjectDebugbar->handle()
#13 /home/u980949395/domains/sector71.app/public_html/vendor/laravel/framework/src/Illuminate/Foundation/Http/Middleware/TransformsRequest.php(21): Illuminate\\Pipeline\\Pipeline->Illuminate\\Pipeline\\{closure}()
#14 /home/u980949395/domains/sector71.app/public_html/vendor/laravel/framework/src/Illuminate/Foundation/Http/Middleware/ConvertEmptyStringsToNull.php(31): Illuminate\\Foundation\\Http\\Middleware\\TransformsRequest->handle()
#15 /home/u980949395/domains/sector71.app/public_html/vendor/laravel/framework/src/Illuminate/Pipeline/Pipeline.php(180): Illuminate\\Foundation\\Http\\Middleware\\ConvertEmptyStringsToNull->handle()
#16 /home/u980949395/domains/sector71.app/public_html/vendor/laravel/framework/src/Illuminate/Foundation/Http/Middleware/TransformsRequest.php(21): Illuminate\\Pipeline\\Pipeline->Illuminate\\Pipeline\\{closure}()
#17 /home/u980949395/domains/sector71.app/public_html/vendor/laravel/framework/src/Illuminate/Foundation/Http/Middleware/TrimStrings.php(40): Illuminate\\Foundation\\Http\\Middleware\\TransformsRequest->handle()
#18 /home/u980949395/domains/sector71.app/public_html/vendor/laravel/framework/src/Illuminate/Pipeline/Pipeline.php(180): Illuminate\\Foundation\\Http\\Middleware\\TrimStrings->handle()
#19 /home/u980949395/domains/sector71.app/public_html/vendor/laravel/framework/src/Illuminate/Foundation/Http/Middleware/ValidatePostSize.php(27): Illuminate\\Pipeline\\Pipeline->Illuminate\\Pipeline\\{closure}()
#20 /home/u980949395/domains/sector71.app/public_html/vendor/laravel/framework/src/Illuminate/Pipeline/Pipeline.php(180): Illuminate\\Foundation\\Http\\Middleware\\ValidatePostSize->handle()
#21 /home/u980949395/domains/sector71.app/public_html/vendor/laravel/framework/src/Illuminate/Foundation/Http/Middleware/PreventRequestsDuringMaintenance.php(86): Illuminate\\Pipeline\\Pipeline->Illuminate\\Pipeline\\{closure}()
#22 /home/u980949395/domains/sector71.app/public_html/vendor/laravel/framework/src/Illuminate/Pipeline/Pipeline.php(180): Illuminate\\Foundation\\Http\\Middleware\\PreventRequestsDuringMaintenance->handle()
#23 /home/u980949395/domains/sector71.app/public_html/vendor/laravel/framework/src/Illuminate/Http/Middleware/HandleCors.php(49): Illuminate\\Pipeline\\Pipeline->Illuminate\\Pipeline\\{closure}()
#24 /home/u980949395/domains/sector71.app/public_html/vendor/laravel/framework/src/Illuminate/Pipeline/Pipeline.php(180): Illuminate\\Http\\Middleware\\HandleCors->handle()
#25 /home/u980949395/domains/sector71.app/public_html/app/Http/Middleware/SecurityHeaders.php(12): Illuminate\\Pipeline\\Pipeline->Illuminate\\Pipeline\\{closure}()
#26 /home/u980949395/domains/sector71.app/public_html/vendor/laravel/framework/src/Illuminate/Pipeline/Pipeline.php(180): App\\Http\\Middleware\\SecurityHeaders->handle()
#27 /home/u980949395/domains/sector71.app/public_html/vendor/laravel/framework/src/Illuminate/Http/Middleware/TrustProxies.php(39): Illuminate\\Pipeline\\Pipeline->Illuminate\\Pipeline\\{closure}()
#28 /home/u980949395/domains/sector71.app/public_html/vendor/laravel/framework/src/Illuminate/Pipeline/Pipeline.php(180): Illuminate\\Http\\Middleware\\TrustProxies->handle()
#29 /home/u980949395/domains/sector71.app/public_html/vendor/laravel/framework/src/Illuminate/Pipeline/Pipeline.php(116): Illuminate\\Pipeline\\Pipeline->Illuminate\\Pipeline\\{closure}()
#30 /home/u980949395/domains/sector71.app/public_html/vendor/laravel/framework/src/Illuminate/Foundation/Http/Kernel.php(165): Illuminate\\Pipeline\\Pipeline->then()
#31 /home/u980949395/domains/sector71.app/public_html/vendor/laravel/framework/src/Illuminate/Foundation/Http/Kernel.php(134): Illuminate\\Foundation\\Http\\Kernel->sendRequestThroughRouter()
#32 /home/u980949395/domains/sector71.app/public_html/public/index.php(51): Illuminate\\Foundation\\Http\\Kernel->handle()
#33 {main}
"} 
[2026-05-07 20:14:30] live.ERROR: syntax error, unexpected token "public" {"exception":"[object] (ParseError(code: 0): syntax error, unexpected token \"public\" at /home/u980949395/domains/sector71.app/public_html/Modules/Hospital/Http/Controllers/HospitalBedController.php:22)
[stacktrace]
#0 /home/u980949395/domains/sector71.app/public_html/vendor/composer/ClassLoader.php(427): Composer\\Autoload\\{closure}()
#1 [internal function]: Composer\\Autoload\\ClassLoader->loadClass()
#2 /home/u980949395/domains/sector71.app/public_html/vendor/laravel/framework/src/Illuminate/Routing/Route.php(1091): is_a()
#3 /home/u980949395/domains/sector71.app/public_html/vendor/laravel/framework/src/Illuminate/Routing/Route.php(1030): Illuminate\\Routing\\Route->controllerMiddleware()
#4 /home/u980949395/domains/sector71.app/public_html/vendor/laravel/framework/src/Illuminate/Routing/Router.php(810): Illuminate\\Routing\\Route->gatherMiddleware()
#5 /home/u980949395/domains/sector71.app/public_html/vendor/laravel/framework/src/Illuminate/Routing/Router.php(792): Illuminate\\Routing\\Router->gatherRouteMiddleware()
#6 /home/u980949395/domains/sector71.app/public_html/vendor/laravel/framework/src/Illuminate/Routing/Router.php(776): Illuminate\\Routing\\Router->runRouteWithinStack()
#7 /home/u980949395/domains/sector71.app/public_html/vendor/laravel/framework/src/Illuminate/Routing/Router.php(740): Illuminate\\Routing\\Router->runRoute()
#8 /home/u980949395/domains/sector71.app/public_html/vendor/laravel/framework/src/Illuminate/Routing/Router.php(729): Illuminate\\Routing\\Router->dispatchToRoute()
#9 /home/u980949395/domains/sector71.app/public_html/vendor/laravel/framework/src/Illuminate/Foundation/Http/Kernel.php(190): Illuminate\\Routing\\Router->dispatch()
#10 /home/u980949395/domains/sector71.app/public_html/vendor/laravel/framework/src/Illuminate/Pipeline/Pipeline.php(141): Illuminate\\Foundation\\Http\\Kernel->Illuminate\\Foundation\\Http\\{closure}()
#11 /home/u980949395/domains/sector71.app/public_html/vendor/barryvdh/laravel-debugbar/src/Middleware/InjectDebugbar.php(59): Illuminate\\Pipeline\\Pipeline->Illuminate\\Pipeline\\{closure}()
#12 /home/u980949395/domains/sector71.app/public_html/vendor/laravel/framework/src/Illuminate/Pipeline/Pipeline.php(180): Barryvdh\\Debugbar\\Middleware\\InjectDebugbar->handle()
#13 /home/u980949395/domains/sector71.app/public_html/vendor/laravel/framework/src/Illuminate/Foundation/Http/Middleware/TransformsRequest.php(21): Illuminate\\Pipeline\\Pipeline->Illuminate\\Pipeline\\{closure}()
#14 /home/u980949395/domains/sector71.app/public_html/vendor/laravel/framework/src/Illuminate/Foundation/Http/Middleware/ConvertEmptyStringsToNull.php(31): Illuminate\\Foundation\\Http\\Middleware\\TransformsRequest->handle()
#15 /home/u980949395/domains/sector71.app/public_html/vendor/laravel/framework/src/Illuminate/Pipeline/Pipeline.php(180): Illuminate\\Foundation\\Http\\Middleware\\ConvertEmptyStringsToNull->handle()
#16 /home/u980949395/domains/sector71.app/public_html/vendor/laravel/framework/src/Illuminate/Foundation/Http/Middleware/TransformsRequest.php(21): Illuminate\\Pipeline\\Pipeline->Illuminate\\Pipeline\\{closure}()
#17 /home/u980949395/domains/sector71.app/public_html/vendor/laravel/framework/src/Illuminate/Foundation/Http/Middleware/TrimStrings.php(40): Illuminate\\Foundation\\Http\\Middleware\\TransformsRequest->handle()
#18 /home/u980949395/domains/sector71.app/public_html/vendor/laravel/framework/src/Illuminate/Pipeline/Pipeline.php(180): Illuminate\\Foundation\\Http\\Middleware\\TrimStrings->handle()
#19 /home/u980949395/domains/sector71.app/public_html/vendor/laravel/framework/src/Illuminate/Foundation/Http/Middleware/ValidatePostSize.php(27): Illuminate\\Pipeline\\Pipeline->Illuminate\\Pipeline\\{closure}()
#20 /home/u980949395/domains/sector71.app/public_html/vendor/laravel/framework/src/Illuminate/Pipeline/Pipeline.php(180): Illuminate\\Foundation\\Http\\Middleware\\ValidatePostSize->handle()
#21 /home/u980949395/domains/sector71.app/public_html/vendor/laravel/framework/src/Illuminate/Foundation/Http/Middleware/PreventRequestsDuringMaintenance.php(86): Illuminate\\Pipeline\\Pipeline->Illuminate\\Pipeline\\{closure}()
#22 /home/u980949395/domains/sector71.app/public_html/vendor/laravel/framework/src/Illuminate/Pipeline/Pipeline.php(180): Illuminate\\Foundation\\Http\\Middleware\\PreventRequestsDuringMaintenance->handle()
#23 /home/u980949395/domains/sector71.app/public_html/vendor/laravel/framework/src/Illuminate/Http/Middleware/HandleCors.php(49): Illuminate\\Pipeline\\Pipeline->Illuminate\\Pipeline\\{closure}()
#24 /home/u980949395/domains/sector71.app/public_html/vendor/laravel/framework/src/Illuminate/Pipeline/Pipeline.php(180): Illuminate\\Http\\Middleware\\HandleCors->handle()
#25 /home/u980949395/domains/sector71.app/public_html/app/Http/Middleware/SecurityHeaders.php(12): Illuminate\\Pipeline\\Pipeline->Illuminate\\Pipeline\\{closure}()
#26 /home/u980949395/domains/sector71.app/public_html/vendor/laravel/framework/src/Illuminate/Pipeline/Pipeline.php(180): App\\Http\\Middleware\\SecurityHeaders->handle()
#27 /home/u980949395/domains/sector71.app/public_html/vendor/laravel/framework/src/Illuminate/Http/Middleware/TrustProxies.php(39): Illuminate\\Pipeline\\Pipeline->Illuminate\\Pipeline\\{closure}()
#28 /home/u980949395/domains/sector71.app/public_html/vendor/laravel/framework/src/Illuminate/Pipeline/Pipeline.php(180): Illuminate\\Http\\Middleware\\TrustProxies->handle()
#29 /home/u980949395/domains/sector71.app/public_html/vendor/laravel/framework/src/Illuminate/Pipeline/Pipeline.php(116): Illuminate\\Pipeline\\Pipeline->Illuminate\\Pipeline\\{closure}()
#30 /home/u980949395/domains/sector71.app/public_html/vendor/laravel/framework/src/Illuminate/Foundation/Http/Kernel.php(165): Illuminate\\Pipeline\\Pipeline->then()
#31 /home/u980949395/domains/sector71.app/public_html/vendor/laravel/framework/src/Illuminate/Foundation/Http/Kernel.php(134): Illuminate\\Foundation\\Http\\Kernel->sendRequestThroughRouter()
#32 /home/u980949395/domains/sector71.app/public_html/public/index.php(51): Illuminate\\Foundation\\Http\\Kernel->handle()
#33 {main}
"} 
[2026-05-07 20:14:34] live.ERROR: syntax error, unexpected token "public" {"exception":"[object] (ParseError(code: 0): syntax error, unexpected token \"public\" at /home/u980949395/domains/sector71.app/public_html/Modules/Hospital/Http/Controllers/HospitalBedController.php:22)
[stacktrace]
#0 /home/u980949395/domains/sector71.app/public_html/vendor/composer/ClassLoader.php(427): Composer\\Autoload\\{closure}()
#1 [internal function]: Composer\\Autoload\\ClassLoader->loadClass()
#2 /home/u980949395/domains/sector71.app/public_html/vendor/laravel/framework/src/Illuminate/Routing/Route.php(1091): is_a()
#3 /home/u980949395/domains/sector71.app/public_html/vendor/laravel/framework/src/Illuminate/Routing/Route.php(1030): Illuminate\\Routing\\Route->controllerMiddleware()
#4 /home/u980949395/domains/sector71.app/public_html/vendor/laravel/framework/src/Illuminate/Routing/Router.php(810): Illuminate\\Routing\\Route->gatherMiddleware()
#5 /home/u980949395/domains/sector71.app/public_html/vendor/laravel/framework/src/Illuminate/Routing/Router.php(792): Illuminate\\Routing\\Router->gatherRouteMiddleware()
#6 /home/u980949395/domains/sector71.app/public_html/vendor/laravel/framework/src/Illuminate/Routing/Router.php(776): Illuminate\\Routing\\Router->runRouteWithinStack()
#7 /home/u980949395/domains/sector71.app/public_html/vendor/laravel/framework/src/Illuminate/Routing/Router.php(740): Illuminate\\Routing\\Router->runRoute()
#8 /home/u980949395/domains/sector71.app/public_html/vendor/laravel/framework/src/Illuminate/Routing/Router.php(729): Illuminate\\Routing\\Router->dispatchToRoute()
#9 /home/u980949395/domains/sector71.app/public_html/vendor/laravel/framework/src/Illuminate/Foundation/Http/Kernel.php(190): Illuminate\\Routing\\Router->dispatch()
#10 /home/u980949395/domains/sector71.app/public_html/vendor/laravel/framework/src/Illuminate/Pipeline/Pipeline.php(141): Illuminate\\Foundation\\Http\\Kernel->Illuminate\\Foundation\\Http\\{closure}()
#11 /home/u980949395/domains/sector71.app/public_html/vendor/barryvdh/laravel-debugbar/src/Middleware/InjectDebugbar.php(59): Illuminate\\Pipeline\\Pipeline->Illuminate\\Pipeline\\{closure}()
#12 /home/u980949395/domains/sector71.app/public_html/vendor/laravel/framework/src/Illuminate/Pipeline/Pipeline.php(180): Barryvdh\\Debugbar\\Middleware\\InjectDebugbar->handle()
#13 /home/u980949395/domains/sector71.app/public_html/vendor/laravel/framework/src/Illuminate/Foundation/Http/Middleware/TransformsRequest.php(21): Illuminate\\Pipeline\\Pipeline->Illuminate\\Pipeline\\{closure}()
#14 /home/u980949395/domains/sector71.app/public_html/vendor/laravel/framework/src/Illuminate/Foundation/Http/Middleware/ConvertEmptyStringsToNull.php(31): Illuminate\\Foundation\\Http\\Middleware\\TransformsRequest->handle()
#15 /home/u980949395/domains/sector71.app/public_html/vendor/laravel/framework/src/Illuminate/Pipeline/Pipeline.php(180): Illuminate\\Foundation\\Http\\Middleware\\ConvertEmptyStringsToNull->handle()
#16 /home/u980949395/domains/sector71.app/public_html/vendor/laravel/framework/src/Illuminate/Foundation/Http/Middleware/TransformsRequest.php(21): Illuminate\\Pipeline\\Pipeline->Illuminate\\Pipeline\\{closure}()
#17 /home/u980949395/domains/sector71.app/public_html/vendor/laravel/framework/src/Illuminate/Foundation/Http/Middleware/TrimStrings.php(40): Illuminate\\Foundation\\Http\\Middleware\\TransformsRequest->handle()
#18 /home/u980949395/domains/sector71.app/public_html/vendor/laravel/framework/src/Illuminate/Pipeline/Pipeline.php(180): Illuminate\\Foundation\\Http\\Middleware\\TrimStrings->handle()
#19 /home/u980949395/domains/sector71.app/public_html/vendor/laravel/framework/src/Illuminate/Foundation/Http/Middleware/ValidatePostSize.php(27): Illuminate\\Pipeline\\Pipeline->Illuminate\\Pipeline\\{closure}()
#20 /home/u980949395/domains/sector71.app/public_html/vendor/laravel/framework/src/Illuminate/Pipeline/Pipeline.php(180): Illuminate\\Foundation\\Http\\Middleware\\ValidatePostSize->handle()
#21 /home/u980949395/domains/sector71.app/public_html/vendor/laravel/framework/src/Illuminate/Foundation/Http/Middleware/PreventRequestsDuringMaintenance.php(86): Illuminate\\Pipeline\\Pipeline->Illuminate\\Pipeline\\{closure}()
#22 /home/u980949395/domains/sector71.app/public_html/vendor/laravel/framework/src/Illuminate/Pipeline/Pipeline.php(180): Illuminate\\Foundation\\Http\\Middleware\\PreventRequestsDuringMaintenance->handle()
#23 /home/u980949395/domains/sector71.app/public_html/vendor/laravel/framework/src/Illuminate/Http/Middleware/HandleCors.php(49): Illuminate\\Pipeline\\Pipeline->Illuminate\\Pipeline\\{closure}()
#24 /home/u980949395/domains/sector71.app/public_html/vendor/laravel/framework/src/Illuminate/Pipeline/Pipeline.php(180): Illuminate\\Http\\Middleware\\HandleCors->handle()
#25 /home/u980949395/domains/sector71.app/public_html/app/Http/Middleware/SecurityHeaders.php(12): Illuminate\\Pipeline\\Pipeline->Illuminate\\Pipeline\\{closure}()
#26 /home/u980949395/domains/sector71.app/public_html/vendor/laravel/framework/src/Illuminate/Pipeline/Pipeline.php(180): App\\Http\\Middleware\\SecurityHeaders->handle()
#27 /home/u980949395/domains/sector71.app/public_html/vendor/laravel/framework/src/Illuminate/Http/Middleware/TrustProxies.php(39): Illuminate\\Pipeline\\Pipeline->Illuminate\\Pipeline\\{closure}()
#28 /home/u980949395/domains/sector71.app/public_html/vendor/laravel/framework/src/Illuminate/Pipeline/Pipeline.php(180): Illuminate\\Http\\Middleware\\TrustProxies->handle()
#29 /home/u980949395/domains/sector71.app/public_html/vendor/laravel/framework/src/Illuminate/Pipeline/Pipeline.php(116): Illuminate\\Pipeline\\Pipeline->Illuminate\\Pipeline\\{closure}()
#30 /home/u980949395/domains/sector71.app/public_html/vendor/laravel/framework/src/Illuminate/Foundation/Http/Kernel.php(165): Illuminate\\Pipeline\\Pipeline->then()
#31 /home/u980949395/domains/sector71.app/public_html/vendor/laravel/framework/src/Illuminate/Foundation/Http/Kernel.php(134): Illuminate\\Foundation\\Http\\Kernel->sendRequestThroughRouter()
#32 /home/u980949395/domains/sector71.app/public_html/public/index.php(51): Illuminate\\Foundation\\Http\\Kernel->handle()
#33 {main}
"} 
[2026-05-07 20:14:40] live.ERROR: syntax error, unexpected token "public" {"exception":"[object] (ParseError(code: 0): syntax error, unexpected token \"public\" at /home/u980949395/domains/sector71.app/public_html/Modules/Hospital/Http/Controllers/HospitalBedController.php:22)
[stacktrace]
#0 /home/u980949395/domains/sector71.app/public_html/vendor/composer/ClassLoader.php(427): Composer\\Autoload\\{closure}()
#1 [internal function]: Composer\\Autoload\\ClassLoader->loadClass()
#2 /home/u980949395/domains/sector71.app/public_html/vendor/laravel/framework/src/Illuminate/Routing/Route.php(1091): is_a()
#3 /home/u980949395/domains/sector71.app/public_html/vendor/laravel/framework/src/Illuminate/Routing/Route.php(1030): Illuminate\\Routing\\Route->controllerMiddleware()
#4 /home/u980949395/domains/sector71.app/public_html/vendor/laravel/framework/src/Illuminate/Routing/Router.php(810): Illuminate\\Routing\\Route->gatherMiddleware()
#5 /home/u980949395/domains/sector71.app/public_html/vendor/laravel/framework/src/Illuminate/Routing/Router.php(792): Illuminate\\Routing\\Router->gatherRouteMiddleware()
#6 /home/u980949395/domains/sector71.app/public_html/vendor/laravel/framework/src/Illuminate/Routing/Router.php(776): Illuminate\\Routing\\Router->runRouteWithinStack()
#7 /home/u980949395/domains/sector71.app/public_html/vendor/laravel/framework/src/Illuminate/Routing/Router.php(740): Illuminate\\Routing\\Router->runRoute()
#8 /home/u980949395/domains/sector71.app/public_html/vendor/laravel/framework/src/Illuminate/Routing/Router.php(729): Illuminate\\Routing\\Router->dispatchToRoute()
#9 /home/u980949395/domains/sector71.app/public_html/vendor/laravel/framework/src/Illuminate/Foundation/Http/Kernel.php(190): Illuminate\\Routing\\Router->dispatch()
#10 /home/u980949395/domains/sector71.app/public_html/vendor/laravel/framework/src/Illuminate/Pipeline/Pipeline.php(141): Illuminate\\Foundation\\Http\\Kernel->Illuminate\\Foundation\\Http\\{closure}()
#11 /home/u980949395/domains/sector71.app/public_html/vendor/barryvdh/laravel-debugbar/src/Middleware/InjectDebugbar.php(59): Illuminate\\Pipeline\\Pipeline->Illuminate\\Pipeline\\{closure}()
#12 /home/u980949395/domains/sector71.app/public_html/vendor/laravel/framework/src/Illuminate/Pipeline/Pipeline.php(180): Barryvdh\\Debugbar\\Middleware\\InjectDebugbar->handle()
#13 /home/u980949395/domains/sector71.app/public_html/vendor/laravel/framework/src/Illuminate/Foundation/Http/Middleware/TransformsRequest.php(21): Illuminate\\Pipeline\\Pipeline->Illuminate\\Pipeline\\{closure}()
#14 /home/u980949395/domains/sector71.app/public_html/vendor/laravel/framework/src/Illuminate/Foundation/Http/Middleware/ConvertEmptyStringsToNull.php(31): Illuminate\\Foundation\\Http\\Middleware\\TransformsRequest->handle()
#15 /home/u980949395/domains/sector71.app/public_html/vendor/laravel/framework/src/Illuminate/Pipeline/Pipeline.php(180): Illuminate\\Foundation\\Http\\Middleware\\ConvertEmptyStringsToNull->handle()
#16 /home/u980949395/domains/sector71.app/public_html/vendor/laravel/framework/src/Illuminate/Foundation/Http/Middleware/TransformsRequest.php(21): Illuminate\\Pipeline\\Pipeline->Illuminate\\Pipeline\\{closure}()
#17 /home/u980949395/domains/sector71.app/public_html/vendor/laravel/framework/src/Illuminate/Foundation/Http/Middleware/TrimStrings.php(40): Illuminate\\Foundation\\Http\\Middleware\\TransformsRequest->handle()
#18 /home/u980949395/domains/sector71.app/public_html/vendor/laravel/framework/src/Illuminate/Pipeline/Pipeline.php(180): Illuminate\\Foundation\\Http\\Middleware\\TrimStrings->handle()
#19 /home/u980949395/domains/sector71.app/public_html/vendor/laravel/framework/src/Illuminate/Foundation/Http/Middleware/ValidatePostSize.php(27): Illuminate\\Pipeline\\Pipeline->Illuminate\\Pipeline\\{closure}()
#20 /home/u980949395/domains/sector71.app/public_html/vendor/laravel/framework/src/Illuminate/Pipeline/Pipeline.php(180): Illuminate\\Foundation\\Http\\Middleware\\ValidatePostSize->handle()
#21 /home/u980949395/domains/sector71.app/public_html/vendor/laravel/framework/src/Illuminate/Foundation/Http/Middleware/PreventRequestsDuringMaintenance.php(86): Illuminate\\Pipeline\\Pipeline->Illuminate\\Pipeline\\{closure}()
#22 /home/u980949395/domains/sector71.app/public_html/vendor/laravel/framework/src/Illuminate/Pipeline/Pipeline.php(180): Illuminate\\Foundation\\Http\\Middleware\\PreventRequestsDuringMaintenance->handle()
#23 /home/u980949395/domains/sector71.app/public_html/vendor/laravel/framework/src/Illuminate/Http/Middleware/HandleCors.php(49): Illuminate\\Pipeline\\Pipeline->Illuminate\\Pipeline\\{closure}()
#24 /home/u980949395/domains/sector71.app/public_html/vendor/laravel/framework/src/Illuminate/Pipeline/Pipeline.php(180): Illuminate\\Http\\Middleware\\HandleCors->handle()
#25 /home/u980949395/domains/sector71.app/public_html/app/Http/Middleware/SecurityHeaders.php(12): Illuminate\\Pipeline\\Pipeline->Illuminate\\Pipeline\\{closure}()
#26 /home/u980949395/domains/sector71.app/public_html/vendor/laravel/framework/src/Illuminate/Pipeline/Pipeline.php(180): App\\Http\\Middleware\\SecurityHeaders->handle()
#27 /home/u980949395/domains/sector71.app/public_html/vendor/laravel/framework/src/Illuminate/Http/Middleware/TrustProxies.php(39): Illuminate\\Pipeline\\Pipeline->Illuminate\\Pipeline\\{closure}()
#28 /home/u980949395/domains/sector71.app/public_html/vendor/laravel/framework/src/Illuminate/Pipeline/Pipeline.php(180): Illuminate\\Http\\Middleware\\TrustProxies->handle()
#29 /home/u980949395/domains/sector71.app/public_html/vendor/laravel/framework/src/Illuminate/Pipeline/Pipeline.php(116): Illuminate\\Pipeline\\Pipeline->Illuminate\\Pipeline\\{closure}()
#30 /home/u980949395/domains/sector71.app/public_html/vendor/laravel/framework/src/Illuminate/Foundation/Http/Kernel.php(165): Illuminate\\Pipeline\\Pipeline->then()
#31 /home/u980949395/domains/sector71.app/public_html/vendor/laravel/framework/src/Illuminate/Foundation/Http/Kernel.php(134): Illuminate\\Foundation\\Http\\Kernel->sendRequestThroughRouter()
#32 /home/u980949395/domains/sector71.app/public_html/public/index.php(51): Illuminate\\Foundation\\Http\\Kernel->handle()
#33 {main}
"} 
[2026-05-07 20:14:44] live.ERROR: syntax error, unexpected token "public" {"exception":"[object] (ParseError(code: 0): syntax error, unexpected token \"public\" at /home/u980949395/domains/sector71.app/public_html/Modules/Hospital/Http/Controllers/HospitalBedController.php:22)
[stacktrace]
#0 /home/u980949395/domains/sector71.app/public_html/vendor/composer/ClassLoader.php(427): Composer\\Autoload\\{closure}()
#1 [internal function]: Composer\\Autoload\\ClassLoader->loadClass()
#2 /home/u980949395/domains/sector71.app/public_html/vendor/laravel/framework/src/Illuminate/Routing/Route.php(1091): is_a()
#3 /home/u980949395/domains/sector71.app/public_html/vendor/laravel/framework/src/Illuminate/Routing/Route.php(1030): Illuminate\\Routing\\Route->controllerMiddleware()
#4 /home/u980949395/domains/sector71.app/public_html/vendor/laravel/framework/src/Illuminate/Routing/Router.php(810): Illuminate\\Routing\\Route->gatherMiddleware()
#5 /home/u980949395/domains/sector71.app/public_html/vendor/laravel/framework/src/Illuminate/Routing/Router.php(792): Illuminate\\Routing\\Router->gatherRouteMiddleware()
#6 /home/u980949395/domains/sector71.app/public_html/vendor/laravel/framework/src/Illuminate/Routing/Router.php(776): Illuminate\\Routing\\Router->runRouteWithinStack()
#7 /home/u980949395/domains/sector71.app/public_html/vendor/laravel/framework/src/Illuminate/Routing/Router.php(740): Illuminate\\Routing\\Router->runRoute()
#8 /home/u980949395/domains/sector71.app/public_html/vendor/laravel/framework/src/Illuminate/Routing/Router.php(729): Illuminate\\Routing\\Router->dispatchToRoute()
#9 /home/u980949395/domains/sector71.app/public_html/vendor/laravel/framework/src/Illuminate/Foundation/Http/Kernel.php(190): Illuminate\\Routing\\Router->dispatch()
#10 /home/u980949395/domains/sector71.app/public_html/vendor/laravel/framework/src/Illuminate/Pipeline/Pipeline.php(141): Illuminate\\Foundation\\Http\\Kernel->Illuminate\\Foundation\\Http\\{closure}()
#11 /home/u980949395/domains/sector71.app/public_html/vendor/barryvdh/laravel-debugbar/src/Middleware/InjectDebugbar.php(59): Illuminate\\Pipeline\\Pipeline->Illuminate\\Pipeline\\{closure}()
#12 /home/u980949395/domains/sector71.app/public_html/vendor/laravel/framework/src/Illuminate/Pipeline/Pipeline.php(180): Barryvdh\\Debugbar\\Middleware\\InjectDebugbar->handle()
#13 /home/u980949395/domains/sector71.app/public_html/vendor/laravel/framework/src/Illuminate/Foundation/Http/Middleware/TransformsRequest.php(21): Illuminate\\Pipeline\\Pipeline->Illuminate\\Pipeline\\{closure}()
#14 /home/u980949395/domains/sector71.app/public_html/vendor/laravel/framework/src/Illuminate/Foundation/Http/Middleware/ConvertEmptyStringsToNull.php(31): Illuminate\\Foundation\\Http\\Middleware\\TransformsRequest->handle()
#15 /home/u980949395/domains/sector71.app/public_html/vendor/laravel/framework/src/Illuminate/Pipeline/Pipeline.php(180): Illuminate\\Foundation\\Http\\Middleware\\ConvertEmptyStringsToNull->handle()
#16 /home/u980949395/domains/sector71.app/public_html/vendor/laravel/framework/src/Illuminate/Foundation/Http/Middleware/TransformsRequest.php(21): Illuminate\\Pipeline\\Pipeline->Illuminate\\Pipeline\\{closure}()
#17 /home/u980949395/domains/sector71.app/public_html/vendor/laravel/framework/src/Illuminate/Foundation/Http/Middleware/TrimStrings.php(40): Illuminate\\Foundation\\Http\\Middleware\\TransformsRequest->handle()
#18 /home/u980949395/domains/sector71.app/public_html/vendor/laravel/framework/src/Illuminate/Pipeline/Pipeline.php(180): Illuminate\\Foundation\\Http\\Middleware\\TrimStrings->handle()
#19 /home/u980949395/domains/sector71.app/public_html/vendor/laravel/framework/src/Illuminate/Foundation/Http/Middleware/ValidatePostSize.php(27): Illuminate\\Pipeline\\Pipeline->Illuminate\\Pipeline\\{closure}()
#20 /home/u980949395/domains/sector71.app/public_html/vendor/laravel/framework/src/Illuminate/Pipeline/Pipeline.php(180): Illuminate\\Foundation\\Http\\Middleware\\ValidatePostSize->handle()
#21 /home/u980949395/domains/sector71.app/public_html/vendor/laravel/framework/src/Illuminate/Foundation/Http/Middleware/PreventRequestsDuringMaintenance.php(86): Illuminate\\Pipeline\\Pipeline->Illuminate\\Pipeline\\{closure}()
#22 /home/u980949395/domains/sector71.app/public_html/vendor/laravel/framework/src/Illuminate/Pipeline/Pipeline.php(180): Illuminate\\Foundation\\Http\\Middleware\\PreventRequestsDuringMaintenance->handle()
#23 /home/u980949395/domains/sector71.app/public_html/vendor/laravel/framework/src/Illuminate/Http/Middleware/HandleCors.php(49): Illuminate\\Pipeline\\Pipeline->Illuminate\\Pipeline\\{closure}()
#24 /home/u980949395/domains/sector71.app/public_html/vendor/laravel/framework/src/Illuminate/Pipeline/Pipeline.php(180): Illuminate\\Http\\Middleware\\HandleCors->handle()
#25 /home/u980949395/domains/sector71.app/public_html/app/Http/Middleware/SecurityHeaders.php(12): Illuminate\\Pipeline\\Pipeline->Illuminate\\Pipeline\\{closure}()
#26 /home/u980949395/domains/sector71.app/public_html/vendor/laravel/framework/src/Illuminate/Pipeline/Pipeline.php(180): App\\Http\\Middleware\\SecurityHeaders->handle()
#27 /home/u980949395/domains/sector71.app/public_html/vendor/laravel/framework/src/Illuminate/Http/Middleware/TrustProxies.php(39): Illuminate\\Pipeline\\Pipeline->Illuminate\\Pipeline\\{closure}()
#28 /home/u980949395/domains/sector71.app/public_html/vendor/laravel/framework/src/Illuminate/Pipeline/Pipeline.php(180): Illuminate\\Http\\Middleware\\TrustProxies->handle()
#29 /home/u980949395/domains/sector71.app/public_html/vendor/laravel/framework/src/Illuminate/Pipeline/Pipeline.php(116): Illuminate\\Pipeline\\Pipeline->Illuminate\\Pipeline\\{closure}()
#30 /home/u980949395/domains/sector71.app/public_html/vendor/laravel/framework/src/Illuminate/Foundation/Http/Kernel.php(165): Illuminate\\Pipeline\\Pipeline->then()
#31 /home/u980949395/domains/sector71.app/public_html/vendor/laravel/framework/src/Illuminate/Foundation/Http/Kernel.php(134): Illuminate\\Foundation\\Http\\Kernel->sendRequestThroughRouter()
#32 /home/u980949395/domains/sector71.app/public_html/public/index.php(51): Illuminate\\Foundation\\Http\\Kernel->handle()
#33 {main}
"} 
[2026-05-07 20:14:46] live.ERROR: syntax error, unexpected token "public" {"exception":"[object] (ParseError(code: 0): syntax error, unexpected token \"public\" at /home/u980949395/domains/sector71.app/public_html/Modules/Hospital/Http/Controllers/HospitalBedController.php:22)
[stacktrace]
#0 /home/u980949395/domains/sector71.app/public_html/vendor/composer/ClassLoader.php(427): Composer\\Autoload\\{closure}()
#1 [internal function]: Composer\\Autoload\\ClassLoader->loadClass()
#2 /home/u980949395/domains/sector71.app/public_html/vendor/laravel/framework/src/Illuminate/Routing/Route.php(1091): is_a()
#3 /home/u980949395/domains/sector71.app/public_html/vendor/laravel/framework/src/Illuminate/Routing/Route.php(1030): Illuminate\\Routing\\Route->controllerMiddleware()
#4 /home/u980949395/domains/sector71.app/public_html/vendor/laravel/framework/src/Illuminate/Routing/Router.php(810): Illuminate\\Routing\\Route->gatherMiddleware()
#5 /home/u980949395/domains/sector71.app/public_html/vendor/laravel/framework/src/Illuminate/Routing/Router.php(792): Illuminate\\Routing\\Router->gatherRouteMiddleware()
#6 /home/u980949395/domains/sector71.app/public_html/vendor/laravel/framework/src/Illuminate/Routing/Router.php(776): Illuminate\\Routing\\Router->runRouteWithinStack()
#7 /home/u980949395/domains/sector71.app/public_html/vendor/laravel/framework/src/Illuminate/Routing/Router.php(740): Illuminate\\Routing\\Router->runRoute()
#8 /home/u980949395/domains/sector71.app/public_html/vendor/laravel/framework/src/Illuminate/Routing/Router.php(729): Illuminate\\Routing\\Router->dispatchToRoute()
#9 /home/u980949395/domains/sector71.app/public_html/vendor/laravel/framework/src/Illuminate/Foundation/Http/Kernel.php(190): Illuminate\\Routing\\Router->dispatch()
#10 /home/u980949395/domains/sector71.app/public_html/vendor/laravel/framework/src/Illuminate/Pipeline/Pipeline.php(141): Illuminate\\Foundation\\Http\\Kernel->Illuminate\\Foundation\\Http\\{closure}()
#11 /home/u980949395/domains/sector71.app/public_html/vendor/barryvdh/laravel-debugbar/src/Middleware/InjectDebugbar.php(59): Illuminate\\Pipeline\\Pipeline->Illuminate\\Pipeline\\{closure}()
#12 /home/u980949395/domains/sector71.app/public_html/vendor/laravel/framework/src/Illuminate/Pipeline/Pipeline.php(180): Barryvdh\\Debugbar\\Middleware\\InjectDebugbar->handle()
#13 /home/u980949395/domains/sector71.app/public_html/vendor/laravel/framework/src/Illuminate/Foundation/Http/Middleware/TransformsRequest.php(21): Illuminate\\Pipeline\\Pipeline->Illuminate\\Pipeline\\{closure}()
#14 /home/u980949395/domains/sector71.app/public_html/vendor/laravel/framework/src/Illuminate/Foundation/Http/Middleware/ConvertEmptyStringsToNull.php(31): Illuminate\\Foundation\\Http\\Middleware\\TransformsRequest->handle()
#15 /home/u980949395/domains/sector71.app/public_html/vendor/laravel/framework/src/Illuminate/Pipeline/Pipeline.php(180): Illuminate\\Foundation\\Http\\Middleware\\ConvertEmptyStringsToNull->handle()
#16 /home/u980949395/domains/sector71.app/public_html/vendor/laravel/framework/src/Illuminate/Foundation/Http/Middleware/TransformsRequest.php(21): Illuminate\\Pipeline\\Pipeline->Illuminate\\Pipeline\\{closure}()
#17 /home/u980949395/domains/sector71.app/public_html/vendor/laravel/framework/src/Illuminate/Foundation/Http/Middleware/TrimStrings.php(40): Illuminate\\Foundation\\Http\\Middleware\\TransformsRequest->handle()
#18 /home/u980949395/domains/sector71.app/public_html/vendor/laravel/framework/src/Illuminate/Pipeline/Pipeline.php(180): Illuminate\\Foundation\\Http\\Middleware\\TrimStrings->handle()
#19 /home/u980949395/domains/sector71.app/public_html/vendor/laravel/framework/src/Illuminate/Foundation/Http/Middleware/ValidatePostSize.php(27): Illuminate\\Pipeline\\Pipeline->Illuminate\\Pipeline\\{closure}()
#20 /home/u980949395/domains/sector71.app/public_html/vendor/laravel/framework/src/Illuminate/Pipeline/Pipeline.php(180): Illuminate\\Foundation\\Http\\Middleware\\ValidatePostSize->handle()
#21 /home/u980949395/domains/sector71.app/public_html/vendor/laravel/framework/src/Illuminate/Foundation/Http/Middleware/PreventRequestsDuringMaintenance.php(86): Illuminate\\Pipeline\\Pipeline->Illuminate\\Pipeline\\{closure}()
#22 /home/u980949395/domains/sector71.app/public_html/vendor/laravel/framework/src/Illuminate/Pipeline/Pipeline.php(180): Illuminate\\Foundation\\Http\\Middleware\\PreventRequestsDuringMaintenance->handle()
#23 /home/u980949395/domains/sector71.app/public_html/vendor/laravel/framework/src/Illuminate/Http/Middleware/HandleCors.php(49): Illuminate\\Pipeline\\Pipeline->Illuminate\\Pipeline\\{closure}()
#24 /home/u980949395/domains/sector71.app/public_html/vendor/laravel/framework/src/Illuminate/Pipeline/Pipeline.php(180): Illuminate\\Http\\Middleware\\HandleCors->handle()
#25 /home/u980949395/domains/sector71.app/public_html/app/Http/Middleware/SecurityHeaders.php(12): Illuminate\\Pipeline\\Pipeline->Illuminate\\Pipeline\\{closure}()
#26 /home/u980949395/domains/sector71.app/public_html/vendor/laravel/framework/src/Illuminate/Pipeline/Pipeline.php(180): App\\Http\\Middleware\\SecurityHeaders->handle()
#27 /home/u980949395/domains/sector71.app/public_html/vendor/laravel/framework/src/Illuminate/Http/Middleware/TrustProxies.php(39): Illuminate\\Pipeline\\Pipeline->Illuminate\\Pipeline\\{closure}()
#28 /home/u980949395/domains/sector71.app/public_html/vendor/laravel/framework/src/Illuminate/Pipeline/Pipeline.php(180): Illuminate\\Http\\Middleware\\TrustProxies->handle()
#29 /home/u980949395/domains/sector71.app/public_html/vendor/laravel/framework/src/Illuminate/Pipeline/Pipeline.php(116): Illuminate\\Pipeline\\Pipeline->Illuminate\\Pipeline\\{closure}()
#30 /home/u980949395/domains/sector71.app/public_html/vendor/laravel/framework/src/Illuminate/Foundation/Http/Kernel.php(165): Illuminate\\Pipeline\\Pipeline->then()
#31 /home/u980949395/domains/sector71.app/public_html/vendor/laravel/framework/src/Illuminate/Foundation/Http/Kernel.php(134): Illuminate\\Foundation\\Http\\Kernel->sendRequestThroughRouter()
#32 /home/u980949395/domains/sector71.app/public_html/public/index.php(51): Illuminate\\Foundation\\Http\\Kernel->handle()
#33 {main}
"} 
[2026-05-07 20:14:51] live.ERROR: syntax error, unexpected token "public" {"exception":"[object] (ParseError(code: 0): syntax error, unexpected token \"public\" at /home/u980949395/domains/sector71.app/public_html/Modules/Hospital/Http/Controllers/HospitalBedController.php:22)
[stacktrace]
#0 /home/u980949395/domains/sector71.app/public_html/vendor/composer/ClassLoader.php(427): Composer\\Autoload\\{closure}()
#1 [internal function]: Composer\\Autoload\\ClassLoader->loadClass()
#2 /home/u980949395/domains/sector71.app/public_html/vendor/laravel/framework/src/Illuminate/Routing/Route.php(1091): is_a()
#3 /home/u980949395/domains/sector71.app/public_html/vendor/laravel/framework/src/Illuminate/Routing/Route.php(1030): Illuminate\\Routing\\Route->controllerMiddleware()
#4 /home/u980949395/domains/sector71.app/public_html/vendor/laravel/framework/src/Illuminate/Routing/Router.php(810): Illuminate\\Routing\\Route->gatherMiddleware()
#5 /home/u980949395/domains/sector71.app/public_html/vendor/laravel/framework/src/Illuminate/Routing/Router.php(792): Illuminate\\Routing\\Router->gatherRouteMiddleware()
#6 /home/u980949395/domains/sector71.app/public_html/vendor/laravel/framework/src/Illuminate/Routing/Router.php(776): Illuminate\\Routing\\Router->runRouteWithinStack()
#7 /home/u980949395/domains/sector71.app/public_html/vendor/laravel/framework/src/Illuminate/Routing/Router.php(740): Illuminate\\Routing\\Router->runRoute()
#8 /home/u980949395/domains/sector71.app/public_html/vendor/laravel/framework/src/Illuminate/Routing/Router.php(729): Illuminate\\Routing\\Router->dispatchToRoute()
#9 /home/u980949395/domains/sector71.app/public_html/vendor/laravel/framework/src/Illuminate/Foundation/Http/Kernel.php(190): Illuminate\\Routing\\Router->dispatch()
#10 /home/u980949395/domains/sector71.app/public_html/vendor/laravel/framework/src/Illuminate/Pipeline/Pipeline.php(141): Illuminate\\Foundation\\Http\\Kernel->Illuminate\\Foundation\\Http\\{closure}()
#11 /home/u980949395/domains/sector71.app/public_html/vendor/barryvdh/laravel-debugbar/src/Middleware/InjectDebugbar.php(59): Illuminate\\Pipeline\\Pipeline->Illuminate\\Pipeline\\{closure}()
#12 /home/u980949395/domains/sector71.app/public_html/vendor/laravel/framework/src/Illuminate/Pipeline/Pipeline.php(180): Barryvdh\\Debugbar\\Middleware\\InjectDebugbar->handle()
#13 /home/u980949395/domains/sector71.app/public_html/vendor/laravel/framework/src/Illuminate/Foundation/Http/Middleware/TransformsRequest.php(21): Illuminate\\Pipeline\\Pipeline->Illuminate\\Pipeline\\{closure}()
#14 /home/u980949395/domains/sector71.app/public_html/vendor/laravel/framework/src/Illuminate/Foundation/Http/Middleware/ConvertEmptyStringsToNull.php(31): Illuminate\\Foundation\\Http\\Middleware\\TransformsRequest->handle()
#15 /home/u980949395/domains/sector71.app/public_html/vendor/laravel/framework/src/Illuminate/Pipeline/Pipeline.php(180): Illuminate\\Foundation\\Http\\Middleware\\ConvertEmptyStringsToNull->handle()
#16 /home/u980949395/domains/sector71.app/public_html/vendor/laravel/framework/src/Illuminate/Foundation/Http/Middleware/TransformsRequest.php(21): Illuminate\\Pipeline\\Pipeline->Illuminate\\Pipeline\\{closure}()
#17 /home/u980949395/domains/sector71.app/public_html/vendor/laravel/framework/src/Illuminate/Foundation/Http/Middleware/TrimStrings.php(40): Illuminate\\Foundation\\Http\\Middleware\\TransformsRequest->handle()
#18 /home/u980949395/domains/sector71.app/public_html/vendor/laravel/framework/src/Illuminate/Pipeline/Pipeline.php(180): Illuminate\\Foundation\\Http\\Middleware\\TrimStrings->handle()
#19 /home/u980949395/domains/sector71.app/public_html/vendor/laravel/framework/src/Illuminate/Foundation/Http/Middleware/ValidatePostSize.php(27): Illuminate\\Pipeline\\Pipeline->Illuminate\\Pipeline\\{closure}()
#20 /home/u980949395/domains/sector71.app/public_html/vendor/laravel/framework/src/Illuminate/Pipeline/Pipeline.php(180): Illuminate\\Foundation\\Http\\Middleware\\ValidatePostSize->handle()
#21 /home/u980949395/domains/sector71.app/public_html/vendor/laravel/framework/src/Illuminate/Foundation/Http/Middleware/PreventRequestsDuringMaintenance.php(86): Illuminate\\Pipeline\\Pipeline->Illuminate\\Pipeline\\{closure}()
#22 /home/u980949395/domains/sector71.app/public_html/vendor/laravel/framework/src/Illuminate/Pipeline/Pipeline.php(180): Illuminate\\Foundation\\Http\\Middleware\\PreventRequestsDuringMaintenance->handle()
#23 /home/u980949395/domains/sector71.app/public_html/vendor/laravel/framework/src/Illuminate/Http/Middleware/HandleCors.php(49): Illuminate\\Pipeline\\Pipeline->Illuminate\\Pipeline\\{closure}()
#24 /home/u980949395/domains/sector71.app/public_html/vendor/laravel/framework/src/Illuminate/Pipeline/Pipeline.php(180): Illuminate\\Http\\Middleware\\HandleCors->handle()
#25 /home/u980949395/domains/sector71.app/public_html/app/Http/Middleware/SecurityHeaders.php(12): Illuminate\\Pipeline\\Pipeline->Illuminate\\Pipeline\\{closure}()
#26 /home/u980949395/domains/sector71.app/public_html/vendor/laravel/framework/src/Illuminate/Pipeline/Pipeline.php(180): App\\Http\\Middleware\\SecurityHeaders->handle()
#27 /home/u980949395/domains/sector71.app/public_html/vendor/laravel/framework/src/Illuminate/Http/Middleware/TrustProxies.php(39): Illuminate\\Pipeline\\Pipeline->Illuminate\\Pipeline\\{closure}()
#28 /home/u980949395/domains/sector71.app/public_html/vendor/laravel/framework/src/Illuminate/Pipeline/Pipeline.php(180): Illuminate\\Http\\Middleware\\TrustProxies->handle()
#29 /home/u980949395/domains/sector71.app/public_html/vendor/laravel/framework/src/Illuminate/Pipeline/Pipeline.php(116): Illuminate\\Pipeline\\Pipeline->Illuminate\\Pipeline\\{closure}()
#30 /home/u980949395/domains/sector71.app/public_html/vendor/laravel/framework/src/Illuminate/Foundation/Http/Kernel.php(165): Illuminate\\Pipeline\\Pipeline->then()
#31 /home/u980949395/domains/sector71.app/public_html/vendor/laravel/framework/src/Illuminate/Foundation/Http/Kernel.php(134): Illuminate\\Foundation\\Http\\Kernel->sendRequestThroughRouter()
#32 /home/u980949395/domains/sector71.app/public_html/public/index.php(51): Illuminate\\Foundation\\Http\\Kernel->handle()
#33 {main}
"} 
[2026-05-07 20:14:58] live.ERROR: syntax error, unexpected token "public" {"exception":"[object] (ParseError(code: 0): syntax error, unexpected token \"public\" at /home/u980949395/domains/sector71.app/public_html/Modules/Hospital/Http/Controllers/HospitalBedController.php:22)
[stacktrace]
#0 /home/u980949395/domains/sector71.app/public_html/vendor/composer/ClassLoader.php(427): Composer\\Autoload\\{closure}()
#1 [internal function]: Composer\\Autoload\\ClassLoader->loadClass()
#2 /home/u980949395/domains/sector71.app/public_html/vendor/laravel/framework/src/Illuminate/Routing/Route.php(1091): is_a()
#3 /home/u980949395/domains/sector71.app/public_html/vendor/laravel/framework/src/Illuminate/Routing/Route.php(1030): Illuminate\\Routing\\Route->controllerMiddleware()
#4 /home/u980949395/domains/sector71.app/public_html/vendor/laravel/framework/src/Illuminate/Routing/Router.php(810): Illuminate\\Routing\\Route->gatherMiddleware()
#5 /home/u980949395/domains/sector71.app/public_html/vendor/laravel/framework/src/Illuminate/Routing/Router.php(792): Illuminate\\Routing\\Router->gatherRouteMiddleware()
#6 /home/u980949395/domains/sector71.app/public_html/vendor/laravel/framework/src/Illuminate/Routing/Router.php(776): Illuminate\\Routing\\Router->runRouteWithinStack()
#7 /home/u980949395/domains/sector71.app/public_html/vendor/laravel/framework/src/Illuminate/Routing/Router.php(740): Illuminate\\Routing\\Router->runRoute()
#8 /home/u980949395/domains/sector71.app/public_html/vendor/laravel/framework/src/Illuminate/Routing/Router.php(729): Illuminate\\Routing\\Router->dispatchToRoute()
#9 /home/u980949395/domains/sector71.app/public_html/vendor/laravel/framework/src/Illuminate/Foundation/Http/Kernel.php(190): Illuminate\\Routing\\Router->dispatch()
#10 /home/u980949395/domains/sector71.app/public_html/vendor/laravel/framework/src/Illuminate/Pipeline/Pipeline.php(141): Illuminate\\Foundation\\Http\\Kernel->Illuminate\\Foundation\\Http\\{closure}()
#11 /home/u980949395/domains/sector71.app/public_html/vendor/barryvdh/laravel-debugbar/src/Middleware/InjectDebugbar.php(59): Illuminate\\Pipeline\\Pipeline->Illuminate\\Pipeline\\{closure}()
#12 /home/u980949395/domains/sector71.app/public_html/vendor/laravel/framework/src/Illuminate/Pipeline/Pipeline.php(180): Barryvdh\\Debugbar\\Middleware\\InjectDebugbar->handle()
#13 /home/u980949395/domains/sector71.app/public_html/vendor/laravel/framework/src/Illuminate/Foundation/Http/Middleware/TransformsRequest.php(21): Illuminate\\Pipeline\\Pipeline->Illuminate\\Pipeline\\{closure}()
#14 /home/u980949395/domains/sector71.app/public_html/vendor/laravel/framework/src/Illuminate/Foundation/Http/Middleware/ConvertEmptyStringsToNull.php(31): Illuminate\\Foundation\\Http\\Middleware\\TransformsRequest->handle()
#15 /home/u980949395/domains/sector71.app/public_html/vendor/laravel/framework/src/Illuminate/Pipeline/Pipeline.php(180): Illuminate\\Foundation\\Http\\Middleware\\ConvertEmptyStringsToNull->handle()
#16 /home/u980949395/domains/sector71.app/public_html/vendor/laravel/framework/src/Illuminate/Foundation/Http/Middleware/TransformsRequest.php(21): Illuminate\\Pipeline\\Pipeline->Illuminate\\Pipeline\\{closure}()
#17 /home/u980949395/domains/sector71.app/public_html/vendor/laravel/framework/src/Illuminate/Foundation/Http/Middleware/TrimStrings.php(40): Illuminate\\Foundation\\Http\\Middleware\\TransformsRequest->handle()
#18 /home/u980949395/domains/sector71.app/public_html/vendor/laravel/framework/src/Illuminate/Pipeline/Pipeline.php(180): Illuminate\\Foundation\\Http\\Middleware\\TrimStrings->handle()
#19 /home/u980949395/domains/sector71.app/public_html/vendor/laravel/framework/src/Illuminate/Foundation/Http/Middleware/ValidatePostSize.php(27): Illuminate\\Pipeline\\Pipeline->Illuminate\\Pipeline\\{closure}()
#20 /home/u980949395/domains/sector71.app/public_html/vendor/laravel/framework/src/Illuminate/Pipeline/Pipeline.php(180): Illuminate\\Foundation\\Http\\Middleware\\ValidatePostSize->handle()
#21 /home/u980949395/domains/sector71.app/public_html/vendor/laravel/framework/src/Illuminate/Foundation/Http/Middleware/PreventRequestsDuringMaintenance.php(86): Illuminate\\Pipeline\\Pipeline->Illuminate\\Pipeline\\{closure}()
#22 /home/u980949395/domains/sector71.app/public_html/vendor/laravel/framework/src/Illuminate/Pipeline/Pipeline.php(180): Illuminate\\Foundation\\Http\\Middleware\\PreventRequestsDuringMaintenance->handle()
#23 /home/u980949395/domains/sector71.app/public_html/vendor/laravel/framework/src/Illuminate/Http/Middleware/HandleCors.php(49): Illuminate\\Pipeline\\Pipeline->Illuminate\\Pipeline\\{closure}()
#24 /home/u980949395/domains/sector71.app/public_html/vendor/laravel/framework/src/Illuminate/Pipeline/Pipeline.php(180): Illuminate\\Http\\Middleware\\HandleCors->handle()
#25 /home/u980949395/domains/sector71.app/public_html/app/Http/Middleware/SecurityHeaders.php(12): Illuminate\\Pipeline\\Pipeline->Illuminate\\Pipeline\\{closure}()
#26 /home/u980949395/domains/sector71.app/public_html/vendor/laravel/framework/src/Illuminate/Pipeline/Pipeline.php(180): App\\Http\\Middleware\\SecurityHeaders->handle()
#27 /home/u980949395/domains/sector71.app/public_html/vendor/laravel/framework/src/Illuminate/Http/Middleware/TrustProxies.php(39): Illuminate\\Pipeline\\Pipeline->Illuminate\\Pipeline\\{closure}()
#28 /home/u980949395/domains/sector71.app/public_html/vendor/laravel/framework/src/Illuminate/Pipeline/Pipeline.php(180): Illuminate\\Http\\Middleware\\TrustProxies->handle()
#29 /home/u980949395/domains/sector71.app/public_html/vendor/laravel/framework/src/Illuminate/Pipeline/Pipeline.php(116): Illuminate\\Pipeline\\Pipeline->Illuminate\\Pipeline\\{closure}()
#30 /home/u980949395/domains/sector71.app/public_html/vendor/laravel/framework/src/Illuminate/Foundation/Http/Kernel.php(165): Illuminate\\Pipeline\\Pipeline->then()
#31 /home/u980949395/domains/sector71.app/public_html/vendor/laravel/framework/src/Illuminate/Foundation/Http/Kernel.php(134): Illuminate\\Foundation\\Http\\Kernel->sendRequestThroughRouter()
#32 /home/u980949395/domains/sector71.app/public_html/public/index.php(51): Illuminate\\Foundation\\Http\\Kernel->handle()
#33 {main}
"} 
[2026-05-07 20:15:50] live.ERROR: syntax error, unexpected token "public" {"exception":"[object] (ParseError(code: 0): syntax error, unexpected token \"public\" at /home/u980949395/domains/sector71.app/public_html/Modules/Hospital/Http/Controllers/HospitalBedController.php:22)
[stacktrace]
#0 /home/u980949395/domains/sector71.app/public_html/vendor/composer/ClassLoader.php(427): Composer\\Autoload\\{closure}()
#1 [internal function]: Composer\\Autoload\\ClassLoader->loadClass()
#2 /home/u980949395/domains/sector71.app/public_html/vendor/laravel/framework/src/Illuminate/Routing/Route.php(1091): is_a()
#3 /home/u980949395/domains/sector71.app/public_html/vendor/laravel/framework/src/Illuminate/Routing/Route.php(1030): Illuminate\\Routing\\Route->controllerMiddleware()
#4 /home/u980949395/domains/sector71.app/public_html/vendor/laravel/framework/src/Illuminate/Routing/Router.php(810): Illuminate\\Routing\\Route->gatherMiddleware()
#5 /home/u980949395/domains/sector71.app/public_html/vendor/laravel/framework/src/Illuminate/Routing/Router.php(792): Illuminate\\Routing\\Router->gatherRouteMiddleware()
#6 /home/u980949395/domains/sector71.app/public_html/vendor/laravel/framework/src/Illuminate/Routing/Router.php(776): Illuminate\\Routing\\Router->runRouteWithinStack()
#7 /home/u980949395/domains/sector71.app/public_html/vendor/laravel/framework/src/Illuminate/Routing/Router.php(740): Illuminate\\Routing\\Router->runRoute()
#8 /home/u980949395/domains/sector71.app/public_html/vendor/laravel/framework/src/Illuminate/Routing/Router.php(729): Illuminate\\Routing\\Router->dispatchToRoute()
#9 /home/u980949395/domains/sector71.app/public_html/vendor/laravel/framework/src/Illuminate/Foundation/Http/Kernel.php(190): Illuminate\\Routing\\Router->dispatch()
#10 /home/u980949395/domains/sector71.app/public_html/vendor/laravel/framework/src/Illuminate/Pipeline/Pipeline.php(141): Illuminate\\Foundation\\Http\\Kernel->Illuminate\\Foundation\\Http\\{closure}()
#11 /home/u980949395/domains/sector71.app/public_html/vendor/barryvdh/laravel-debugbar/src/Middleware/InjectDebugbar.php(59): Illuminate\\Pipeline\\Pipeline->Illuminate\\Pipeline\\{closure}()
#12 /home/u980949395/domains/sector71.app/public_html/vendor/laravel/framework/src/Illuminate/Pipeline/Pipeline.php(180): Barryvdh\\Debugbar\\Middleware\\InjectDebugbar->handle()
#13 /home/u980949395/domains/sector71.app/public_html/vendor/laravel/framework/src/Illuminate/Foundation/Http/Middleware/TransformsRequest.php(21): Illuminate\\Pipeline\\Pipeline->Illuminate\\Pipeline\\{closure}()
#14 /home/u980949395/domains/sector71.app/public_html/vendor/laravel/framework/src/Illuminate/Foundation/Http/Middleware/ConvertEmptyStringsToNull.php(31): Illuminate\\Foundation\\Http\\Middleware\\TransformsRequest->handle()
#15 /home/u980949395/domains/sector71.app/public_html/vendor/laravel/framework/src/Illuminate/Pipeline/Pipeline.php(180): Illuminate\\Foundation\\Http\\Middleware\\ConvertEmptyStringsToNull->handle()
#16 /home/u980949395/domains/sector71.app/public_html/vendor/laravel/framework/src/Illuminate/Foundation/Http/Middleware/TransformsRequest.php(21): Illuminate\\Pipeline\\Pipeline->Illuminate\\Pipeline\\{closure}()
#17 /home/u980949395/domains/sector71.app/public_html/vendor/laravel/framework/src/Illuminate/Foundation/Http/Middleware/TrimStrings.php(40): Illuminate\\Foundation\\Http\\Middleware\\TransformsRequest->handle()
#18 /home/u980949395/domains/sector71.app/public_html/vendor/laravel/framework/src/Illuminate/Pipeline/Pipeline.php(180): Illuminate\\Foundation\\Http\\Middleware\\TrimStrings->handle()
#19 /home/u980949395/domains/sector71.app/public_html/vendor/laravel/framework/src/Illuminate/Foundation/Http/Middleware/ValidatePostSize.php(27): Illuminate\\Pipeline\\Pipeline->Illuminate\\Pipeline\\{closure}()
#20 /home/u980949395/domains/sector71.app/public_html/vendor/laravel/framework/src/Illuminate/Pipeline/Pipeline.php(180): Illuminate\\Foundation\\Http\\Middleware\\ValidatePostSize->handle()
#21 /home/u980949395/domains/sector71.app/public_html/vendor/laravel/framework/src/Illuminate/Foundation/Http/Middleware/PreventRequestsDuringMaintenance.php(86): Illuminate\\Pipeline\\Pipeline->Illuminate\\Pipeline\\{closure}()
#22 /home/u980949395/domains/sector71.app/public_html/vendor/laravel/framework/src/Illuminate/Pipeline/Pipeline.php(180): Illuminate\\Foundation\\Http\\Middleware\\PreventRequestsDuringMaintenance->handle()
#23 /home/u980949395/domains/sector71.app/public_html/vendor/laravel/framework/src/Illuminate/Http/Middleware/HandleCors.php(49): Illuminate\\Pipeline\\Pipeline->Illuminate\\Pipeline\\{closure}()
#24 /home/u980949395/domains/sector71.app/public_html/vendor/laravel/framework/src/Illuminate/Pipeline/Pipeline.php(180): Illuminate\\Http\\Middleware\\HandleCors->handle()
#25 /home/u980949395/domains/sector71.app/public_html/app/Http/Middleware/SecurityHeaders.php(12): Illuminate\\Pipeline\\Pipeline->Illuminate\\Pipeline\\{closure}()
#26 /home/u980949395/domains/sector71.app/public_html/vendor/laravel/framework/src/Illuminate/Pipeline/Pipeline.php(180): App\\Http\\Middleware\\SecurityHeaders->handle()
#27 /home/u980949395/domains/sector71.app/public_html/vendor/laravel/framework/src/Illuminate/Http/Middleware/TrustProxies.php(39): Illuminate\\Pipeline\\Pipeline->Illuminate\\Pipeline\\{closure}()
#28 /home/u980949395/domains/sector71.app/public_html/vendor/laravel/framework/src/Illuminate/Pipeline/Pipeline.php(180): Illuminate\\Http\\Middleware\\TrustProxies->handle()
#29 /home/u980949395/domains/sector71.app/public_html/vendor/laravel/framework/src/Illuminate/Pipeline/Pipeline.php(116): Illuminate\\Pipeline\\Pipeline->Illuminate\\Pipeline\\{closure}()
#30 /home/u980949395/domains/sector71.app/public_html/vendor/laravel/framework/src/Illuminate/Foundation/Http/Kernel.php(165): Illuminate\\Pipeline\\Pipeline->then()
#31 /home/u980949395/domains/sector71.app/public_html/vendor/laravel/framework/src/Illuminate/Foundation/Http/Kernel.php(134): Illuminate\\Foundation\\Http\\Kernel->sendRequestThroughRouter()
#32 /home/u980949395/domains/sector71.app/public_html/public/index.php(51): Illuminate\\Foundation\\Http\\Kernel->handle()
#33 {main}
"} 
[2026-05-07 20:15:52] live.ERROR: syntax error, unexpected token "public" {"exception":"[object] (ParseError(code: 0): syntax error, unexpected token \"public\" at /home/u980949395/domains/sector71.app/public_html/Modules/Hospital/Http/Controllers/HospitalBedController.php:22)
[stacktrace]
#0 /home/u980949395/domains/sector71.app/public_html/vendor/composer/ClassLoader.php(427): Composer\\Autoload\\{closure}()
#1 [internal function]: Composer\\Autoload\\ClassLoader->loadClass()
#2 /home/u980949395/domains/sector71.app/public_html/vendor/laravel/framework/src/Illuminate/Routing/Route.php(1091): is_a()
#3 /home/u980949395/domains/sector71.app/public_html/vendor/laravel/framework/src/Illuminate/Routing/Route.php(1030): Illuminate\\Routing\\Route->controllerMiddleware()
#4 /home/u980949395/domains/sector71.app/public_html/vendor/laravel/framework/src/Illuminate/Routing/Router.php(810): Illuminate\\Routing\\Route->gatherMiddleware()
#5 /home/u980949395/domains/sector71.app/public_html/vendor/laravel/framework/src/Illuminate/Routing/Router.php(792): Illuminate\\Routing\\Router->gatherRouteMiddleware()
#6 /home/u980949395/domains/sector71.app/public_html/vendor/laravel/framework/src/Illuminate/Routing/Router.php(776): Illuminate\\Routing\\Router->runRouteWithinStack()
#7 /home/u980949395/domains/sector71.app/public_html/vendor/laravel/framework/src/Illuminate/Routing/Router.php(740): Illuminate\\Routing\\Router->runRoute()
#8 /home/u980949395/domains/sector71.app/public_html/vendor/laravel/framework/src/Illuminate/Routing/Router.php(729): Illuminate\\Routing\\Router->dispatchToRoute()
#9 /home/u980949395/domains/sector71.app/public_html/vendor/laravel/framework/src/Illuminate/Foundation/Http/Kernel.php(190): Illuminate\\Routing\\Router->dispatch()
#10 /home/u980949395/domains/sector71.app/public_html/vendor/laravel/framework/src/Illuminate/Pipeline/Pipeline.php(141): Illuminate\\Foundation\\Http\\Kernel->Illuminate\\Foundation\\Http\\{closure}()
#11 /home/u980949395/domains/sector71.app/public_html/vendor/barryvdh/laravel-debugbar/src/Middleware/InjectDebugbar.php(59): Illuminate\\Pipeline\\Pipeline->Illuminate\\Pipeline\\{closure}()
#12 /home/u980949395/domains/sector71.app/public_html/vendor/laravel/framework/src/Illuminate/Pipeline/Pipeline.php(180): Barryvdh\\Debugbar\\Middleware\\InjectDebugbar->handle()
#13 /home/u980949395/domains/sector71.app/public_html/vendor/laravel/framework/src/Illuminate/Foundation/Http/Middleware/TransformsRequest.php(21): Illuminate\\Pipeline\\Pipeline->Illuminate\\Pipeline\\{closure}()
#14 /home/u980949395/domains/sector71.app/public_html/vendor/laravel/framework/src/Illuminate/Foundation/Http/Middleware/ConvertEmptyStringsToNull.php(31): Illuminate\\Foundation\\Http\\Middleware\\TransformsRequest->handle()
#15 /home/u980949395/domains/sector71.app/public_html/vendor/laravel/framework/src/Illuminate/Pipeline/Pipeline.php(180): Illuminate\\Foundation\\Http\\Middleware\\ConvertEmptyStringsToNull->handle()
#16 /home/u980949395/domains/sector71.app/public_html/vendor/laravel/framework/src/Illuminate/Foundation/Http/Middleware/TransformsRequest.php(21): Illuminate\\Pipeline\\Pipeline->Illuminate\\Pipeline\\{closure}()
#17 /home/u980949395/domains/sector71.app/public_html/vendor/laravel/framework/src/Illuminate/Foundation/Http/Middleware/TrimStrings.php(40): Illuminate\\Foundation\\Http\\Middleware\\TransformsRequest->handle()
#18 /home/u980949395/domains/sector71.app/public_html/vendor/laravel/framework/src/Illuminate/Pipeline/Pipeline.php(180): Illuminate\\Foundation\\Http\\Middleware\\TrimStrings->handle()
#19 /home/u980949395/domains/sector71.app/public_html/vendor/laravel/framework/src/Illuminate/Foundation/Http/Middleware/ValidatePostSize.php(27): Illuminate\\Pipeline\\Pipeline->Illuminate\\Pipeline\\{closure}()
#20 /home/u980949395/domains/sector71.app/public_html/vendor/laravel/framework/src/Illuminate/Pipeline/Pipeline.php(180): Illuminate\\Foundation\\Http\\Middleware\\ValidatePostSize->handle()
#21 /home/u980949395/domains/sector71.app/public_html/vendor/laravel/framework/src/Illuminate/Foundation/Http/Middleware/PreventRequestsDuringMaintenance.php(86): Illuminate\\Pipeline\\Pipeline->Illuminate\\Pipeline\\{closure}()
#22 /home/u980949395/domains/sector71.app/public_html/vendor/laravel/framework/src/Illuminate/Pipeline/Pipeline.php(180): Illuminate\\Foundation\\Http\\Middleware\\PreventRequestsDuringMaintenance->handle()
#23 /home/u980949395/domains/sector71.app/public_html/vendor/laravel/framework/src/Illuminate/Http/Middleware/HandleCors.php(49): Illuminate\\Pipeline\\Pipeline->Illuminate\\Pipeline\\{closure}()
#24 /home/u980949395/domains/sector71.app/public_html/vendor/laravel/framework/src/Illuminate/Pipeline/Pipeline.php(180): Illuminate\\Http\\Middleware\\HandleCors->handle()
#25 /home/u980949395/domains/sector71.app/public_html/app/Http/Middleware/SecurityHeaders.php(12): Illuminate\\Pipeline\\Pipeline->Illuminate\\Pipeline\\{closure}()
#26 /home/u980949395/domains/sector71.app/public_html/vendor/laravel/framework/src/Illuminate/Pipeline/Pipeline.php(180): App\\Http\\Middleware\\SecurityHeaders->handle()
#27 /home/u980949395/domains/sector71.app/public_html/vendor/laravel/framework/src/Illuminate/Http/Middleware/TrustProxies.php(39): Illuminate\\Pipeline\\Pipeline->Illuminate\\Pipeline\\{closure}()
#28 /home/u980949395/domains/sector71.app/public_html/vendor/laravel/framework/src/Illuminate/Pipeline/Pipeline.php(180): Illuminate\\Http\\Middleware\\TrustProxies->handle()
#29 /home/u980949395/domains/sector71.app/public_html/vendor/laravel/framework/src/Illuminate/Pipeline/Pipeline.php(116): Illuminate\\Pipeline\\Pipeline->Illuminate\\Pipeline\\{closure}()
#30 /home/u980949395/domains/sector71.app/public_html/vendor/laravel/framework/src/Illuminate/Foundation/Http/Kernel.php(165): Illuminate\\Pipeline\\Pipeline->then()
#31 /home/u980949395/domains/sector71.app/public_html/vendor/laravel/framework/src/Illuminate/Foundation/Http/Kernel.php(134): Illuminate\\Foundation\\Http\\Kernel->sendRequestThroughRouter()
#32 /home/u980949395/domains/sector71.app/public_html/public/index.php(51): Illuminate\\Foundation\\Http\\Kernel->handle()
#33 {main}
"} 
[2026-05-07 20:15:54] live.ERROR: syntax error, unexpected token "public" {"exception":"[object] (ParseError(code: 0): syntax error, unexpected token \"public\" at /home/u980949395/domains/sector71.app/public_html/Modules/Hospital/Http/Controllers/HospitalBedController.php:22)
[stacktrace]
#0 /home/u980949395/domains/sector71.app/public_html/vendor/composer/ClassLoader.php(427): Composer\\Autoload\\{closure}()
#1 [internal function]: Composer\\Autoload\\ClassLoader->loadClass()
#2 /home/u980949395/domains/sector71.app/public_html/vendor/laravel/framework/src/Illuminate/Routing/Route.php(1091): is_a()
#3 /home/u980949395/domains/sector71.app/public_html/vendor/laravel/framework/src/Illuminate/Routing/Route.php(1030): Illuminate\\Routing\\Route->controllerMiddleware()
#4 /home/u980949395/domains/sector71.app/public_html/vendor/laravel/framework/src/Illuminate/Routing/Router.php(810): Illuminate\\Routing\\Route->gatherMiddleware()
#5 /home/u980949395/domains/sector71.app/public_html/vendor/laravel/framework/src/Illuminate/Routing/Router.php(792): Illuminate\\Routing\\Router->gatherRouteMiddleware()
#6 /home/u980949395/domains/sector71.app/public_html/vendor/laravel/framework/src/Illuminate/Routing/Router.php(776): Illuminate\\Routing\\Router->runRouteWithinStack()
#7 /home/u980949395/domains/sector71.app/public_html/vendor/laravel/framework/src/Illuminate/Routing/Router.php(740): Illuminate\\Routing\\Router->runRoute()
#8 /home/u980949395/domains/sector71.app/public_html/vendor/laravel/framework/src/Illuminate/Routing/Router.php(729): Illuminate\\Routing\\Router->dispatchToRoute()
#9 /home/u980949395/domains/sector71.app/public_html/vendor/laravel/framework/src/Illuminate/Foundation/Http/Kernel.php(190): Illuminate\\Routing\\Router->dispatch()
#10 /home/u980949395/domains/sector71.app/public_html/vendor/laravel/framework/src/Illuminate/Pipeline/Pipeline.php(141): Illuminate\\Foundation\\Http\\Kernel->Illuminate\\Foundation\\Http\\{closure}()
#11 /home/u980949395/domains/sector71.app/public_html/vendor/barryvdh/laravel-debugbar/src/Middleware/InjectDebugbar.php(59): Illuminate\\Pipeline\\Pipeline->Illuminate\\Pipeline\\{closure}()
#12 /home/u980949395/domains/sector71.app/public_html/vendor/laravel/framework/src/Illuminate/Pipeline/Pipeline.php(180): Barryvdh\\Debugbar\\Middleware\\InjectDebugbar->handle()
#13 /home/u980949395/domains/sector71.app/public_html/vendor/laravel/framework/src/Illuminate/Foundation/Http/Middleware/TransformsRequest.php(21): Illuminate\\Pipeline\\Pipeline->Illuminate\\Pipeline\\{closure}()
#14 /home/u980949395/domains/sector71.app/public_html/vendor/laravel/framework/src/Illuminate/Foundation/Http/Middleware/ConvertEmptyStringsToNull.php(31): Illuminate\\Foundation\\Http\\Middleware\\TransformsRequest->handle()
#15 /home/u980949395/domains/sector71.app/public_html/vendor/laravel/framework/src/Illuminate/Pipeline/Pipeline.php(180): Illuminate\\Foundation\\Http\\Middleware\\ConvertEmptyStringsToNull->handle()
#16 /home/u980949395/domains/sector71.app/public_html/vendor/laravel/framework/src/Illuminate/Foundation/Http/Middleware/TransformsRequest.php(21): Illuminate\\Pipeline\\Pipeline->Illuminate\\Pipeline\\{closure}()
#17 /home/u980949395/domains/sector71.app/public_html/vendor/laravel/framework/src/Illuminate/Foundation/Http/Middleware/TrimStrings.php(40): Illuminate\\Foundation\\Http\\Middleware\\TransformsRequest->handle()
#18 /home/u980949395/domains/sector71.app/public_html/vendor/laravel/framework/src/Illuminate/Pipeline/Pipeline.php(180): Illuminate\\Foundation\\Http\\Middleware\\TrimStrings->handle()
#19 /home/u980949395/domains/sector71.app/public_html/vendor/laravel/framework/src/Illuminate/Foundation/Http/Middleware/ValidatePostSize.php(27): Illuminate\\Pipeline\\Pipeline->Illuminate\\Pipeline\\{closure}()
#20 /home/u980949395/domains/sector71.app/public_html/vendor/laravel/framework/src/Illuminate/Pipeline/Pipeline.php(180): Illuminate\\Foundation\\Http\\Middleware\\ValidatePostSize->handle()
#21 /home/u980949395/domains/sector71.app/public_html/vendor/laravel/framework/src/Illuminate/Foundation/Http/Middleware/PreventRequestsDuringMaintenance.php(86): Illuminate\\Pipeline\\Pipeline->Illuminate\\Pipeline\\{closure}()
#22 /home/u980949395/domains/sector71.app/public_html/vendor/laravel/framework/src/Illuminate/Pipeline/Pipeline.php(180): Illuminate\\Foundation\\Http\\Middleware\\PreventRequestsDuringMaintenance->handle()
#23 /home/u980949395/domains/sector71.app/public_html/vendor/laravel/framework/src/Illuminate/Http/Middleware/HandleCors.php(49): Illuminate\\Pipeline\\Pipeline->Illuminate\\Pipeline\\{closure}()
#24 /home/u980949395/domains/sector71.app/public_html/vendor/laravel/framework/src/Illuminate/Pipeline/Pipeline.php(180): Illuminate\\Http\\Middleware\\HandleCors->handle()
#25 /home/u980949395/domains/sector71.app/public_html/app/Http/Middleware/SecurityHeaders.php(12): Illuminate\\Pipeline\\Pipeline->Illuminate\\Pipeline\\{closure}()
#26 /home/u980949395/domains/sector71.app/public_html/vendor/laravel/framework/src/Illuminate/Pipeline/Pipeline.php(180): App\\Http\\Middleware\\SecurityHeaders->handle()
#27 /home/u980949395/domains/sector71.app/public_html/vendor/laravel/framework/src/Illuminate/Http/Middleware/TrustProxies.php(39): Illuminate\\Pipeline\\Pipeline->Illuminate\\Pipeline\\{closure}()
#28 /home/u980949395/domains/sector71.app/public_html/vendor/laravel/framework/src/Illuminate/Pipeline/Pipeline.php(180): Illuminate\\Http\\Middleware\\TrustProxies->handle()
#29 /home/u980949395/domains/sector71.app/public_html/vendor/laravel/framework/src/Illuminate/Pipeline/Pipeline.php(116): Illuminate\\Pipeline\\Pipeline->Illuminate\\Pipeline\\{closure}()
#30 /home/u980949395/domains/sector71.app/public_html/vendor/laravel/framework/src/Illuminate/Foundation/Http/Kernel.php(165): Illuminate\\Pipeline\\Pipeline->then()
#31 /home/u980949395/domains/sector71.app/public_html/vendor/laravel/framework/src/Illuminate/Foundation/Http/Kernel.php(134): Illuminate\\Foundation\\Http\\Kernel->sendRequestThroughRouter()
#32 /home/u980949395/domains/sector71.app/public_html/public/index.php(51): Illuminate\\Foundation\\Http\\Kernel->handle()
#33 {main}
"} 
[2026-05-07 20:15:58] live.ERROR: syntax error, unexpected token "public" {"exception":"[object] (ParseError(code: 0): syntax error, unexpected token \"public\" at /home/u980949395/domains/sector71.app/public_html/Modules/Hospital/Http/Controllers/HospitalBedController.php:22)
[stacktrace]
#0 /home/u980949395/domains/sector71.app/public_html/vendor/composer/ClassLoader.php(427): Composer\\Autoload\\{closure}()
#1 [internal function]: Composer\\Autoload\\ClassLoader->loadClass()
#2 /home/u980949395/domains/sector71.app/public_html/vendor/laravel/framework/src/Illuminate/Routing/Route.php(1091): is_a()
#3 /home/u980949395/domains/sector71.app/public_html/vendor/laravel/framework/src/Illuminate/Routing/Route.php(1030): Illuminate\\Routing\\Route->controllerMiddleware()
#4 /home/u980949395/domains/sector71.app/public_html/vendor/laravel/framework/src/Illuminate/Routing/Router.php(810): Illuminate\\Routing\\Route->gatherMiddleware()
#5 /home/u980949395/domains/sector71.app/public_html/vendor/laravel/framework/src/Illuminate/Routing/Router.php(792): Illuminate\\Routing\\Router->gatherRouteMiddleware()
#6 /home/u980949395/domains/sector71.app/public_html/vendor/laravel/framework/src/Illuminate/Routing/Router.php(776): Illuminate\\Routing\\Router->runRouteWithinStack()
#7 /home/u980949395/domains/sector71.app/public_html/vendor/laravel/framework/src/Illuminate/Routing/Router.php(740): Illuminate\\Routing\\Router->runRoute()
#8 /home/u980949395/domains/sector71.app/public_html/vendor/laravel/framework/src/Illuminate/Routing/Router.php(729): Illuminate\\Routing\\Router->dispatchToRoute()
#9 /home/u980949395/domains/sector71.app/public_html/vendor/laravel/framework/src/Illuminate/Foundation/Http/Kernel.php(190): Illuminate\\Routing\\Router->dispatch()
#10 /home/u980949395/domains/sector71.app/public_html/vendor/laravel/framework/src/Illuminate/Pipeline/Pipeline.php(141): Illuminate\\Foundation\\Http\\Kernel->Illuminate\\Foundation\\Http\\{closure}()
#11 /home/u980949395/domains/sector71.app/public_html/vendor/barryvdh/laravel-debugbar/src/Middleware/InjectDebugbar.php(59): Illuminate\\Pipeline\\Pipeline->Illuminate\\Pipeline\\{closure}()
#12 /home/u980949395/domains/sector71.app/public_html/vendor/laravel/framework/src/Illuminate/Pipeline/Pipeline.php(180): Barryvdh\\Debugbar\\Middleware\\InjectDebugbar->handle()
#13 /home/u980949395/domains/sector71.app/public_html/vendor/laravel/framework/src/Illuminate/Foundation/Http/Middleware/TransformsRequest.php(21): Illuminate\\Pipeline\\Pipeline->Illuminate\\Pipeline\\{closure}()
#14 /home/u980949395/domains/sector71.app/public_html/vendor/laravel/framework/src/Illuminate/Foundation/Http/Middleware/ConvertEmptyStringsToNull.php(31): Illuminate\\Foundation\\Http\\Middleware\\TransformsRequest->handle()
#15 /home/u980949395/domains/sector71.app/public_html/vendor/laravel/framework/src/Illuminate/Pipeline/Pipeline.php(180): Illuminate\\Foundation\\Http\\Middleware\\ConvertEmptyStringsToNull->handle()
#16 /home/u980949395/domains/sector71.app/public_html/vendor/laravel/framework/src/Illuminate/Foundation/Http/Middleware/TransformsRequest.php(21): Illuminate\\Pipeline\\Pipeline->Illuminate\\Pipeline\\{closure}()
#17 /home/u980949395/domains/sector71.app/public_html/vendor/laravel/framework/src/Illuminate/Foundation/Http/Middleware/TrimStrings.php(40): Illuminate\\Foundation\\Http\\Middleware\\TransformsRequest->handle()
#18 /home/u980949395/domains/sector71.app/public_html/vendor/laravel/framework/src/Illuminate/Pipeline/Pipeline.php(180): Illuminate\\Foundation\\Http\\Middleware\\TrimStrings->handle()
#19 /home/u980949395/domains/sector71.app/public_html/vendor/laravel/framework/src/Illuminate/Foundation/Http/Middleware/ValidatePostSize.php(27): Illuminate\\Pipeline\\Pipeline->Illuminate\\Pipeline\\{closure}()
#20 /home/u980949395/domains/sector71.app/public_html/vendor/laravel/framework/src/Illuminate/Pipeline/Pipeline.php(180): Illuminate\\Foundation\\Http\\Middleware\\ValidatePostSize->handle()
#21 /home/u980949395/domains/sector71.app/public_html/vendor/laravel/framework/src/Illuminate/Foundation/Http/Middleware/PreventRequestsDuringMaintenance.php(86): Illuminate\\Pipeline\\Pipeline->Illuminate\\Pipeline\\{closure}()
#22 /home/u980949395/domains/sector71.app/public_html/vendor/laravel/framework/src/Illuminate/Pipeline/Pipeline.php(180): Illuminate\\Foundation\\Http\\Middleware\\PreventRequestsDuringMaintenance->handle()
#23 /home/u980949395/domains/sector71.app/public_html/vendor/laravel/framework/src/Illuminate/Http/Middleware/HandleCors.php(49): Illuminate\\Pipeline\\Pipeline->Illuminate\\Pipeline\\{closure}()
#24 /home/u980949395/domains/sector71.app/public_html/vendor/laravel/framework/src/Illuminate/Pipeline/Pipeline.php(180): Illuminate\\Http\\Middleware\\HandleCors->handle()
#25 /home/u980949395/domains/sector71.app/public_html/app/Http/Middleware/SecurityHeaders.php(12): Illuminate\\Pipeline\\Pipeline->Illuminate\\Pipeline\\{closure}()
#26 /home/u980949395/domains/sector71.app/public_html/vendor/laravel/framework/src/Illuminate/Pipeline/Pipeline.php(180): App\\Http\\Middleware\\SecurityHeaders->handle()
#27 /home/u980949395/domains/sector71.app/public_html/vendor/laravel/framework/src/Illuminate/Http/Middleware/TrustProxies.php(39): Illuminate\\Pipeline\\Pipeline->Illuminate\\Pipeline\\{closure}()
#28 /home/u980949395/domains/sector71.app/public_html/vendor/laravel/framework/src/Illuminate/Pipeline/Pipeline.php(180): Illuminate\\Http\\Middleware\\TrustProxies->handle()
#29 /home/u980949395/domains/sector71.app/public_html/vendor/laravel/framework/src/Illuminate/Pipeline/Pipeline.php(116): Illuminate\\Pipeline\\Pipeline->Illuminate\\Pipeline\\{closure}()
#30 /home/u980949395/domains/sector71.app/public_html/vendor/laravel/framework/src/Illuminate/Foundation/Http/Kernel.php(165): Illuminate\\Pipeline\\Pipeline->then()
#31 /home/u980949395/domains/sector71.app/public_html/vendor/laravel/framework/src/Illuminate/Foundation/Http/Kernel.php(134): Illuminate\\Foundation\\Http\\Kernel->sendRequestThroughRouter()
#32 /home/u980949395/domains/sector71.app/public_html/public/index.php(51): Illuminate\\Foundation\\Http\\Kernel->handle()
#33 {main}
"} 
[2026-05-07 20:16:33] live.ERROR: syntax error, unexpected token "public" {"exception":"[object] (ParseError(code: 0): syntax error, unexpected token \"public\" at /home/u980949395/domains/sector71.app/public_html/Modules/Hospital/Http/Controllers/HospitalBedController.php:22)
[stacktrace]
#0 /home/u980949395/domains/sector71.app/public_html/vendor/composer/ClassLoader.php(427): Composer\\Autoload\\{closure}()
#1 [internal function]: Composer\\Autoload\\ClassLoader->loadClass()
#2 /home/u980949395/domains/sector71.app/public_html/vendor/laravel/framework/src/Illuminate/Routing/Route.php(1091): is_a()
#3 /home/u980949395/domains/sector71.app/public_html/vendor/laravel/framework/src/Illuminate/Routing/Route.php(1030): Illuminate\\Routing\\Route->controllerMiddleware()
#4 /home/u980949395/domains/sector71.app/public_html/vendor/laravel/framework/src/Illuminate/Routing/Router.php(810): Illuminate\\Routing\\Route->gatherMiddleware()
#5 /home/u980949395/domains/sector71.app/public_html/vendor/laravel/framework/src/Illuminate/Routing/Router.php(792): Illuminate\\Routing\\Router->gatherRouteMiddleware()
#6 /home/u980949395/domains/sector71.app/public_html/vendor/laravel/framework/src/Illuminate/Routing/Router.php(776): Illuminate\\Routing\\Router->runRouteWithinStack()
#7 /home/u980949395/domains/sector71.app/public_html/vendor/laravel/framework/src/Illuminate/Routing/Router.php(740): Illuminate\\Routing\\Router->runRoute()
#8 /home/u980949395/domains/sector71.app/public_html/vendor/laravel/framework/src/Illuminate/Routing/Router.php(729): Illuminate\\Routing\\Router->dispatchToRoute()
#9 /home/u980949395/domains/sector71.app/public_html/vendor/laravel/framework/src/Illuminate/Foundation/Http/Kernel.php(190): Illuminate\\Routing\\Router->dispatch()
#10 /home/u980949395/domains/sector71.app/public_html/vendor/laravel/framework/src/Illuminate/Pipeline/Pipeline.php(141): Illuminate\\Foundation\\Http\\Kernel->Illuminate\\Foundation\\Http\\{closure}()
#11 /home/u980949395/domains/sector71.app/public_html/vendor/barryvdh/laravel-debugbar/src/Middleware/InjectDebugbar.php(59): Illuminate\\Pipeline\\Pipeline->Illuminate\\Pipeline\\{closure}()
#12 /home/u980949395/domains/sector71.app/public_html/vendor/laravel/framework/src/Illuminate/Pipeline/Pipeline.php(180): Barryvdh\\Debugbar\\Middleware\\InjectDebugbar->handle()
#13 /home/u980949395/domains/sector71.app/public_html/vendor/laravel/framework/src/Illuminate/Foundation/Http/Middleware/TransformsRequest.php(21): Illuminate\\Pipeline\\Pipeline->Illuminate\\Pipeline\\{closure}()
#14 /home/u980949395/domains/sector71.app/public_html/vendor/laravel/framework/src/Illuminate/Foundation/Http/Middleware/ConvertEmptyStringsToNull.php(31): Illuminate\\Foundation\\Http\\Middleware\\TransformsRequest->handle()
#15 /home/u980949395/domains/sector71.app/public_html/vendor/laravel/framework/src/Illuminate/Pipeline/Pipeline.php(180): Illuminate\\Foundation\\Http\\Middleware\\ConvertEmptyStringsToNull->handle()
#16 /home/u980949395/domains/sector71.app/public_html/vendor/laravel/framework/src/Illuminate/Foundation/Http/Middleware/TransformsRequest.php(21): Illuminate\\Pipeline\\Pipeline->Illuminate\\Pipeline\\{closure}()
#17 /home/u980949395/domains/sector71.app/public_html/vendor/laravel/framework/src/Illuminate/Foundation/Http/Middleware/TrimStrings.php(40): Illuminate\\Foundation\\Http\\Middleware\\TransformsRequest->handle()
#18 /home/u980949395/domains/sector71.app/public_html/vendor/laravel/framework/src/Illuminate/Pipeline/Pipeline.php(180): Illuminate\\Foundation\\Http\\Middleware\\TrimStrings->handle()
#19 /home/u980949395/domains/sector71.app/public_html/vendor/laravel/framework/src/Illuminate/Foundation/Http/Middleware/ValidatePostSize.php(27): Illuminate\\Pipeline\\Pipeline->Illuminate\\Pipeline\\{closure}()
#20 /home/u980949395/domains/sector71.app/public_html/vendor/laravel/framework/src/Illuminate/Pipeline/Pipeline.php(180): Illuminate\\Foundation\\Http\\Middleware\\ValidatePostSize->handle()
#21 /home/u980949395/domains/sector71.app/public_html/vendor/laravel/framework/src/Illuminate/Foundation/Http/Middleware/PreventRequestsDuringMaintenance.php(86): Illuminate\\Pipeline\\Pipeline->Illuminate\\Pipeline\\{closure}()
#22 /home/u980949395/domains/sector71.app/public_html/vendor/laravel/framework/src/Illuminate/Pipeline/Pipeline.php(180): Illuminate\\Foundation\\Http\\Middleware\\PreventRequestsDuringMaintenance->handle()
#23 /home/u980949395/domains/sector71.app/public_html/vendor/laravel/framework/src/Illuminate/Http/Middleware/HandleCors.php(49): Illuminate\\Pipeline\\Pipeline->Illuminate\\Pipeline\\{closure}()
#24 /home/u980949395/domains/sector71.app/public_html/vendor/laravel/framework/src/Illuminate/Pipeline/Pipeline.php(180): Illuminate\\Http\\Middleware\\HandleCors->handle()
#25 /home/u980949395/domains/sector71.app/public_html/app/Http/Middleware/SecurityHeaders.php(12): Illuminate\\Pipeline\\Pipeline->Illuminate\\Pipeline\\{closure}()
#26 /home/u980949395/domains/sector71.app/public_html/vendor/laravel/framework/src/Illuminate/Pipeline/Pipeline.php(180): App\\Http\\Middleware\\SecurityHeaders->handle()
#27 /home/u980949395/domains/sector71.app/public_html/vendor/laravel/framework/src/Illuminate/Http/Middleware/TrustProxies.php(39): Illuminate\\Pipeline\\Pipeline->Illuminate\\Pipeline\\{closure}()
#28 /home/u980949395/domains/sector71.app/public_html/vendor/laravel/framework/src/Illuminate/Pipeline/Pipeline.php(180): Illuminate\\Http\\Middleware\\TrustProxies->handle()
#29 /home/u980949395/domains/sector71.app/public_html/vendor/laravel/framework/src/Illuminate/Pipeline/Pipeline.php(116): Illuminate\\Pipeline\\Pipeline->Illuminate\\Pipeline\\{closure}()
#30 /home/u980949395/domains/sector71.app/public_html/vendor/laravel/framework/src/Illuminate/Foundation/Http/Kernel.php(165): Illuminate\\Pipeline\\Pipeline->then()
#31 /home/u980949395/domains/sector71.app/public_html/vendor/laravel/framework/src/Illuminate/Foundation/Http/Kernel.php(134): Illuminate\\Foundation\\Http\\Kernel->sendRequestThroughRouter()
#32 /home/u980949395/domains/sector71.app/public_html/public/index.php(51): Illuminate\\Foundation\\Http\\Kernel->handle()
#33 {main}
"} 
