[2026-04-29 22:59:25] live.ERROR: Action Modules\Superadmin\Http\Controllers\MobileAppUsersController@index not defined. {"view":{"view":"/home/u980949395/domains/sector71.app/public_html/Modules/Superadmin/Resources/views/layouts/nav.blade.php","data":[]},"userId":1,"exception":"[object] (Spatie\\LaravelIgnition\\Exceptions\\ViewException(code: 0): Action Modules\\Superadmin\\Http\\Controllers\\MobileAppUsersController@index not defined. at /home/u980949395/domains/sector71.app/public_html/vendor/laravel/framework/src/Illuminate/Routing/UrlGenerator.php:510)
[stacktrace]
#0 /home/u980949395/domains/sector71.app/public_html/vendor/laravel/framework/src/Illuminate/Foundation/helpers.php(102): Illuminate\\Routing\\UrlGenerator->action()
#1 /home/u980949395/domains/sector71.app/public_html/Modules/Superadmin/Resources/views/layouts/nav.blade.php(29): action()
#2 /home/u980949395/domains/sector71.app/public_html/vendor/laravel/framework/src/Illuminate/Filesystem/Filesystem.php(109): require('/home/u98094939...')
#3 /home/u980949395/domains/sector71.app/public_html/vendor/laravel/framework/src/Illuminate/Filesystem/Filesystem.php(110): Illuminate\\Filesystem\\Filesystem::Illuminate\\Filesystem\\{closure}()
#4 /home/u980949395/domains/sector71.app/public_html/vendor/laravel/framework/src/Illuminate/View/Engines/PhpEngine.php(58): Illuminate\\Filesystem\\Filesystem->getRequire()
#5 /home/u980949395/domains/sector71.app/public_html/vendor/laravel/framework/src/Illuminate/View/Engines/CompilerEngine.php(70): Illuminate\\View\\Engines\\PhpEngine->evaluatePath()
#6 /home/u980949395/domains/sector71.app/public_html/vendor/laravel/framework/src/Illuminate/View/View.php(195): Illuminate\\View\\Engines\\CompilerEngine->get()
#7 /home/u980949395/domains/sector71.app/public_html/vendor/laravel/framework/src/Illuminate/View/View.php(178): Illuminate\\View\\View->getContents()
#8 /home/u980949395/domains/sector71.app/public_html/vendor/laravel/framework/src/Illuminate/View/View.php(147): Illuminate\\View\\View->renderContents()
#9 /home/u980949395/domains/sector71.app/public_html/Modules/Superadmin/Resources/views/superadmin_settings/edit.blade.php(5): Illuminate\\View\\View->render()
#10 /home/u980949395/domains/sector71.app/public_html/vendor/laravel/framework/src/Illuminate/Filesystem/Filesystem.php(109): require('/home/u98094939...')
#11 /home/u980949395/domains/sector71.app/public_html/vendor/laravel/framework/src/Illuminate/Filesystem/Filesystem.php(110): Illuminate\\Filesystem\\Filesystem::Illuminate\\Filesystem\\{closure}()
#12 /home/u980949395/domains/sector71.app/public_html/vendor/laravel/framework/src/Illuminate/View/Engines/PhpEngine.php(58): Illuminate\\Filesystem\\Filesystem->getRequire()
#13 /home/u980949395/domains/sector71.app/public_html/vendor/laravel/framework/src/Illuminate/View/Engines/CompilerEngine.php(70): Illuminate\\View\\Engines\\PhpEngine->evaluatePath()
#14 /home/u980949395/domains/sector71.app/public_html/vendor/laravel/framework/src/Illuminate/View/View.php(195): Illuminate\\View\\Engines\\CompilerEngine->get()
#15 /home/u980949395/domains/sector71.app/public_html/vendor/laravel/framework/src/Illuminate/View/View.php(178): Illuminate\\View\\View->getContents()
#16 /home/u980949395/domains/sector71.app/public_html/vendor/laravel/framework/src/Illuminate/View/View.php(147): Illuminate\\View\\View->renderContents()
#17 /home/u980949395/domains/sector71.app/public_html/vendor/laravel/framework/src/Illuminate/Http/Response.php(69): Illuminate\\View\\View->render()
#18 /home/u980949395/domains/sector71.app/public_html/vendor/laravel/framework/src/Illuminate/Http/Response.php(35): Illuminate\\Http\\Response->setContent()
#19 /home/u980949395/domains/sector71.app/public_html/vendor/laravel/framework/src/Illuminate/Routing/Router.php(906): Illuminate\\Http\\Response->__construct()
#20 /home/u980949395/domains/sector71.app/public_html/vendor/laravel/framework/src/Illuminate/Routing/Router.php(875): Illuminate\\Routing\\Router::toResponse()
#21 /home/u980949395/domains/sector71.app/public_html/vendor/laravel/framework/src/Illuminate/Routing/Router.php(797): Illuminate\\Routing\\Router->prepareResponse()
#22 /home/u980949395/domains/sector71.app/public_html/vendor/laravel/framework/src/Illuminate/Pipeline/Pipeline.php(141): Illuminate\\Routing\\Router->Illuminate\\Routing\\{closure}()
#23 /home/u980949395/domains/sector71.app/public_html/app/Http/Middleware/Superadmin.php(21): Illuminate\\Pipeline\\Pipeline->Illuminate\\Pipeline\\{closure}()
#24 /home/u980949395/domains/sector71.app/public_html/vendor/laravel/framework/src/Illuminate/Pipeline/Pipeline.php(180): App\\Http\\Middleware\\Superadmin->handle()
#25 /home/u980949395/domains/sector71.app/public_html/app/Http/Middleware/AdminSidebarMenu.php(892): Illuminate\\Pipeline\\Pipeline->Illuminate\\Pipeline\\{closure}()
#26 /home/u980949395/domains/sector71.app/public_html/vendor/laravel/framework/src/Illuminate/Pipeline/Pipeline.php(180): App\\Http\\Middleware\\AdminSidebarMenu->handle()
#27 /home/u980949395/domains/sector71.app/public_html/app/Http/Middleware/Language.php(25): Illuminate\\Pipeline\\Pipeline->Illuminate\\Pipeline\\{closure}()
#28 /home/u980949395/domains/sector71.app/public_html/vendor/laravel/framework/src/Illuminate/Pipeline/Pipeline.php(180): App\\Http\\Middleware\\Language->handle()
#29 /home/u980949395/domains/sector71.app/public_html/vendor/laravel/framework/src/Illuminate/Routing/Middleware/SubstituteBindings.php(50): Illuminate\\Pipeline\\Pipeline->Illuminate\\Pipeline\\{closure}()
#30 /home/u980949395/domains/sector71.app/public_html/vendor/laravel/framework/src/Illuminate/Pipeline/Pipeline.php(180): Illuminate\\Routing\\Middleware\\SubstituteBindings->handle()
#31 /home/u980949395/domains/sector71.app/public_html/vendor/laravel/framework/src/Illuminate/Auth/Middleware/Authenticate.php(44): Illuminate\\Pipeline\\Pipeline->Illuminate\\Pipeline\\{closure}()
#32 /home/u980949395/domains/sector71.app/public_html/vendor/laravel/framework/src/Illuminate/Pipeline/Pipeline.php(180): Illuminate\\Auth\\Middleware\\Authenticate->handle()
#33 /home/u980949395/domains/sector71.app/public_html/vendor/laravel/framework/src/Illuminate/Foundation/Http/Middleware/VerifyCsrfToken.php(78): Illuminate\\Pipeline\\Pipeline->Illuminate\\Pipeline\\{closure}()
#34 /home/u980949395/domains/sector71.app/public_html/vendor/laravel/framework/src/Illuminate/Pipeline/Pipeline.php(180): Illuminate\\Foundation\\Http\\Middleware\\VerifyCsrfToken->handle()
#35 /home/u980949395/domains/sector71.app/public_html/vendor/laravel/framework/src/Illuminate/View/Middleware/ShareErrorsFromSession.php(49): Illuminate\\Pipeline\\Pipeline->Illuminate\\Pipeline\\{closure}()
#36 /home/u980949395/domains/sector71.app/public_html/vendor/laravel/framework/src/Illuminate/Pipeline/Pipeline.php(180): Illuminate\\View\\Middleware\\ShareErrorsFromSession->handle()
#37 /home/u980949395/domains/sector71.app/public_html/vendor/laravel/framework/src/Illuminate/Session/Middleware/StartSession.php(121): Illuminate\\Pipeline\\Pipeline->Illuminate\\Pipeline\\{closure}()
#38 /home/u980949395/domains/sector71.app/public_html/vendor/laravel/framework/src/Illuminate/Session/Middleware/StartSession.php(64): Illuminate\\Session\\Middleware\\StartSession->handleStatefulRequest()
#39 /home/u980949395/domains/sector71.app/public_html/vendor/laravel/framework/src/Illuminate/Pipeline/Pipeline.php(180): Illuminate\\Session\\Middleware\\StartSession->handle()
#40 /home/u980949395/domains/sector71.app/public_html/vendor/laravel/framework/src/Illuminate/Cookie/Middleware/AddQueuedCookiesToResponse.php(37): Illuminate\\Pipeline\\Pipeline->Illuminate\\Pipeline\\{closure}()
#41 /home/u980949395/domains/sector71.app/public_html/vendor/laravel/framework/src/Illuminate/Pipeline/Pipeline.php(180): Illuminate\\Cookie\\Middleware\\AddQueuedCookiesToResponse->handle()
#42 /home/u980949395/domains/sector71.app/public_html/vendor/laravel/framework/src/Illuminate/Cookie/Middleware/EncryptCookies.php(67): Illuminate\\Pipeline\\Pipeline->Illuminate\\Pipeline\\{closure}()
#43 /home/u980949395/domains/sector71.app/public_html/vendor/laravel/framework/src/Illuminate/Pipeline/Pipeline.php(180): Illuminate\\Cookie\\Middleware\\EncryptCookies->handle()
#44 /home/u980949395/domains/sector71.app/public_html/vendor/laravel/framework/src/Illuminate/Pipeline/Pipeline.php(116): Illuminate\\Pipeline\\Pipeline->Illuminate\\Pipeline\\{closure}()
#45 /home/u980949395/domains/sector71.app/public_html/vendor/laravel/framework/src/Illuminate/Routing/Router.php(797): Illuminate\\Pipeline\\Pipeline->then()
#46 /home/u980949395/domains/sector71.app/public_html/vendor/laravel/framework/src/Illuminate/Routing/Router.php(776): Illuminate\\Routing\\Router->runRouteWithinStack()
#47 /home/u980949395/domains/sector71.app/public_html/vendor/laravel/framework/src/Illuminate/Routing/Router.php(740): Illuminate\\Routing\\Router->runRoute()
#48 /home/u980949395/domains/sector71.app/public_html/vendor/laravel/framework/src/Illuminate/Routing/Router.php(729): Illuminate\\Routing\\Router->dispatchToRoute()
#49 /home/u980949395/domains/sector71.app/public_html/vendor/laravel/framework/src/Illuminate/Foundation/Http/Kernel.php(190): Illuminate\\Routing\\Router->dispatch()
#50 /home/u980949395/domains/sector71.app/public_html/vendor/laravel/framework/src/Illuminate/Pipeline/Pipeline.php(141): Illuminate\\Foundation\\Http\\Kernel->Illuminate\\Foundation\\Http\\{closure}()
#51 /home/u980949395/domains/sector71.app/public_html/vendor/barryvdh/laravel-debugbar/src/Middleware/InjectDebugbar.php(59): Illuminate\\Pipeline\\Pipeline->Illuminate\\Pipeline\\{closure}()
#52 /home/u980949395/domains/sector71.app/public_html/vendor/laravel/framework/src/Illuminate/Pipeline/Pipeline.php(180): Barryvdh\\Debugbar\\Middleware\\InjectDebugbar->handle()
#53 /home/u980949395/domains/sector71.app/public_html/vendor/laravel/framework/src/Illuminate/Foundation/Http/Middleware/TransformsRequest.php(21): Illuminate\\Pipeline\\Pipeline->Illuminate\\Pipeline\\{closure}()
#54 /home/u980949395/domains/sector71.app/public_html/vendor/laravel/framework/src/Illuminate/Foundation/Http/Middleware/ConvertEmptyStringsToNull.php(31): Illuminate\\Foundation\\Http\\Middleware\\TransformsRequest->handle()
#55 /home/u980949395/domains/sector71.app/public_html/vendor/laravel/framework/src/Illuminate/Pipeline/Pipeline.php(180): Illuminate\\Foundation\\Http\\Middleware\\ConvertEmptyStringsToNull->handle()
#56 /home/u980949395/domains/sector71.app/public_html/vendor/laravel/framework/src/Illuminate/Foundation/Http/Middleware/TransformsRequest.php(21): Illuminate\\Pipeline\\Pipeline->Illuminate\\Pipeline\\{closure}()
#57 /home/u980949395/domains/sector71.app/public_html/vendor/laravel/framework/src/Illuminate/Foundation/Http/Middleware/TrimStrings.php(40): Illuminate\\Foundation\\Http\\Middleware\\TransformsRequest->handle()
#58 /home/u980949395/domains/sector71.app/public_html/vendor/laravel/framework/src/Illuminate/Pipeline/Pipeline.php(180): Illuminate\\Foundation\\Http\\Middleware\\TrimStrings->handle()
#59 /home/u980949395/domains/sector71.app/public_html/vendor/laravel/framework/src/Illuminate/Foundation/Http/Middleware/ValidatePostSize.php(27): Illuminate\\Pipeline\\Pipeline->Illuminate\\Pipeline\\{closure}()
#60 /home/u980949395/domains/sector71.app/public_html/vendor/laravel/framework/src/Illuminate/Pipeline/Pipeline.php(180): Illuminate\\Foundation\\Http\\Middleware\\ValidatePostSize->handle()
#61 /home/u980949395/domains/sector71.app/public_html/vendor/laravel/framework/src/Illuminate/Foundation/Http/Middleware/PreventRequestsDuringMaintenance.php(86): Illuminate\\Pipeline\\Pipeline->Illuminate\\Pipeline\\{closure}()
#62 /home/u980949395/domains/sector71.app/public_html/vendor/laravel/framework/src/Illuminate/Pipeline/Pipeline.php(180): Illuminate\\Foundation\\Http\\Middleware\\PreventRequestsDuringMaintenance->handle()
#63 /home/u980949395/domains/sector71.app/public_html/vendor/laravel/framework/src/Illuminate/Http/Middleware/HandleCors.php(49): Illuminate\\Pipeline\\Pipeline->Illuminate\\Pipeline\\{closure}()
#64 /home/u980949395/domains/sector71.app/public_html/vendor/laravel/framework/src/Illuminate/Pipeline/Pipeline.php(180): Illuminate\\Http\\Middleware\\HandleCors->handle()
#65 /home/u980949395/domains/sector71.app/public_html/app/Http/Middleware/SecurityHeaders.php(12): Illuminate\\Pipeline\\Pipeline->Illuminate\\Pipeline\\{closure}()
#66 /home/u980949395/domains/sector71.app/public_html/vendor/laravel/framework/src/Illuminate/Pipeline/Pipeline.php(180): App\\Http\\Middleware\\SecurityHeaders->handle()
#67 /home/u980949395/domains/sector71.app/public_html/vendor/laravel/framework/src/Illuminate/Http/Middleware/TrustProxies.php(39): Illuminate\\Pipeline\\Pipeline->Illuminate\\Pipeline\\{closure}()
#68 /home/u980949395/domains/sector71.app/public_html/vendor/laravel/framework/src/Illuminate/Pipeline/Pipeline.php(180): Illuminate\\Http\\Middleware\\TrustProxies->handle()
#69 /home/u980949395/domains/sector71.app/public_html/vendor/laravel/framework/src/Illuminate/Pipeline/Pipeline.php(116): Illuminate\\Pipeline\\Pipeline->Illuminate\\Pipeline\\{closure}()
#70 /home/u980949395/domains/sector71.app/public_html/vendor/laravel/framework/src/Illuminate/Foundation/Http/Kernel.php(165): Illuminate\\Pipeline\\Pipeline->then()
#71 /home/u980949395/domains/sector71.app/public_html/vendor/laravel/framework/src/Illuminate/Foundation/Http/Kernel.php(134): Illuminate\\Foundation\\Http\\Kernel->sendRequestThroughRouter()
#72 /home/u980949395/domains/sector71.app/public_html/public/index.php(51): Illuminate\\Foundation\\Http\\Kernel->handle()
#73 {main}

[previous exception] [object] (InvalidArgumentException(code: 0): Action Modules\\Superadmin\\Http\\Controllers\\MobileAppUsersController@index not defined. at /home/u980949395/domains/sector71.app/public_html/vendor/laravel/framework/src/Illuminate/Routing/UrlGenerator.php:510)
[stacktrace]
#0 /home/u980949395/domains/sector71.app/public_html/vendor/laravel/framework/src/Illuminate/Foundation/helpers.php(102): Illuminate\\Routing\\UrlGenerator->action()
#1 /home/u980949395/domains/sector71.app/public_html/storage/framework/views/ed7c9f7a0a1c6e7446fdf99d89e814c7e68d8a21.php(29): action()
#2 /home/u980949395/domains/sector71.app/public_html/vendor/laravel/framework/src/Illuminate/Filesystem/Filesystem.php(109): require('/home/u98094939...')
#3 /home/u980949395/domains/sector71.app/public_html/vendor/laravel/framework/src/Illuminate/Filesystem/Filesystem.php(110): Illuminate\\Filesystem\\Filesystem::Illuminate\\Filesystem\\{closure}()
#4 /home/u980949395/domains/sector71.app/public_html/vendor/laravel/framework/src/Illuminate/View/Engines/PhpEngine.php(58): Illuminate\\Filesystem\\Filesystem->getRequire()
#5 /home/u980949395/domains/sector71.app/public_html/vendor/laravel/framework/src/Illuminate/View/Engines/CompilerEngine.php(70): Illuminate\\View\\Engines\\PhpEngine->evaluatePath()
#6 /home/u980949395/domains/sector71.app/public_html/vendor/laravel/framework/src/Illuminate/View/View.php(195): Illuminate\\View\\Engines\\CompilerEngine->get()
#7 /home/u980949395/domains/sector71.app/public_html/vendor/laravel/framework/src/Illuminate/View/View.php(178): Illuminate\\View\\View->getContents()
#8 /home/u980949395/domains/sector71.app/public_html/vendor/laravel/framework/src/Illuminate/View/View.php(147): Illuminate\\View\\View->renderContents()
#9 /home/u980949395/domains/sector71.app/public_html/storage/framework/views/ff6ec41ba30253d7d788fdc2125fa4da14692d74.php(5): Illuminate\\View\\View->render()
#10 /home/u980949395/domains/sector71.app/public_html/vendor/laravel/framework/src/Illuminate/Filesystem/Filesystem.php(109): require('/home/u98094939...')
#11 /home/u980949395/domains/sector71.app/public_html/vendor/laravel/framework/src/Illuminate/Filesystem/Filesystem.php(110): Illuminate\\Filesystem\\Filesystem::Illuminate\\Filesystem\\{closure}()
#12 /home/u980949395/domains/sector71.app/public_html/vendor/laravel/framework/src/Illuminate/View/Engines/PhpEngine.php(58): Illuminate\\Filesystem\\Filesystem->getRequire()
#13 /home/u980949395/domains/sector71.app/public_html/vendor/laravel/framework/src/Illuminate/View/Engines/CompilerEngine.php(70): Illuminate\\View\\Engines\\PhpEngine->evaluatePath()
#14 /home/u980949395/domains/sector71.app/public_html/vendor/laravel/framework/src/Illuminate/View/View.php(195): Illuminate\\View\\Engines\\CompilerEngine->get()
#15 /home/u980949395/domains/sector71.app/public_html/vendor/laravel/framework/src/Illuminate/View/View.php(178): Illuminate\\View\\View->getContents()
#16 /home/u980949395/domains/sector71.app/public_html/vendor/laravel/framework/src/Illuminate/View/View.php(147): Illuminate\\View\\View->renderContents()
#17 /home/u980949395/domains/sector71.app/public_html/vendor/laravel/framework/src/Illuminate/Http/Response.php(69): Illuminate\\View\\View->render()
#18 /home/u980949395/domains/sector71.app/public_html/vendor/laravel/framework/src/Illuminate/Http/Response.php(35): Illuminate\\Http\\Response->setContent()
#19 /home/u980949395/domains/sector71.app/public_html/vendor/laravel/framework/src/Illuminate/Routing/Router.php(906): Illuminate\\Http\\Response->__construct()
#20 /home/u980949395/domains/sector71.app/public_html/vendor/laravel/framework/src/Illuminate/Routing/Router.php(875): Illuminate\\Routing\\Router::toResponse()
#21 /home/u980949395/domains/sector71.app/public_html/vendor/laravel/framework/src/Illuminate/Routing/Router.php(797): Illuminate\\Routing\\Router->prepareResponse()
#22 /home/u980949395/domains/sector71.app/public_html/vendor/laravel/framework/src/Illuminate/Pipeline/Pipeline.php(141): Illuminate\\Routing\\Router->Illuminate\\Routing\\{closure}()
#23 /home/u980949395/domains/sector71.app/public_html/app/Http/Middleware/Superadmin.php(21): Illuminate\\Pipeline\\Pipeline->Illuminate\\Pipeline\\{closure}()
#24 /home/u980949395/domains/sector71.app/public_html/vendor/laravel/framework/src/Illuminate/Pipeline/Pipeline.php(180): App\\Http\\Middleware\\Superadmin->handle()
#25 /home/u980949395/domains/sector71.app/public_html/app/Http/Middleware/AdminSidebarMenu.php(892): Illuminate\\Pipeline\\Pipeline->Illuminate\\Pipeline\\{closure}()
#26 /home/u980949395/domains/sector71.app/public_html/vendor/laravel/framework/src/Illuminate/Pipeline/Pipeline.php(180): App\\Http\\Middleware\\AdminSidebarMenu->handle()
#27 /home/u980949395/domains/sector71.app/public_html/app/Http/Middleware/Language.php(25): Illuminate\\Pipeline\\Pipeline->Illuminate\\Pipeline\\{closure}()
#28 /home/u980949395/domains/sector71.app/public_html/vendor/laravel/framework/src/Illuminate/Pipeline/Pipeline.php(180): App\\Http\\Middleware\\Language->handle()
#29 /home/u980949395/domains/sector71.app/public_html/vendor/laravel/framework/src/Illuminate/Routing/Middleware/SubstituteBindings.php(50): Illuminate\\Pipeline\\Pipeline->Illuminate\\Pipeline\\{closure}()
#30 /home/u980949395/domains/sector71.app/public_html/vendor/laravel/framework/src/Illuminate/Pipeline/Pipeline.php(180): Illuminate\\Routing\\Middleware\\SubstituteBindings->handle()
#31 /home/u980949395/domains/sector71.app/public_html/vendor/laravel/framework/src/Illuminate/Auth/Middleware/Authenticate.php(44): Illuminate\\Pipeline\\Pipeline->Illuminate\\Pipeline\\{closure}()
#32 /home/u980949395/domains/sector71.app/public_html/vendor/laravel/framework/src/Illuminate/Pipeline/Pipeline.php(180): Illuminate\\Auth\\Middleware\\Authenticate->handle()
#33 /home/u980949395/domains/sector71.app/public_html/vendor/laravel/framework/src/Illuminate/Foundation/Http/Middleware/VerifyCsrfToken.php(78): Illuminate\\Pipeline\\Pipeline->Illuminate\\Pipeline\\{closure}()
#34 /home/u980949395/domains/sector71.app/public_html/vendor/laravel/framework/src/Illuminate/Pipeline/Pipeline.php(180): Illuminate\\Foundation\\Http\\Middleware\\VerifyCsrfToken->handle()
#35 /home/u980949395/domains/sector71.app/public_html/vendor/laravel/framework/src/Illuminate/View/Middleware/ShareErrorsFromSession.php(49): Illuminate\\Pipeline\\Pipeline->Illuminate\\Pipeline\\{closure}()
#36 /home/u980949395/domains/sector71.app/public_html/vendor/laravel/framework/src/Illuminate/Pipeline/Pipeline.php(180): Illuminate\\View\\Middleware\\ShareErrorsFromSession->handle()
#37 /home/u980949395/domains/sector71.app/public_html/vendor/laravel/framework/src/Illuminate/Session/Middleware/StartSession.php(121): Illuminate\\Pipeline\\Pipeline->Illuminate\\Pipeline\\{closure}()
#38 /home/u980949395/domains/sector71.app/public_html/vendor/laravel/framework/src/Illuminate/Session/Middleware/StartSession.php(64): Illuminate\\Session\\Middleware\\StartSession->handleStatefulRequest()
#39 /home/u980949395/domains/sector71.app/public_html/vendor/laravel/framework/src/Illuminate/Pipeline/Pipeline.php(180): Illuminate\\Session\\Middleware\\StartSession->handle()
#40 /home/u980949395/domains/sector71.app/public_html/vendor/laravel/framework/src/Illuminate/Cookie/Middleware/AddQueuedCookiesToResponse.php(37): Illuminate\\Pipeline\\Pipeline->Illuminate\\Pipeline\\{closure}()
#41 /home/u980949395/domains/sector71.app/public_html/vendor/laravel/framework/src/Illuminate/Pipeline/Pipeline.php(180): Illuminate\\Cookie\\Middleware\\AddQueuedCookiesToResponse->handle()
#42 /home/u980949395/domains/sector71.app/public_html/vendor/laravel/framework/src/Illuminate/Cookie/Middleware/EncryptCookies.php(67): Illuminate\\Pipeline\\Pipeline->Illuminate\\Pipeline\\{closure}()
#43 /home/u980949395/domains/sector71.app/public_html/vendor/laravel/framework/src/Illuminate/Pipeline/Pipeline.php(180): Illuminate\\Cookie\\Middleware\\EncryptCookies->handle()
#44 /home/u980949395/domains/sector71.app/public_html/vendor/laravel/framework/src/Illuminate/Pipeline/Pipeline.php(116): Illuminate\\Pipeline\\Pipeline->Illuminate\\Pipeline\\{closure}()
#45 /home/u980949395/domains/sector71.app/public_html/vendor/laravel/framework/src/Illuminate/Routing/Router.php(797): Illuminate\\Pipeline\\Pipeline->then()
#46 /home/u980949395/domains/sector71.app/public_html/vendor/laravel/framework/src/Illuminate/Routing/Router.php(776): Illuminate\\Routing\\Router->runRouteWithinStack()
#47 /home/u980949395/domains/sector71.app/public_html/vendor/laravel/framework/src/Illuminate/Routing/Router.php(740): Illuminate\\Routing\\Router->runRoute()
#48 /home/u980949395/domains/sector71.app/public_html/vendor/laravel/framework/src/Illuminate/Routing/Router.php(729): Illuminate\\Routing\\Router->dispatchToRoute()
#49 /home/u980949395/domains/sector71.app/public_html/vendor/laravel/framework/src/Illuminate/Foundation/Http/Kernel.php(190): Illuminate\\Routing\\Router->dispatch()
#50 /home/u980949395/domains/sector71.app/public_html/vendor/laravel/framework/src/Illuminate/Pipeline/Pipeline.php(141): Illuminate\\Foundation\\Http\\Kernel->Illuminate\\Foundation\\Http\\{closure}()
#51 /home/u980949395/domains/sector71.app/public_html/vendor/barryvdh/laravel-debugbar/src/Middleware/InjectDebugbar.php(59): Illuminate\\Pipeline\\Pipeline->Illuminate\\Pipeline\\{closure}()
#52 /home/u980949395/domains/sector71.app/public_html/vendor/laravel/framework/src/Illuminate/Pipeline/Pipeline.php(180): Barryvdh\\Debugbar\\Middleware\\InjectDebugbar->handle()
#53 /home/u980949395/domains/sector71.app/public_html/vendor/laravel/framework/src/Illuminate/Foundation/Http/Middleware/TransformsRequest.php(21): Illuminate\\Pipeline\\Pipeline->Illuminate\\Pipeline\\{closure}()
#54 /home/u980949395/domains/sector71.app/public_html/vendor/laravel/framework/src/Illuminate/Foundation/Http/Middleware/ConvertEmptyStringsToNull.php(31): Illuminate\\Foundation\\Http\\Middleware\\TransformsRequest->handle()
#55 /home/u980949395/domains/sector71.app/public_html/vendor/laravel/framework/src/Illuminate/Pipeline/Pipeline.php(180): Illuminate\\Foundation\\Http\\Middleware\\ConvertEmptyStringsToNull->handle()
#56 /home/u980949395/domains/sector71.app/public_html/vendor/laravel/framework/src/Illuminate/Foundation/Http/Middleware/TransformsRequest.php(21): Illuminate\\Pipeline\\Pipeline->Illuminate\\Pipeline\\{closure}()
#57 /home/u980949395/domains/sector71.app/public_html/vendor/laravel/framework/src/Illuminate/Foundation/Http/Middleware/TrimStrings.php(40): Illuminate\\Foundation\\Http\\Middleware\\TransformsRequest->handle()
#58 /home/u980949395/domains/sector71.app/public_html/vendor/laravel/framework/src/Illuminate/Pipeline/Pipeline.php(180): Illuminate\\Foundation\\Http\\Middleware\\TrimStrings->handle()
#59 /home/u980949395/domains/sector71.app/public_html/vendor/laravel/framework/src/Illuminate/Foundation/Http/Middleware/ValidatePostSize.php(27): Illuminate\\Pipeline\\Pipeline->Illuminate\\Pipeline\\{closure}()
#60 /home/u980949395/domains/sector71.app/public_html/vendor/laravel/framework/src/Illuminate/Pipeline/Pipeline.php(180): Illuminate\\Foundation\\Http\\Middleware\\ValidatePostSize->handle()
#61 /home/u980949395/domains/sector71.app/public_html/vendor/laravel/framework/src/Illuminate/Foundation/Http/Middleware/PreventRequestsDuringMaintenance.php(86): Illuminate\\Pipeline\\Pipeline->Illuminate\\Pipeline\\{closure}()
#62 /home/u980949395/domains/sector71.app/public_html/vendor/laravel/framework/src/Illuminate/Pipeline/Pipeline.php(180): Illuminate\\Foundation\\Http\\Middleware\\PreventRequestsDuringMaintenance->handle()
#63 /home/u980949395/domains/sector71.app/public_html/vendor/laravel/framework/src/Illuminate/Http/Middleware/HandleCors.php(49): Illuminate\\Pipeline\\Pipeline->Illuminate\\Pipeline\\{closure}()
#64 /home/u980949395/domains/sector71.app/public_html/vendor/laravel/framework/src/Illuminate/Pipeline/Pipeline.php(180): Illuminate\\Http\\Middleware\\HandleCors->handle()
#65 /home/u980949395/domains/sector71.app/public_html/app/Http/Middleware/SecurityHeaders.php(12): Illuminate\\Pipeline\\Pipeline->Illuminate\\Pipeline\\{closure}()
#66 /home/u980949395/domains/sector71.app/public_html/vendor/laravel/framework/src/Illuminate/Pipeline/Pipeline.php(180): App\\Http\\Middleware\\SecurityHeaders->handle()
#67 /home/u980949395/domains/sector71.app/public_html/vendor/laravel/framework/src/Illuminate/Http/Middleware/TrustProxies.php(39): Illuminate\\Pipeline\\Pipeline->Illuminate\\Pipeline\\{closure}()
#68 /home/u980949395/domains/sector71.app/public_html/vendor/laravel/framework/src/Illuminate/Pipeline/Pipeline.php(180): Illuminate\\Http\\Middleware\\TrustProxies->handle()
#69 /home/u980949395/domains/sector71.app/public_html/vendor/laravel/framework/src/Illuminate/Pipeline/Pipeline.php(116): Illuminate\\Pipeline\\Pipeline->Illuminate\\Pipeline\\{closure}()
#70 /home/u980949395/domains/sector71.app/public_html/vendor/laravel/framework/src/Illuminate/Foundation/Http/Kernel.php(165): Illuminate\\Pipeline\\Pipeline->then()
#71 /home/u980949395/domains/sector71.app/public_html/vendor/laravel/framework/src/Illuminate/Foundation/Http/Kernel.php(134): Illuminate\\Foundation\\Http\\Kernel->sendRequestThroughRouter()
#72 /home/u980949395/domains/sector71.app/public_html/public/index.php(51): Illuminate\\Foundation\\Http\\Kernel->handle()
#73 {main}
"} 
[2026-04-29 22:59:27] live.ERROR: Action Modules\Superadmin\Http\Controllers\MobileAppUsersController@index not defined. {"view":{"view":"/home/u980949395/domains/sector71.app/public_html/Modules/Superadmin/Resources/views/layouts/nav.blade.php","data":[]},"userId":1,"exception":"[object] (Spatie\\LaravelIgnition\\Exceptions\\ViewException(code: 0): Action Modules\\Superadmin\\Http\\Controllers\\MobileAppUsersController@index not defined. at /home/u980949395/domains/sector71.app/public_html/vendor/laravel/framework/src/Illuminate/Routing/UrlGenerator.php:510)
[stacktrace]
#0 /home/u980949395/domains/sector71.app/public_html/vendor/laravel/framework/src/Illuminate/Foundation/helpers.php(102): Illuminate\\Routing\\UrlGenerator->action()
#1 /home/u980949395/domains/sector71.app/public_html/Modules/Superadmin/Resources/views/layouts/nav.blade.php(29): action()
#2 /home/u980949395/domains/sector71.app/public_html/vendor/laravel/framework/src/Illuminate/Filesystem/Filesystem.php(109): require('/home/u98094939...')
#3 /home/u980949395/domains/sector71.app/public_html/vendor/laravel/framework/src/Illuminate/Filesystem/Filesystem.php(110): Illuminate\\Filesystem\\Filesystem::Illuminate\\Filesystem\\{closure}()
#4 /home/u980949395/domains/sector71.app/public_html/vendor/laravel/framework/src/Illuminate/View/Engines/PhpEngine.php(58): Illuminate\\Filesystem\\Filesystem->getRequire()
#5 /home/u980949395/domains/sector71.app/public_html/vendor/laravel/framework/src/Illuminate/View/Engines/CompilerEngine.php(70): Illuminate\\View\\Engines\\PhpEngine->evaluatePath()
#6 /home/u980949395/domains/sector71.app/public_html/vendor/laravel/framework/src/Illuminate/View/View.php(195): Illuminate\\View\\Engines\\CompilerEngine->get()
#7 /home/u980949395/domains/sector71.app/public_html/vendor/laravel/framework/src/Illuminate/View/View.php(178): Illuminate\\View\\View->getContents()
#8 /home/u980949395/domains/sector71.app/public_html/vendor/laravel/framework/src/Illuminate/View/View.php(147): Illuminate\\View\\View->renderContents()
#9 /home/u980949395/domains/sector71.app/public_html/Modules/Superadmin/Resources/views/superadmin_settings/edit.blade.php(5): Illuminate\\View\\View->render()
#10 /home/u980949395/domains/sector71.app/public_html/vendor/laravel/framework/src/Illuminate/Filesystem/Filesystem.php(109): require('/home/u98094939...')
#11 /home/u980949395/domains/sector71.app/public_html/vendor/laravel/framework/src/Illuminate/Filesystem/Filesystem.php(110): Illuminate\\Filesystem\\Filesystem::Illuminate\\Filesystem\\{closure}()
#12 /home/u980949395/domains/sector71.app/public_html/vendor/laravel/framework/src/Illuminate/View/Engines/PhpEngine.php(58): Illuminate\\Filesystem\\Filesystem->getRequire()
#13 /home/u980949395/domains/sector71.app/public_html/vendor/laravel/framework/src/Illuminate/View/Engines/CompilerEngine.php(70): Illuminate\\View\\Engines\\PhpEngine->evaluatePath()
#14 /home/u980949395/domains/sector71.app/public_html/vendor/laravel/framework/src/Illuminate/View/View.php(195): Illuminate\\View\\Engines\\CompilerEngine->get()
#15 /home/u980949395/domains/sector71.app/public_html/vendor/laravel/framework/src/Illuminate/View/View.php(178): Illuminate\\View\\View->getContents()
#16 /home/u980949395/domains/sector71.app/public_html/vendor/laravel/framework/src/Illuminate/View/View.php(147): Illuminate\\View\\View->renderContents()
#17 /home/u980949395/domains/sector71.app/public_html/vendor/laravel/framework/src/Illuminate/Http/Response.php(69): Illuminate\\View\\View->render()
#18 /home/u980949395/domains/sector71.app/public_html/vendor/laravel/framework/src/Illuminate/Http/Response.php(35): Illuminate\\Http\\Response->setContent()
#19 /home/u980949395/domains/sector71.app/public_html/vendor/laravel/framework/src/Illuminate/Routing/Router.php(906): Illuminate\\Http\\Response->__construct()
#20 /home/u980949395/domains/sector71.app/public_html/vendor/laravel/framework/src/Illuminate/Routing/Router.php(875): Illuminate\\Routing\\Router::toResponse()
#21 /home/u980949395/domains/sector71.app/public_html/vendor/laravel/framework/src/Illuminate/Routing/Router.php(797): Illuminate\\Routing\\Router->prepareResponse()
#22 /home/u980949395/domains/sector71.app/public_html/vendor/laravel/framework/src/Illuminate/Pipeline/Pipeline.php(141): Illuminate\\Routing\\Router->Illuminate\\Routing\\{closure}()
#23 /home/u980949395/domains/sector71.app/public_html/app/Http/Middleware/Superadmin.php(21): Illuminate\\Pipeline\\Pipeline->Illuminate\\Pipeline\\{closure}()
#24 /home/u980949395/domains/sector71.app/public_html/vendor/laravel/framework/src/Illuminate/Pipeline/Pipeline.php(180): App\\Http\\Middleware\\Superadmin->handle()
#25 /home/u980949395/domains/sector71.app/public_html/app/Http/Middleware/AdminSidebarMenu.php(892): Illuminate\\Pipeline\\Pipeline->Illuminate\\Pipeline\\{closure}()
#26 /home/u980949395/domains/sector71.app/public_html/vendor/laravel/framework/src/Illuminate/Pipeline/Pipeline.php(180): App\\Http\\Middleware\\AdminSidebarMenu->handle()
#27 /home/u980949395/domains/sector71.app/public_html/app/Http/Middleware/Language.php(25): Illuminate\\Pipeline\\Pipeline->Illuminate\\Pipeline\\{closure}()
#28 /home/u980949395/domains/sector71.app/public_html/vendor/laravel/framework/src/Illuminate/Pipeline/Pipeline.php(180): App\\Http\\Middleware\\Language->handle()
#29 /home/u980949395/domains/sector71.app/public_html/vendor/laravel/framework/src/Illuminate/Routing/Middleware/SubstituteBindings.php(50): Illuminate\\Pipeline\\Pipeline->Illuminate\\Pipeline\\{closure}()
#30 /home/u980949395/domains/sector71.app/public_html/vendor/laravel/framework/src/Illuminate/Pipeline/Pipeline.php(180): Illuminate\\Routing\\Middleware\\SubstituteBindings->handle()
#31 /home/u980949395/domains/sector71.app/public_html/vendor/laravel/framework/src/Illuminate/Auth/Middleware/Authenticate.php(44): Illuminate\\Pipeline\\Pipeline->Illuminate\\Pipeline\\{closure}()
#32 /home/u980949395/domains/sector71.app/public_html/vendor/laravel/framework/src/Illuminate/Pipeline/Pipeline.php(180): Illuminate\\Auth\\Middleware\\Authenticate->handle()
#33 /home/u980949395/domains/sector71.app/public_html/vendor/laravel/framework/src/Illuminate/Foundation/Http/Middleware/VerifyCsrfToken.php(78): Illuminate\\Pipeline\\Pipeline->Illuminate\\Pipeline\\{closure}()
#34 /home/u980949395/domains/sector71.app/public_html/vendor/laravel/framework/src/Illuminate/Pipeline/Pipeline.php(180): Illuminate\\Foundation\\Http\\Middleware\\VerifyCsrfToken->handle()
#35 /home/u980949395/domains/sector71.app/public_html/vendor/laravel/framework/src/Illuminate/View/Middleware/ShareErrorsFromSession.php(49): Illuminate\\Pipeline\\Pipeline->Illuminate\\Pipeline\\{closure}()
#36 /home/u980949395/domains/sector71.app/public_html/vendor/laravel/framework/src/Illuminate/Pipeline/Pipeline.php(180): Illuminate\\View\\Middleware\\ShareErrorsFromSession->handle()
#37 /home/u980949395/domains/sector71.app/public_html/vendor/laravel/framework/src/Illuminate/Session/Middleware/StartSession.php(121): Illuminate\\Pipeline\\Pipeline->Illuminate\\Pipeline\\{closure}()
#38 /home/u980949395/domains/sector71.app/public_html/vendor/laravel/framework/src/Illuminate/Session/Middleware/StartSession.php(64): Illuminate\\Session\\Middleware\\StartSession->handleStatefulRequest()
#39 /home/u980949395/domains/sector71.app/public_html/vendor/laravel/framework/src/Illuminate/Pipeline/Pipeline.php(180): Illuminate\\Session\\Middleware\\StartSession->handle()
#40 /home/u980949395/domains/sector71.app/public_html/vendor/laravel/framework/src/Illuminate/Cookie/Middleware/AddQueuedCookiesToResponse.php(37): Illuminate\\Pipeline\\Pipeline->Illuminate\\Pipeline\\{closure}()
#41 /home/u980949395/domains/sector71.app/public_html/vendor/laravel/framework/src/Illuminate/Pipeline/Pipeline.php(180): Illuminate\\Cookie\\Middleware\\AddQueuedCookiesToResponse->handle()
#42 /home/u980949395/domains/sector71.app/public_html/vendor/laravel/framework/src/Illuminate/Cookie/Middleware/EncryptCookies.php(67): Illuminate\\Pipeline\\Pipeline->Illuminate\\Pipeline\\{closure}()
#43 /home/u980949395/domains/sector71.app/public_html/vendor/laravel/framework/src/Illuminate/Pipeline/Pipeline.php(180): Illuminate\\Cookie\\Middleware\\EncryptCookies->handle()
#44 /home/u980949395/domains/sector71.app/public_html/vendor/laravel/framework/src/Illuminate/Pipeline/Pipeline.php(116): Illuminate\\Pipeline\\Pipeline->Illuminate\\Pipeline\\{closure}()
#45 /home/u980949395/domains/sector71.app/public_html/vendor/laravel/framework/src/Illuminate/Routing/Router.php(797): Illuminate\\Pipeline\\Pipeline->then()
#46 /home/u980949395/domains/sector71.app/public_html/vendor/laravel/framework/src/Illuminate/Routing/Router.php(776): Illuminate\\Routing\\Router->runRouteWithinStack()
#47 /home/u980949395/domains/sector71.app/public_html/vendor/laravel/framework/src/Illuminate/Routing/Router.php(740): Illuminate\\Routing\\Router->runRoute()
#48 /home/u980949395/domains/sector71.app/public_html/vendor/laravel/framework/src/Illuminate/Routing/Router.php(729): Illuminate\\Routing\\Router->dispatchToRoute()
#49 /home/u980949395/domains/sector71.app/public_html/vendor/laravel/framework/src/Illuminate/Foundation/Http/Kernel.php(190): Illuminate\\Routing\\Router->dispatch()
#50 /home/u980949395/domains/sector71.app/public_html/vendor/laravel/framework/src/Illuminate/Pipeline/Pipeline.php(141): Illuminate\\Foundation\\Http\\Kernel->Illuminate\\Foundation\\Http\\{closure}()
#51 /home/u980949395/domains/sector71.app/public_html/vendor/barryvdh/laravel-debugbar/src/Middleware/InjectDebugbar.php(59): Illuminate\\Pipeline\\Pipeline->Illuminate\\Pipeline\\{closure}()
#52 /home/u980949395/domains/sector71.app/public_html/vendor/laravel/framework/src/Illuminate/Pipeline/Pipeline.php(180): Barryvdh\\Debugbar\\Middleware\\InjectDebugbar->handle()
#53 /home/u980949395/domains/sector71.app/public_html/vendor/laravel/framework/src/Illuminate/Foundation/Http/Middleware/TransformsRequest.php(21): Illuminate\\Pipeline\\Pipeline->Illuminate\\Pipeline\\{closure}()
#54 /home/u980949395/domains/sector71.app/public_html/vendor/laravel/framework/src/Illuminate/Foundation/Http/Middleware/ConvertEmptyStringsToNull.php(31): Illuminate\\Foundation\\Http\\Middleware\\TransformsRequest->handle()
#55 /home/u980949395/domains/sector71.app/public_html/vendor/laravel/framework/src/Illuminate/Pipeline/Pipeline.php(180): Illuminate\\Foundation\\Http\\Middleware\\ConvertEmptyStringsToNull->handle()
#56 /home/u980949395/domains/sector71.app/public_html/vendor/laravel/framework/src/Illuminate/Foundation/Http/Middleware/TransformsRequest.php(21): Illuminate\\Pipeline\\Pipeline->Illuminate\\Pipeline\\{closure}()
#57 /home/u980949395/domains/sector71.app/public_html/vendor/laravel/framework/src/Illuminate/Foundation/Http/Middleware/TrimStrings.php(40): Illuminate\\Foundation\\Http\\Middleware\\TransformsRequest->handle()
#58 /home/u980949395/domains/sector71.app/public_html/vendor/laravel/framework/src/Illuminate/Pipeline/Pipeline.php(180): Illuminate\\Foundation\\Http\\Middleware\\TrimStrings->handle()
#59 /home/u980949395/domains/sector71.app/public_html/vendor/laravel/framework/src/Illuminate/Foundation/Http/Middleware/ValidatePostSize.php(27): Illuminate\\Pipeline\\Pipeline->Illuminate\\Pipeline\\{closure}()
#60 /home/u980949395/domains/sector71.app/public_html/vendor/laravel/framework/src/Illuminate/Pipeline/Pipeline.php(180): Illuminate\\Foundation\\Http\\Middleware\\ValidatePostSize->handle()
#61 /home/u980949395/domains/sector71.app/public_html/vendor/laravel/framework/src/Illuminate/Foundation/Http/Middleware/PreventRequestsDuringMaintenance.php(86): Illuminate\\Pipeline\\Pipeline->Illuminate\\Pipeline\\{closure}()
#62 /home/u980949395/domains/sector71.app/public_html/vendor/laravel/framework/src/Illuminate/Pipeline/Pipeline.php(180): Illuminate\\Foundation\\Http\\Middleware\\PreventRequestsDuringMaintenance->handle()
#63 /home/u980949395/domains/sector71.app/public_html/vendor/laravel/framework/src/Illuminate/Http/Middleware/HandleCors.php(49): Illuminate\\Pipeline\\Pipeline->Illuminate\\Pipeline\\{closure}()
#64 /home/u980949395/domains/sector71.app/public_html/vendor/laravel/framework/src/Illuminate/Pipeline/Pipeline.php(180): Illuminate\\Http\\Middleware\\HandleCors->handle()
#65 /home/u980949395/domains/sector71.app/public_html/app/Http/Middleware/SecurityHeaders.php(12): Illuminate\\Pipeline\\Pipeline->Illuminate\\Pipeline\\{closure}()
#66 /home/u980949395/domains/sector71.app/public_html/vendor/laravel/framework/src/Illuminate/Pipeline/Pipeline.php(180): App\\Http\\Middleware\\SecurityHeaders->handle()
#67 /home/u980949395/domains/sector71.app/public_html/vendor/laravel/framework/src/Illuminate/Http/Middleware/TrustProxies.php(39): Illuminate\\Pipeline\\Pipeline->Illuminate\\Pipeline\\{closure}()
#68 /home/u980949395/domains/sector71.app/public_html/vendor/laravel/framework/src/Illuminate/Pipeline/Pipeline.php(180): Illuminate\\Http\\Middleware\\TrustProxies->handle()
#69 /home/u980949395/domains/sector71.app/public_html/vendor/laravel/framework/src/Illuminate/Pipeline/Pipeline.php(116): Illuminate\\Pipeline\\Pipeline->Illuminate\\Pipeline\\{closure}()
#70 /home/u980949395/domains/sector71.app/public_html/vendor/laravel/framework/src/Illuminate/Foundation/Http/Kernel.php(165): Illuminate\\Pipeline\\Pipeline->then()
#71 /home/u980949395/domains/sector71.app/public_html/vendor/laravel/framework/src/Illuminate/Foundation/Http/Kernel.php(134): Illuminate\\Foundation\\Http\\Kernel->sendRequestThroughRouter()
#72 /home/u980949395/domains/sector71.app/public_html/public/index.php(51): Illuminate\\Foundation\\Http\\Kernel->handle()
#73 {main}

[previous exception] [object] (InvalidArgumentException(code: 0): Action Modules\\Superadmin\\Http\\Controllers\\MobileAppUsersController@index not defined. at /home/u980949395/domains/sector71.app/public_html/vendor/laravel/framework/src/Illuminate/Routing/UrlGenerator.php:510)
[stacktrace]
#0 /home/u980949395/domains/sector71.app/public_html/vendor/laravel/framework/src/Illuminate/Foundation/helpers.php(102): Illuminate\\Routing\\UrlGenerator->action()
#1 /home/u980949395/domains/sector71.app/public_html/storage/framework/views/ed7c9f7a0a1c6e7446fdf99d89e814c7e68d8a21.php(29): action()
#2 /home/u980949395/domains/sector71.app/public_html/vendor/laravel/framework/src/Illuminate/Filesystem/Filesystem.php(109): require('/home/u98094939...')
#3 /home/u980949395/domains/sector71.app/public_html/vendor/laravel/framework/src/Illuminate/Filesystem/Filesystem.php(110): Illuminate\\Filesystem\\Filesystem::Illuminate\\Filesystem\\{closure}()
#4 /home/u980949395/domains/sector71.app/public_html/vendor/laravel/framework/src/Illuminate/View/Engines/PhpEngine.php(58): Illuminate\\Filesystem\\Filesystem->getRequire()
#5 /home/u980949395/domains/sector71.app/public_html/vendor/laravel/framework/src/Illuminate/View/Engines/CompilerEngine.php(70): Illuminate\\View\\Engines\\PhpEngine->evaluatePath()
#6 /home/u980949395/domains/sector71.app/public_html/vendor/laravel/framework/src/Illuminate/View/View.php(195): Illuminate\\View\\Engines\\CompilerEngine->get()
#7 /home/u980949395/domains/sector71.app/public_html/vendor/laravel/framework/src/Illuminate/View/View.php(178): Illuminate\\View\\View->getContents()
#8 /home/u980949395/domains/sector71.app/public_html/vendor/laravel/framework/src/Illuminate/View/View.php(147): Illuminate\\View\\View->renderContents()
#9 /home/u980949395/domains/sector71.app/public_html/storage/framework/views/ff6ec41ba30253d7d788fdc2125fa4da14692d74.php(5): Illuminate\\View\\View->render()
#10 /home/u980949395/domains/sector71.app/public_html/vendor/laravel/framework/src/Illuminate/Filesystem/Filesystem.php(109): require('/home/u98094939...')
#11 /home/u980949395/domains/sector71.app/public_html/vendor/laravel/framework/src/Illuminate/Filesystem/Filesystem.php(110): Illuminate\\Filesystem\\Filesystem::Illuminate\\Filesystem\\{closure}()
#12 /home/u980949395/domains/sector71.app/public_html/vendor/laravel/framework/src/Illuminate/View/Engines/PhpEngine.php(58): Illuminate\\Filesystem\\Filesystem->getRequire()
#13 /home/u980949395/domains/sector71.app/public_html/vendor/laravel/framework/src/Illuminate/View/Engines/CompilerEngine.php(70): Illuminate\\View\\Engines\\PhpEngine->evaluatePath()
#14 /home/u980949395/domains/sector71.app/public_html/vendor/laravel/framework/src/Illuminate/View/View.php(195): Illuminate\\View\\Engines\\CompilerEngine->get()
#15 /home/u980949395/domains/sector71.app/public_html/vendor/laravel/framework/src/Illuminate/View/View.php(178): Illuminate\\View\\View->getContents()
#16 /home/u980949395/domains/sector71.app/public_html/vendor/laravel/framework/src/Illuminate/View/View.php(147): Illuminate\\View\\View->renderContents()
#17 /home/u980949395/domains/sector71.app/public_html/vendor/laravel/framework/src/Illuminate/Http/Response.php(69): Illuminate\\View\\View->render()
#18 /home/u980949395/domains/sector71.app/public_html/vendor/laravel/framework/src/Illuminate/Http/Response.php(35): Illuminate\\Http\\Response->setContent()
#19 /home/u980949395/domains/sector71.app/public_html/vendor/laravel/framework/src/Illuminate/Routing/Router.php(906): Illuminate\\Http\\Response->__construct()
#20 /home/u980949395/domains/sector71.app/public_html/vendor/laravel/framework/src/Illuminate/Routing/Router.php(875): Illuminate\\Routing\\Router::toResponse()
#21 /home/u980949395/domains/sector71.app/public_html/vendor/laravel/framework/src/Illuminate/Routing/Router.php(797): Illuminate\\Routing\\Router->prepareResponse()
#22 /home/u980949395/domains/sector71.app/public_html/vendor/laravel/framework/src/Illuminate/Pipeline/Pipeline.php(141): Illuminate\\Routing\\Router->Illuminate\\Routing\\{closure}()
#23 /home/u980949395/domains/sector71.app/public_html/app/Http/Middleware/Superadmin.php(21): Illuminate\\Pipeline\\Pipeline->Illuminate\\Pipeline\\{closure}()
#24 /home/u980949395/domains/sector71.app/public_html/vendor/laravel/framework/src/Illuminate/Pipeline/Pipeline.php(180): App\\Http\\Middleware\\Superadmin->handle()
#25 /home/u980949395/domains/sector71.app/public_html/app/Http/Middleware/AdminSidebarMenu.php(892): Illuminate\\Pipeline\\Pipeline->Illuminate\\Pipeline\\{closure}()
#26 /home/u980949395/domains/sector71.app/public_html/vendor/laravel/framework/src/Illuminate/Pipeline/Pipeline.php(180): App\\Http\\Middleware\\AdminSidebarMenu->handle()
#27 /home/u980949395/domains/sector71.app/public_html/app/Http/Middleware/Language.php(25): Illuminate\\Pipeline\\Pipeline->Illuminate\\Pipeline\\{closure}()
#28 /home/u980949395/domains/sector71.app/public_html/vendor/laravel/framework/src/Illuminate/Pipeline/Pipeline.php(180): App\\Http\\Middleware\\Language->handle()
#29 /home/u980949395/domains/sector71.app/public_html/vendor/laravel/framework/src/Illuminate/Routing/Middleware/SubstituteBindings.php(50): Illuminate\\Pipeline\\Pipeline->Illuminate\\Pipeline\\{closure}()
#30 /home/u980949395/domains/sector71.app/public_html/vendor/laravel/framework/src/Illuminate/Pipeline/Pipeline.php(180): Illuminate\\Routing\\Middleware\\SubstituteBindings->handle()
#31 /home/u980949395/domains/sector71.app/public_html/vendor/laravel/framework/src/Illuminate/Auth/Middleware/Authenticate.php(44): Illuminate\\Pipeline\\Pipeline->Illuminate\\Pipeline\\{closure}()
#32 /home/u980949395/domains/sector71.app/public_html/vendor/laravel/framework/src/Illuminate/Pipeline/Pipeline.php(180): Illuminate\\Auth\\Middleware\\Authenticate->handle()
#33 /home/u980949395/domains/sector71.app/public_html/vendor/laravel/framework/src/Illuminate/Foundation/Http/Middleware/VerifyCsrfToken.php(78): Illuminate\\Pipeline\\Pipeline->Illuminate\\Pipeline\\{closure}()
#34 /home/u980949395/domains/sector71.app/public_html/vendor/laravel/framework/src/Illuminate/Pipeline/Pipeline.php(180): Illuminate\\Foundation\\Http\\Middleware\\VerifyCsrfToken->handle()
#35 /home/u980949395/domains/sector71.app/public_html/vendor/laravel/framework/src/Illuminate/View/Middleware/ShareErrorsFromSession.php(49): Illuminate\\Pipeline\\Pipeline->Illuminate\\Pipeline\\{closure}()
#36 /home/u980949395/domains/sector71.app/public_html/vendor/laravel/framework/src/Illuminate/Pipeline/Pipeline.php(180): Illuminate\\View\\Middleware\\ShareErrorsFromSession->handle()
#37 /home/u980949395/domains/sector71.app/public_html/vendor/laravel/framework/src/Illuminate/Session/Middleware/StartSession.php(121): Illuminate\\Pipeline\\Pipeline->Illuminate\\Pipeline\\{closure}()
#38 /home/u980949395/domains/sector71.app/public_html/vendor/laravel/framework/src/Illuminate/Session/Middleware/StartSession.php(64): Illuminate\\Session\\Middleware\\StartSession->handleStatefulRequest()
#39 /home/u980949395/domains/sector71.app/public_html/vendor/laravel/framework/src/Illuminate/Pipeline/Pipeline.php(180): Illuminate\\Session\\Middleware\\StartSession->handle()
#40 /home/u980949395/domains/sector71.app/public_html/vendor/laravel/framework/src/Illuminate/Cookie/Middleware/AddQueuedCookiesToResponse.php(37): Illuminate\\Pipeline\\Pipeline->Illuminate\\Pipeline\\{closure}()
#41 /home/u980949395/domains/sector71.app/public_html/vendor/laravel/framework/src/Illuminate/Pipeline/Pipeline.php(180): Illuminate\\Cookie\\Middleware\\AddQueuedCookiesToResponse->handle()
#42 /home/u980949395/domains/sector71.app/public_html/vendor/laravel/framework/src/Illuminate/Cookie/Middleware/EncryptCookies.php(67): Illuminate\\Pipeline\\Pipeline->Illuminate\\Pipeline\\{closure}()
#43 /home/u980949395/domains/sector71.app/public_html/vendor/laravel/framework/src/Illuminate/Pipeline/Pipeline.php(180): Illuminate\\Cookie\\Middleware\\EncryptCookies->handle()
#44 /home/u980949395/domains/sector71.app/public_html/vendor/laravel/framework/src/Illuminate/Pipeline/Pipeline.php(116): Illuminate\\Pipeline\\Pipeline->Illuminate\\Pipeline\\{closure}()
#45 /home/u980949395/domains/sector71.app/public_html/vendor/laravel/framework/src/Illuminate/Routing/Router.php(797): Illuminate\\Pipeline\\Pipeline->then()
#46 /home/u980949395/domains/sector71.app/public_html/vendor/laravel/framework/src/Illuminate/Routing/Router.php(776): Illuminate\\Routing\\Router->runRouteWithinStack()
#47 /home/u980949395/domains/sector71.app/public_html/vendor/laravel/framework/src/Illuminate/Routing/Router.php(740): Illuminate\\Routing\\Router->runRoute()
#48 /home/u980949395/domains/sector71.app/public_html/vendor/laravel/framework/src/Illuminate/Routing/Router.php(729): Illuminate\\Routing\\Router->dispatchToRoute()
#49 /home/u980949395/domains/sector71.app/public_html/vendor/laravel/framework/src/Illuminate/Foundation/Http/Kernel.php(190): Illuminate\\Routing\\Router->dispatch()
#50 /home/u980949395/domains/sector71.app/public_html/vendor/laravel/framework/src/Illuminate/Pipeline/Pipeline.php(141): Illuminate\\Foundation\\Http\\Kernel->Illuminate\\Foundation\\Http\\{closure}()
#51 /home/u980949395/domains/sector71.app/public_html/vendor/barryvdh/laravel-debugbar/src/Middleware/InjectDebugbar.php(59): Illuminate\\Pipeline\\Pipeline->Illuminate\\Pipeline\\{closure}()
#52 /home/u980949395/domains/sector71.app/public_html/vendor/laravel/framework/src/Illuminate/Pipeline/Pipeline.php(180): Barryvdh\\Debugbar\\Middleware\\InjectDebugbar->handle()
#53 /home/u980949395/domains/sector71.app/public_html/vendor/laravel/framework/src/Illuminate/Foundation/Http/Middleware/TransformsRequest.php(21): Illuminate\\Pipeline\\Pipeline->Illuminate\\Pipeline\\{closure}()
#54 /home/u980949395/domains/sector71.app/public_html/vendor/laravel/framework/src/Illuminate/Foundation/Http/Middleware/ConvertEmptyStringsToNull.php(31): Illuminate\\Foundation\\Http\\Middleware\\TransformsRequest->handle()
#55 /home/u980949395/domains/sector71.app/public_html/vendor/laravel/framework/src/Illuminate/Pipeline/Pipeline.php(180): Illuminate\\Foundation\\Http\\Middleware\\ConvertEmptyStringsToNull->handle()
#56 /home/u980949395/domains/sector71.app/public_html/vendor/laravel/framework/src/Illuminate/Foundation/Http/Middleware/TransformsRequest.php(21): Illuminate\\Pipeline\\Pipeline->Illuminate\\Pipeline\\{closure}()
#57 /home/u980949395/domains/sector71.app/public_html/vendor/laravel/framework/src/Illuminate/Foundation/Http/Middleware/TrimStrings.php(40): Illuminate\\Foundation\\Http\\Middleware\\TransformsRequest->handle()
#58 /home/u980949395/domains/sector71.app/public_html/vendor/laravel/framework/src/Illuminate/Pipeline/Pipeline.php(180): Illuminate\\Foundation\\Http\\Middleware\\TrimStrings->handle()
#59 /home/u980949395/domains/sector71.app/public_html/vendor/laravel/framework/src/Illuminate/Foundation/Http/Middleware/ValidatePostSize.php(27): Illuminate\\Pipeline\\Pipeline->Illuminate\\Pipeline\\{closure}()
#60 /home/u980949395/domains/sector71.app/public_html/vendor/laravel/framework/src/Illuminate/Pipeline/Pipeline.php(180): Illuminate\\Foundation\\Http\\Middleware\\ValidatePostSize->handle()
#61 /home/u980949395/domains/sector71.app/public_html/vendor/laravel/framework/src/Illuminate/Foundation/Http/Middleware/PreventRequestsDuringMaintenance.php(86): Illuminate\\Pipeline\\Pipeline->Illuminate\\Pipeline\\{closure}()
#62 /home/u980949395/domains/sector71.app/public_html/vendor/laravel/framework/src/Illuminate/Pipeline/Pipeline.php(180): Illuminate\\Foundation\\Http\\Middleware\\PreventRequestsDuringMaintenance->handle()
#63 /home/u980949395/domains/sector71.app/public_html/vendor/laravel/framework/src/Illuminate/Http/Middleware/HandleCors.php(49): Illuminate\\Pipeline\\Pipeline->Illuminate\\Pipeline\\{closure}()
#64 /home/u980949395/domains/sector71.app/public_html/vendor/laravel/framework/src/Illuminate/Pipeline/Pipeline.php(180): Illuminate\\Http\\Middleware\\HandleCors->handle()
#65 /home/u980949395/domains/sector71.app/public_html/app/Http/Middleware/SecurityHeaders.php(12): Illuminate\\Pipeline\\Pipeline->Illuminate\\Pipeline\\{closure}()
#66 /home/u980949395/domains/sector71.app/public_html/vendor/laravel/framework/src/Illuminate/Pipeline/Pipeline.php(180): App\\Http\\Middleware\\SecurityHeaders->handle()
#67 /home/u980949395/domains/sector71.app/public_html/vendor/laravel/framework/src/Illuminate/Http/Middleware/TrustProxies.php(39): Illuminate\\Pipeline\\Pipeline->Illuminate\\Pipeline\\{closure}()
#68 /home/u980949395/domains/sector71.app/public_html/vendor/laravel/framework/src/Illuminate/Pipeline/Pipeline.php(180): Illuminate\\Http\\Middleware\\TrustProxies->handle()
#69 /home/u980949395/domains/sector71.app/public_html/vendor/laravel/framework/src/Illuminate/Pipeline/Pipeline.php(116): Illuminate\\Pipeline\\Pipeline->Illuminate\\Pipeline\\{closure}()
#70 /home/u980949395/domains/sector71.app/public_html/vendor/laravel/framework/src/Illuminate/Foundation/Http/Kernel.php(165): Illuminate\\Pipeline\\Pipeline->then()
#71 /home/u980949395/domains/sector71.app/public_html/vendor/laravel/framework/src/Illuminate/Foundation/Http/Kernel.php(134): Illuminate\\Foundation\\Http\\Kernel->sendRequestThroughRouter()
#72 /home/u980949395/domains/sector71.app/public_html/public/index.php(51): Illuminate\\Foundation\\Http\\Kernel->handle()
#73 {main}
"} 
[2026-04-29 22:59:30] live.ERROR: Action Modules\Superadmin\Http\Controllers\MobileAppUsersController@index not defined. {"view":{"view":"/home/u980949395/domains/sector71.app/public_html/Modules/Superadmin/Resources/views/layouts/nav.blade.php","data":[]},"userId":1,"exception":"[object] (Spatie\\LaravelIgnition\\Exceptions\\ViewException(code: 0): Action Modules\\Superadmin\\Http\\Controllers\\MobileAppUsersController@index not defined. at /home/u980949395/domains/sector71.app/public_html/vendor/laravel/framework/src/Illuminate/Routing/UrlGenerator.php:510)
[stacktrace]
#0 /home/u980949395/domains/sector71.app/public_html/vendor/laravel/framework/src/Illuminate/Foundation/helpers.php(102): Illuminate\\Routing\\UrlGenerator->action()
#1 /home/u980949395/domains/sector71.app/public_html/Modules/Superadmin/Resources/views/layouts/nav.blade.php(29): action()
#2 /home/u980949395/domains/sector71.app/public_html/vendor/laravel/framework/src/Illuminate/Filesystem/Filesystem.php(109): require('/home/u98094939...')
#3 /home/u980949395/domains/sector71.app/public_html/vendor/laravel/framework/src/Illuminate/Filesystem/Filesystem.php(110): Illuminate\\Filesystem\\Filesystem::Illuminate\\Filesystem\\{closure}()
#4 /home/u980949395/domains/sector71.app/public_html/vendor/laravel/framework/src/Illuminate/View/Engines/PhpEngine.php(58): Illuminate\\Filesystem\\Filesystem->getRequire()
#5 /home/u980949395/domains/sector71.app/public_html/vendor/laravel/framework/src/Illuminate/View/Engines/CompilerEngine.php(70): Illuminate\\View\\Engines\\PhpEngine->evaluatePath()
#6 /home/u980949395/domains/sector71.app/public_html/vendor/laravel/framework/src/Illuminate/View/View.php(195): Illuminate\\View\\Engines\\CompilerEngine->get()
#7 /home/u980949395/domains/sector71.app/public_html/vendor/laravel/framework/src/Illuminate/View/View.php(178): Illuminate\\View\\View->getContents()
#8 /home/u980949395/domains/sector71.app/public_html/vendor/laravel/framework/src/Illuminate/View/View.php(147): Illuminate\\View\\View->renderContents()
#9 /home/u980949395/domains/sector71.app/public_html/Modules/Superadmin/Resources/views/superadmin/index.blade.php(5): Illuminate\\View\\View->render()
#10 /home/u980949395/domains/sector71.app/public_html/vendor/laravel/framework/src/Illuminate/Filesystem/Filesystem.php(109): require('/home/u98094939...')
#11 /home/u980949395/domains/sector71.app/public_html/vendor/laravel/framework/src/Illuminate/Filesystem/Filesystem.php(110): Illuminate\\Filesystem\\Filesystem::Illuminate\\Filesystem\\{closure}()
#12 /home/u980949395/domains/sector71.app/public_html/vendor/laravel/framework/src/Illuminate/View/Engines/PhpEngine.php(58): Illuminate\\Filesystem\\Filesystem->getRequire()
#13 /home/u980949395/domains/sector71.app/public_html/vendor/laravel/framework/src/Illuminate/View/Engines/CompilerEngine.php(70): Illuminate\\View\\Engines\\PhpEngine->evaluatePath()
#14 /home/u980949395/domains/sector71.app/public_html/vendor/laravel/framework/src/Illuminate/View/View.php(195): Illuminate\\View\\Engines\\CompilerEngine->get()
#15 /home/u980949395/domains/sector71.app/public_html/vendor/laravel/framework/src/Illuminate/View/View.php(178): Illuminate\\View\\View->getContents()
#16 /home/u980949395/domains/sector71.app/public_html/vendor/laravel/framework/src/Illuminate/View/View.php(147): Illuminate\\View\\View->renderContents()
#17 /home/u980949395/domains/sector71.app/public_html/vendor/laravel/framework/src/Illuminate/Http/Response.php(69): Illuminate\\View\\View->render()
#18 /home/u980949395/domains/sector71.app/public_html/vendor/laravel/framework/src/Illuminate/Http/Response.php(35): Illuminate\\Http\\Response->setContent()
#19 /home/u980949395/domains/sector71.app/public_html/vendor/laravel/framework/src/Illuminate/Routing/Router.php(906): Illuminate\\Http\\Response->__construct()
#20 /home/u980949395/domains/sector71.app/public_html/vendor/laravel/framework/src/Illuminate/Routing/Router.php(875): Illuminate\\Routing\\Router::toResponse()
#21 /home/u980949395/domains/sector71.app/public_html/vendor/laravel/framework/src/Illuminate/Routing/Router.php(797): Illuminate\\Routing\\Router->prepareResponse()
#22 /home/u980949395/domains/sector71.app/public_html/vendor/laravel/framework/src/Illuminate/Pipeline/Pipeline.php(141): Illuminate\\Routing\\Router->Illuminate\\Routing\\{closure}()
#23 /home/u980949395/domains/sector71.app/public_html/app/Http/Middleware/Superadmin.php(21): Illuminate\\Pipeline\\Pipeline->Illuminate\\Pipeline\\{closure}()
#24 /home/u980949395/domains/sector71.app/public_html/vendor/laravel/framework/src/Illuminate/Pipeline/Pipeline.php(180): App\\Http\\Middleware\\Superadmin->handle()
#25 /home/u980949395/domains/sector71.app/public_html/app/Http/Middleware/AdminSidebarMenu.php(892): Illuminate\\Pipeline\\Pipeline->Illuminate\\Pipeline\\{closure}()
#26 /home/u980949395/domains/sector71.app/public_html/vendor/laravel/framework/src/Illuminate/Pipeline/Pipeline.php(180): App\\Http\\Middleware\\AdminSidebarMenu->handle()
#27 /home/u980949395/domains/sector71.app/public_html/app/Http/Middleware/Language.php(25): Illuminate\\Pipeline\\Pipeline->Illuminate\\Pipeline\\{closure}()
#28 /home/u980949395/domains/sector71.app/public_html/vendor/laravel/framework/src/Illuminate/Pipeline/Pipeline.php(180): App\\Http\\Middleware\\Language->handle()
#29 /home/u980949395/domains/sector71.app/public_html/vendor/laravel/framework/src/Illuminate/Routing/Middleware/SubstituteBindings.php(50): Illuminate\\Pipeline\\Pipeline->Illuminate\\Pipeline\\{closure}()
#30 /home/u980949395/domains/sector71.app/public_html/vendor/laravel/framework/src/Illuminate/Pipeline/Pipeline.php(180): Illuminate\\Routing\\Middleware\\SubstituteBindings->handle()
#31 /home/u980949395/domains/sector71.app/public_html/vendor/laravel/framework/src/Illuminate/Auth/Middleware/Authenticate.php(44): Illuminate\\Pipeline\\Pipeline->Illuminate\\Pipeline\\{closure}()
#32 /home/u980949395/domains/sector71.app/public_html/vendor/laravel/framework/src/Illuminate/Pipeline/Pipeline.php(180): Illuminate\\Auth\\Middleware\\Authenticate->handle()
#33 /home/u980949395/domains/sector71.app/public_html/vendor/laravel/framework/src/Illuminate/Foundation/Http/Middleware/VerifyCsrfToken.php(78): Illuminate\\Pipeline\\Pipeline->Illuminate\\Pipeline\\{closure}()
#34 /home/u980949395/domains/sector71.app/public_html/vendor/laravel/framework/src/Illuminate/Pipeline/Pipeline.php(180): Illuminate\\Foundation\\Http\\Middleware\\VerifyCsrfToken->handle()
#35 /home/u980949395/domains/sector71.app/public_html/vendor/laravel/framework/src/Illuminate/View/Middleware/ShareErrorsFromSession.php(49): Illuminate\\Pipeline\\Pipeline->Illuminate\\Pipeline\\{closure}()
#36 /home/u980949395/domains/sector71.app/public_html/vendor/laravel/framework/src/Illuminate/Pipeline/Pipeline.php(180): Illuminate\\View\\Middleware\\ShareErrorsFromSession->handle()
#37 /home/u980949395/domains/sector71.app/public_html/vendor/laravel/framework/src/Illuminate/Session/Middleware/StartSession.php(121): Illuminate\\Pipeline\\Pipeline->Illuminate\\Pipeline\\{closure}()
#38 /home/u980949395/domains/sector71.app/public_html/vendor/laravel/framework/src/Illuminate/Session/Middleware/StartSession.php(64): Illuminate\\Session\\Middleware\\StartSession->handleStatefulRequest()
#39 /home/u980949395/domains/sector71.app/public_html/vendor/laravel/framework/src/Illuminate/Pipeline/Pipeline.php(180): Illuminate\\Session\\Middleware\\StartSession->handle()
#40 /home/u980949395/domains/sector71.app/public_html/vendor/laravel/framework/src/Illuminate/Cookie/Middleware/AddQueuedCookiesToResponse.php(37): Illuminate\\Pipeline\\Pipeline->Illuminate\\Pipeline\\{closure}()
#41 /home/u980949395/domains/sector71.app/public_html/vendor/laravel/framework/src/Illuminate/Pipeline/Pipeline.php(180): Illuminate\\Cookie\\Middleware\\AddQueuedCookiesToResponse->handle()
#42 /home/u980949395/domains/sector71.app/public_html/vendor/laravel/framework/src/Illuminate/Cookie/Middleware/EncryptCookies.php(67): Illuminate\\Pipeline\\Pipeline->Illuminate\\Pipeline\\{closure}()
#43 /home/u980949395/domains/sector71.app/public_html/vendor/laravel/framework/src/Illuminate/Pipeline/Pipeline.php(180): Illuminate\\Cookie\\Middleware\\EncryptCookies->handle()
#44 /home/u980949395/domains/sector71.app/public_html/vendor/laravel/framework/src/Illuminate/Pipeline/Pipeline.php(116): Illuminate\\Pipeline\\Pipeline->Illuminate\\Pipeline\\{closure}()
#45 /home/u980949395/domains/sector71.app/public_html/vendor/laravel/framework/src/Illuminate/Routing/Router.php(797): Illuminate\\Pipeline\\Pipeline->then()
#46 /home/u980949395/domains/sector71.app/public_html/vendor/laravel/framework/src/Illuminate/Routing/Router.php(776): Illuminate\\Routing\\Router->runRouteWithinStack()
#47 /home/u980949395/domains/sector71.app/public_html/vendor/laravel/framework/src/Illuminate/Routing/Router.php(740): Illuminate\\Routing\\Router->runRoute()
#48 /home/u980949395/domains/sector71.app/public_html/vendor/laravel/framework/src/Illuminate/Routing/Router.php(729): Illuminate\\Routing\\Router->dispatchToRoute()
#49 /home/u980949395/domains/sector71.app/public_html/vendor/laravel/framework/src/Illuminate/Foundation/Http/Kernel.php(190): Illuminate\\Routing\\Router->dispatch()
#50 /home/u980949395/domains/sector71.app/public_html/vendor/laravel/framework/src/Illuminate/Pipeline/Pipeline.php(141): Illuminate\\Foundation\\Http\\Kernel->Illuminate\\Foundation\\Http\\{closure}()
#51 /home/u980949395/domains/sector71.app/public_html/vendor/barryvdh/laravel-debugbar/src/Middleware/InjectDebugbar.php(59): Illuminate\\Pipeline\\Pipeline->Illuminate\\Pipeline\\{closure}()
#52 /home/u980949395/domains/sector71.app/public_html/vendor/laravel/framework/src/Illuminate/Pipeline/Pipeline.php(180): Barryvdh\\Debugbar\\Middleware\\InjectDebugbar->handle()
#53 /home/u980949395/domains/sector71.app/public_html/vendor/laravel/framework/src/Illuminate/Foundation/Http/Middleware/TransformsRequest.php(21): Illuminate\\Pipeline\\Pipeline->Illuminate\\Pipeline\\{closure}()
#54 /home/u980949395/domains/sector71.app/public_html/vendor/laravel/framework/src/Illuminate/Foundation/Http/Middleware/ConvertEmptyStringsToNull.php(31): Illuminate\\Foundation\\Http\\Middleware\\TransformsRequest->handle()
#55 /home/u980949395/domains/sector71.app/public_html/vendor/laravel/framework/src/Illuminate/Pipeline/Pipeline.php(180): Illuminate\\Foundation\\Http\\Middleware\\ConvertEmptyStringsToNull->handle()
#56 /home/u980949395/domains/sector71.app/public_html/vendor/laravel/framework/src/Illuminate/Foundation/Http/Middleware/TransformsRequest.php(21): Illuminate\\Pipeline\\Pipeline->Illuminate\\Pipeline\\{closure}()
#57 /home/u980949395/domains/sector71.app/public_html/vendor/laravel/framework/src/Illuminate/Foundation/Http/Middleware/TrimStrings.php(40): Illuminate\\Foundation\\Http\\Middleware\\TransformsRequest->handle()
#58 /home/u980949395/domains/sector71.app/public_html/vendor/laravel/framework/src/Illuminate/Pipeline/Pipeline.php(180): Illuminate\\Foundation\\Http\\Middleware\\TrimStrings->handle()
#59 /home/u980949395/domains/sector71.app/public_html/vendor/laravel/framework/src/Illuminate/Foundation/Http/Middleware/ValidatePostSize.php(27): Illuminate\\Pipeline\\Pipeline->Illuminate\\Pipeline\\{closure}()
#60 /home/u980949395/domains/sector71.app/public_html/vendor/laravel/framework/src/Illuminate/Pipeline/Pipeline.php(180): Illuminate\\Foundation\\Http\\Middleware\\ValidatePostSize->handle()
#61 /home/u980949395/domains/sector71.app/public_html/vendor/laravel/framework/src/Illuminate/Foundation/Http/Middleware/PreventRequestsDuringMaintenance.php(86): Illuminate\\Pipeline\\Pipeline->Illuminate\\Pipeline\\{closure}()
#62 /home/u980949395/domains/sector71.app/public_html/vendor/laravel/framework/src/Illuminate/Pipeline/Pipeline.php(180): Illuminate\\Foundation\\Http\\Middleware\\PreventRequestsDuringMaintenance->handle()
#63 /home/u980949395/domains/sector71.app/public_html/vendor/laravel/framework/src/Illuminate/Http/Middleware/HandleCors.php(49): Illuminate\\Pipeline\\Pipeline->Illuminate\\Pipeline\\{closure}()
#64 /home/u980949395/domains/sector71.app/public_html/vendor/laravel/framework/src/Illuminate/Pipeline/Pipeline.php(180): Illuminate\\Http\\Middleware\\HandleCors->handle()
#65 /home/u980949395/domains/sector71.app/public_html/app/Http/Middleware/SecurityHeaders.php(12): Illuminate\\Pipeline\\Pipeline->Illuminate\\Pipeline\\{closure}()
#66 /home/u980949395/domains/sector71.app/public_html/vendor/laravel/framework/src/Illuminate/Pipeline/Pipeline.php(180): App\\Http\\Middleware\\SecurityHeaders->handle()
#67 /home/u980949395/domains/sector71.app/public_html/vendor/laravel/framework/src/Illuminate/Http/Middleware/TrustProxies.php(39): Illuminate\\Pipeline\\Pipeline->Illuminate\\Pipeline\\{closure}()
#68 /home/u980949395/domains/sector71.app/public_html/vendor/laravel/framework/src/Illuminate/Pipeline/Pipeline.php(180): Illuminate\\Http\\Middleware\\TrustProxies->handle()
#69 /home/u980949395/domains/sector71.app/public_html/vendor/laravel/framework/src/Illuminate/Pipeline/Pipeline.php(116): Illuminate\\Pipeline\\Pipeline->Illuminate\\Pipeline\\{closure}()
#70 /home/u980949395/domains/sector71.app/public_html/vendor/laravel/framework/src/Illuminate/Foundation/Http/Kernel.php(165): Illuminate\\Pipeline\\Pipeline->then()
#71 /home/u980949395/domains/sector71.app/public_html/vendor/laravel/framework/src/Illuminate/Foundation/Http/Kernel.php(134): Illuminate\\Foundation\\Http\\Kernel->sendRequestThroughRouter()
#72 /home/u980949395/domains/sector71.app/public_html/public/index.php(51): Illuminate\\Foundation\\Http\\Kernel->handle()
#73 {main}

[previous exception] [object] (InvalidArgumentException(code: 0): Action Modules\\Superadmin\\Http\\Controllers\\MobileAppUsersController@index not defined. at /home/u980949395/domains/sector71.app/public_html/vendor/laravel/framework/src/Illuminate/Routing/UrlGenerator.php:510)
[stacktrace]
#0 /home/u980949395/domains/sector71.app/public_html/vendor/laravel/framework/src/Illuminate/Foundation/helpers.php(102): Illuminate\\Routing\\UrlGenerator->action()
#1 /home/u980949395/domains/sector71.app/public_html/storage/framework/views/ed7c9f7a0a1c6e7446fdf99d89e814c7e68d8a21.php(29): action()
#2 /home/u980949395/domains/sector71.app/public_html/vendor/laravel/framework/src/Illuminate/Filesystem/Filesystem.php(109): require('/home/u98094939...')
#3 /home/u980949395/domains/sector71.app/public_html/vendor/laravel/framework/src/Illuminate/Filesystem/Filesystem.php(110): Illuminate\\Filesystem\\Filesystem::Illuminate\\Filesystem\\{closure}()
#4 /home/u980949395/domains/sector71.app/public_html/vendor/laravel/framework/src/Illuminate/View/Engines/PhpEngine.php(58): Illuminate\\Filesystem\\Filesystem->getRequire()
#5 /home/u980949395/domains/sector71.app/public_html/vendor/laravel/framework/src/Illuminate/View/Engines/CompilerEngine.php(70): Illuminate\\View\\Engines\\PhpEngine->evaluatePath()
#6 /home/u980949395/domains/sector71.app/public_html/vendor/laravel/framework/src/Illuminate/View/View.php(195): Illuminate\\View\\Engines\\CompilerEngine->get()
#7 /home/u980949395/domains/sector71.app/public_html/vendor/laravel/framework/src/Illuminate/View/View.php(178): Illuminate\\View\\View->getContents()
#8 /home/u980949395/domains/sector71.app/public_html/vendor/laravel/framework/src/Illuminate/View/View.php(147): Illuminate\\View\\View->renderContents()
#9 /home/u980949395/domains/sector71.app/public_html/storage/framework/views/cb05404d32e3eaa2d58c738b2e4e901c5b4e15f2.php(5): Illuminate\\View\\View->render()
#10 /home/u980949395/domains/sector71.app/public_html/vendor/laravel/framework/src/Illuminate/Filesystem/Filesystem.php(109): require('/home/u98094939...')
#11 /home/u980949395/domains/sector71.app/public_html/vendor/laravel/framework/src/Illuminate/Filesystem/Filesystem.php(110): Illuminate\\Filesystem\\Filesystem::Illuminate\\Filesystem\\{closure}()
#12 /home/u980949395/domains/sector71.app/public_html/vendor/laravel/framework/src/Illuminate/View/Engines/PhpEngine.php(58): Illuminate\\Filesystem\\Filesystem->getRequire()
#13 /home/u980949395/domains/sector71.app/public_html/vendor/laravel/framework/src/Illuminate/View/Engines/CompilerEngine.php(70): Illuminate\\View\\Engines\\PhpEngine->evaluatePath()
#14 /home/u980949395/domains/sector71.app/public_html/vendor/laravel/framework/src/Illuminate/View/View.php(195): Illuminate\\View\\Engines\\CompilerEngine->get()
#15 /home/u980949395/domains/sector71.app/public_html/vendor/laravel/framework/src/Illuminate/View/View.php(178): Illuminate\\View\\View->getContents()
#16 /home/u980949395/domains/sector71.app/public_html/vendor/laravel/framework/src/Illuminate/View/View.php(147): Illuminate\\View\\View->renderContents()
#17 /home/u980949395/domains/sector71.app/public_html/vendor/laravel/framework/src/Illuminate/Http/Response.php(69): Illuminate\\View\\View->render()
#18 /home/u980949395/domains/sector71.app/public_html/vendor/laravel/framework/src/Illuminate/Http/Response.php(35): Illuminate\\Http\\Response->setContent()
#19 /home/u980949395/domains/sector71.app/public_html/vendor/laravel/framework/src/Illuminate/Routing/Router.php(906): Illuminate\\Http\\Response->__construct()
#20 /home/u980949395/domains/sector71.app/public_html/vendor/laravel/framework/src/Illuminate/Routing/Router.php(875): Illuminate\\Routing\\Router::toResponse()
#21 /home/u980949395/domains/sector71.app/public_html/vendor/laravel/framework/src/Illuminate/Routing/Router.php(797): Illuminate\\Routing\\Router->prepareResponse()
#22 /home/u980949395/domains/sector71.app/public_html/vendor/laravel/framework/src/Illuminate/Pipeline/Pipeline.php(141): Illuminate\\Routing\\Router->Illuminate\\Routing\\{closure}()
#23 /home/u980949395/domains/sector71.app/public_html/app/Http/Middleware/Superadmin.php(21): Illuminate\\Pipeline\\Pipeline->Illuminate\\Pipeline\\{closure}()
#24 /home/u980949395/domains/sector71.app/public_html/vendor/laravel/framework/src/Illuminate/Pipeline/Pipeline.php(180): App\\Http\\Middleware\\Superadmin->handle()
#25 /home/u980949395/domains/sector71.app/public_html/app/Http/Middleware/AdminSidebarMenu.php(892): Illuminate\\Pipeline\\Pipeline->Illuminate\\Pipeline\\{closure}()
#26 /home/u980949395/domains/sector71.app/public_html/vendor/laravel/framework/src/Illuminate/Pipeline/Pipeline.php(180): App\\Http\\Middleware\\AdminSidebarMenu->handle()
#27 /home/u980949395/domains/sector71.app/public_html/app/Http/Middleware/Language.php(25): Illuminate\\Pipeline\\Pipeline->Illuminate\\Pipeline\\{closure}()
#28 /home/u980949395/domains/sector71.app/public_html/vendor/laravel/framework/src/Illuminate/Pipeline/Pipeline.php(180): App\\Http\\Middleware\\Language->handle()
#29 /home/u980949395/domains/sector71.app/public_html/vendor/laravel/framework/src/Illuminate/Routing/Middleware/SubstituteBindings.php(50): Illuminate\\Pipeline\\Pipeline->Illuminate\\Pipeline\\{closure}()
#30 /home/u980949395/domains/sector71.app/public_html/vendor/laravel/framework/src/Illuminate/Pipeline/Pipeline.php(180): Illuminate\\Routing\\Middleware\\SubstituteBindings->handle()
#31 /home/u980949395/domains/sector71.app/public_html/vendor/laravel/framework/src/Illuminate/Auth/Middleware/Authenticate.php(44): Illuminate\\Pipeline\\Pipeline->Illuminate\\Pipeline\\{closure}()
#32 /home/u980949395/domains/sector71.app/public_html/vendor/laravel/framework/src/Illuminate/Pipeline/Pipeline.php(180): Illuminate\\Auth\\Middleware\\Authenticate->handle()
#33 /home/u980949395/domains/sector71.app/public_html/vendor/laravel/framework/src/Illuminate/Foundation/Http/Middleware/VerifyCsrfToken.php(78): Illuminate\\Pipeline\\Pipeline->Illuminate\\Pipeline\\{closure}()
#34 /home/u980949395/domains/sector71.app/public_html/vendor/laravel/framework/src/Illuminate/Pipeline/Pipeline.php(180): Illuminate\\Foundation\\Http\\Middleware\\VerifyCsrfToken->handle()
#35 /home/u980949395/domains/sector71.app/public_html/vendor/laravel/framework/src/Illuminate/View/Middleware/ShareErrorsFromSession.php(49): Illuminate\\Pipeline\\Pipeline->Illuminate\\Pipeline\\{closure}()
#36 /home/u980949395/domains/sector71.app/public_html/vendor/laravel/framework/src/Illuminate/Pipeline/Pipeline.php(180): Illuminate\\View\\Middleware\\ShareErrorsFromSession->handle()
#37 /home/u980949395/domains/sector71.app/public_html/vendor/laravel/framework/src/Illuminate/Session/Middleware/StartSession.php(121): Illuminate\\Pipeline\\Pipeline->Illuminate\\Pipeline\\{closure}()
#38 /home/u980949395/domains/sector71.app/public_html/vendor/laravel/framework/src/Illuminate/Session/Middleware/StartSession.php(64): Illuminate\\Session\\Middleware\\StartSession->handleStatefulRequest()
#39 /home/u980949395/domains/sector71.app/public_html/vendor/laravel/framework/src/Illuminate/Pipeline/Pipeline.php(180): Illuminate\\Session\\Middleware\\StartSession->handle()
#40 /home/u980949395/domains/sector71.app/public_html/vendor/laravel/framework/src/Illuminate/Cookie/Middleware/AddQueuedCookiesToResponse.php(37): Illuminate\\Pipeline\\Pipeline->Illuminate\\Pipeline\\{closure}()
#41 /home/u980949395/domains/sector71.app/public_html/vendor/laravel/framework/src/Illuminate/Pipeline/Pipeline.php(180): Illuminate\\Cookie\\Middleware\\AddQueuedCookiesToResponse->handle()
#42 /home/u980949395/domains/sector71.app/public_html/vendor/laravel/framework/src/Illuminate/Cookie/Middleware/EncryptCookies.php(67): Illuminate\\Pipeline\\Pipeline->Illuminate\\Pipeline\\{closure}()
#43 /home/u980949395/domains/sector71.app/public_html/vendor/laravel/framework/src/Illuminate/Pipeline/Pipeline.php(180): Illuminate\\Cookie\\Middleware\\EncryptCookies->handle()
#44 /home/u980949395/domains/sector71.app/public_html/vendor/laravel/framework/src/Illuminate/Pipeline/Pipeline.php(116): Illuminate\\Pipeline\\Pipeline->Illuminate\\Pipeline\\{closure}()
#45 /home/u980949395/domains/sector71.app/public_html/vendor/laravel/framework/src/Illuminate/Routing/Router.php(797): Illuminate\\Pipeline\\Pipeline->then()
#46 /home/u980949395/domains/sector71.app/public_html/vendor/laravel/framework/src/Illuminate/Routing/Router.php(776): Illuminate\\Routing\\Router->runRouteWithinStack()
#47 /home/u980949395/domains/sector71.app/public_html/vendor/laravel/framework/src/Illuminate/Routing/Router.php(740): Illuminate\\Routing\\Router->runRoute()
#48 /home/u980949395/domains/sector71.app/public_html/vendor/laravel/framework/src/Illuminate/Routing/Router.php(729): Illuminate\\Routing\\Router->dispatchToRoute()
#49 /home/u980949395/domains/sector71.app/public_html/vendor/laravel/framework/src/Illuminate/Foundation/Http/Kernel.php(190): Illuminate\\Routing\\Router->dispatch()
#50 /home/u980949395/domains/sector71.app/public_html/vendor/laravel/framework/src/Illuminate/Pipeline/Pipeline.php(141): Illuminate\\Foundation\\Http\\Kernel->Illuminate\\Foundation\\Http\\{closure}()
#51 /home/u980949395/domains/sector71.app/public_html/vendor/barryvdh/laravel-debugbar/src/Middleware/InjectDebugbar.php(59): Illuminate\\Pipeline\\Pipeline->Illuminate\\Pipeline\\{closure}()
#52 /home/u980949395/domains/sector71.app/public_html/vendor/laravel/framework/src/Illuminate/Pipeline/Pipeline.php(180): Barryvdh\\Debugbar\\Middleware\\InjectDebugbar->handle()
#53 /home/u980949395/domains/sector71.app/public_html/vendor/laravel/framework/src/Illuminate/Foundation/Http/Middleware/TransformsRequest.php(21): Illuminate\\Pipeline\\Pipeline->Illuminate\\Pipeline\\{closure}()
#54 /home/u980949395/domains/sector71.app/public_html/vendor/laravel/framework/src/Illuminate/Foundation/Http/Middleware/ConvertEmptyStringsToNull.php(31): Illuminate\\Foundation\\Http\\Middleware\\TransformsRequest->handle()
#55 /home/u980949395/domains/sector71.app/public_html/vendor/laravel/framework/src/Illuminate/Pipeline/Pipeline.php(180): Illuminate\\Foundation\\Http\\Middleware\\ConvertEmptyStringsToNull->handle()
#56 /home/u980949395/domains/sector71.app/public_html/vendor/laravel/framework/src/Illuminate/Foundation/Http/Middleware/TransformsRequest.php(21): Illuminate\\Pipeline\\Pipeline->Illuminate\\Pipeline\\{closure}()
#57 /home/u980949395/domains/sector71.app/public_html/vendor/laravel/framework/src/Illuminate/Foundation/Http/Middleware/TrimStrings.php(40): Illuminate\\Foundation\\Http\\Middleware\\TransformsRequest->handle()
#58 /home/u980949395/domains/sector71.app/public_html/vendor/laravel/framework/src/Illuminate/Pipeline/Pipeline.php(180): Illuminate\\Foundation\\Http\\Middleware\\TrimStrings->handle()
#59 /home/u980949395/domains/sector71.app/public_html/vendor/laravel/framework/src/Illuminate/Foundation/Http/Middleware/ValidatePostSize.php(27): Illuminate\\Pipeline\\Pipeline->Illuminate\\Pipeline\\{closure}()
#60 /home/u980949395/domains/sector71.app/public_html/vendor/laravel/framework/src/Illuminate/Pipeline/Pipeline.php(180): Illuminate\\Foundation\\Http\\Middleware\\ValidatePostSize->handle()
#61 /home/u980949395/domains/sector71.app/public_html/vendor/laravel/framework/src/Illuminate/Foundation/Http/Middleware/PreventRequestsDuringMaintenance.php(86): Illuminate\\Pipeline\\Pipeline->Illuminate\\Pipeline\\{closure}()
#62 /home/u980949395/domains/sector71.app/public_html/vendor/laravel/framework/src/Illuminate/Pipeline/Pipeline.php(180): Illuminate\\Foundation\\Http\\Middleware\\PreventRequestsDuringMaintenance->handle()
#63 /home/u980949395/domains/sector71.app/public_html/vendor/laravel/framework/src/Illuminate/Http/Middleware/HandleCors.php(49): Illuminate\\Pipeline\\Pipeline->Illuminate\\Pipeline\\{closure}()
#64 /home/u980949395/domains/sector71.app/public_html/vendor/laravel/framework/src/Illuminate/Pipeline/Pipeline.php(180): Illuminate\\Http\\Middleware\\HandleCors->handle()
#65 /home/u980949395/domains/sector71.app/public_html/app/Http/Middleware/SecurityHeaders.php(12): Illuminate\\Pipeline\\Pipeline->Illuminate\\Pipeline\\{closure}()
#66 /home/u980949395/domains/sector71.app/public_html/vendor/laravel/framework/src/Illuminate/Pipeline/Pipeline.php(180): App\\Http\\Middleware\\SecurityHeaders->handle()
#67 /home/u980949395/domains/sector71.app/public_html/vendor/laravel/framework/src/Illuminate/Http/Middleware/TrustProxies.php(39): Illuminate\\Pipeline\\Pipeline->Illuminate\\Pipeline\\{closure}()
#68 /home/u980949395/domains/sector71.app/public_html/vendor/laravel/framework/src/Illuminate/Pipeline/Pipeline.php(180): Illuminate\\Http\\Middleware\\TrustProxies->handle()
#69 /home/u980949395/domains/sector71.app/public_html/vendor/laravel/framework/src/Illuminate/Pipeline/Pipeline.php(116): Illuminate\\Pipeline\\Pipeline->Illuminate\\Pipeline\\{closure}()
#70 /home/u980949395/domains/sector71.app/public_html/vendor/laravel/framework/src/Illuminate/Foundation/Http/Kernel.php(165): Illuminate\\Pipeline\\Pipeline->then()
#71 /home/u980949395/domains/sector71.app/public_html/vendor/laravel/framework/src/Illuminate/Foundation/Http/Kernel.php(134): Illuminate\\Foundation\\Http\\Kernel->sendRequestThroughRouter()
#72 /home/u980949395/domains/sector71.app/public_html/public/index.php(51): Illuminate\\Foundation\\Http\\Kernel->handle()
#73 {main}
"} 
[2026-04-29 22:59:32] live.ERROR: Action Modules\Superadmin\Http\Controllers\MobileAppUsersController@index not defined. {"view":{"view":"/home/u980949395/domains/sector71.app/public_html/Modules/Superadmin/Resources/views/layouts/nav.blade.php","data":[]},"userId":1,"exception":"[object] (Spatie\\LaravelIgnition\\Exceptions\\ViewException(code: 0): Action Modules\\Superadmin\\Http\\Controllers\\MobileAppUsersController@index not defined. at /home/u980949395/domains/sector71.app/public_html/vendor/laravel/framework/src/Illuminate/Routing/UrlGenerator.php:510)
[stacktrace]
#0 /home/u980949395/domains/sector71.app/public_html/vendor/laravel/framework/src/Illuminate/Foundation/helpers.php(102): Illuminate\\Routing\\UrlGenerator->action()
#1 /home/u980949395/domains/sector71.app/public_html/Modules/Superadmin/Resources/views/layouts/nav.blade.php(29): action()
#2 /home/u980949395/domains/sector71.app/public_html/vendor/laravel/framework/src/Illuminate/Filesystem/Filesystem.php(109): require('/home/u98094939...')
#3 /home/u980949395/domains/sector71.app/public_html/vendor/laravel/framework/src/Illuminate/Filesystem/Filesystem.php(110): Illuminate\\Filesystem\\Filesystem::Illuminate\\Filesystem\\{closure}()
#4 /home/u980949395/domains/sector71.app/public_html/vendor/laravel/framework/src/Illuminate/View/Engines/PhpEngine.php(58): Illuminate\\Filesystem\\Filesystem->getRequire()
#5 /home/u980949395/domains/sector71.app/public_html/vendor/laravel/framework/src/Illuminate/View/Engines/CompilerEngine.php(70): Illuminate\\View\\Engines\\PhpEngine->evaluatePath()
#6 /home/u980949395/domains/sector71.app/public_html/vendor/laravel/framework/src/Illuminate/View/View.php(195): Illuminate\\View\\Engines\\CompilerEngine->get()
#7 /home/u980949395/domains/sector71.app/public_html/vendor/laravel/framework/src/Illuminate/View/View.php(178): Illuminate\\View\\View->getContents()
#8 /home/u980949395/domains/sector71.app/public_html/vendor/laravel/framework/src/Illuminate/View/View.php(147): Illuminate\\View\\View->renderContents()
#9 /home/u980949395/domains/sector71.app/public_html/Modules/Superadmin/Resources/views/superadmin_settings/edit.blade.php(5): Illuminate\\View\\View->render()
#10 /home/u980949395/domains/sector71.app/public_html/vendor/laravel/framework/src/Illuminate/Filesystem/Filesystem.php(109): require('/home/u98094939...')
#11 /home/u980949395/domains/sector71.app/public_html/vendor/laravel/framework/src/Illuminate/Filesystem/Filesystem.php(110): Illuminate\\Filesystem\\Filesystem::Illuminate\\Filesystem\\{closure}()
#12 /home/u980949395/domains/sector71.app/public_html/vendor/laravel/framework/src/Illuminate/View/Engines/PhpEngine.php(58): Illuminate\\Filesystem\\Filesystem->getRequire()
#13 /home/u980949395/domains/sector71.app/public_html/vendor/laravel/framework/src/Illuminate/View/Engines/CompilerEngine.php(70): Illuminate\\View\\Engines\\PhpEngine->evaluatePath()
#14 /home/u980949395/domains/sector71.app/public_html/vendor/laravel/framework/src/Illuminate/View/View.php(195): Illuminate\\View\\Engines\\CompilerEngine->get()
#15 /home/u980949395/domains/sector71.app/public_html/vendor/laravel/framework/src/Illuminate/View/View.php(178): Illuminate\\View\\View->getContents()
#16 /home/u980949395/domains/sector71.app/public_html/vendor/laravel/framework/src/Illuminate/View/View.php(147): Illuminate\\View\\View->renderContents()
#17 /home/u980949395/domains/sector71.app/public_html/vendor/laravel/framework/src/Illuminate/Http/Response.php(69): Illuminate\\View\\View->render()
#18 /home/u980949395/domains/sector71.app/public_html/vendor/laravel/framework/src/Illuminate/Http/Response.php(35): Illuminate\\Http\\Response->setContent()
#19 /home/u980949395/domains/sector71.app/public_html/vendor/laravel/framework/src/Illuminate/Routing/Router.php(906): Illuminate\\Http\\Response->__construct()
#20 /home/u980949395/domains/sector71.app/public_html/vendor/laravel/framework/src/Illuminate/Routing/Router.php(875): Illuminate\\Routing\\Router::toResponse()
#21 /home/u980949395/domains/sector71.app/public_html/vendor/laravel/framework/src/Illuminate/Routing/Router.php(797): Illuminate\\Routing\\Router->prepareResponse()
#22 /home/u980949395/domains/sector71.app/public_html/vendor/laravel/framework/src/Illuminate/Pipeline/Pipeline.php(141): Illuminate\\Routing\\Router->Illuminate\\Routing\\{closure}()
#23 /home/u980949395/domains/sector71.app/public_html/app/Http/Middleware/Superadmin.php(21): Illuminate\\Pipeline\\Pipeline->Illuminate\\Pipeline\\{closure}()
#24 /home/u980949395/domains/sector71.app/public_html/vendor/laravel/framework/src/Illuminate/Pipeline/Pipeline.php(180): App\\Http\\Middleware\\Superadmin->handle()
#25 /home/u980949395/domains/sector71.app/public_html/app/Http/Middleware/AdminSidebarMenu.php(892): Illuminate\\Pipeline\\Pipeline->Illuminate\\Pipeline\\{closure}()
#26 /home/u980949395/domains/sector71.app/public_html/vendor/laravel/framework/src/Illuminate/Pipeline/Pipeline.php(180): App\\Http\\Middleware\\AdminSidebarMenu->handle()
#27 /home/u980949395/domains/sector71.app/public_html/app/Http/Middleware/Language.php(25): Illuminate\\Pipeline\\Pipeline->Illuminate\\Pipeline\\{closure}()
#28 /home/u980949395/domains/sector71.app/public_html/vendor/laravel/framework/src/Illuminate/Pipeline/Pipeline.php(180): App\\Http\\Middleware\\Language->handle()
#29 /home/u980949395/domains/sector71.app/public_html/vendor/laravel/framework/src/Illuminate/Routing/Middleware/SubstituteBindings.php(50): Illuminate\\Pipeline\\Pipeline->Illuminate\\Pipeline\\{closure}()
#30 /home/u980949395/domains/sector71.app/public_html/vendor/laravel/framework/src/Illuminate/Pipeline/Pipeline.php(180): Illuminate\\Routing\\Middleware\\SubstituteBindings->handle()
#31 /home/u980949395/domains/sector71.app/public_html/vendor/laravel/framework/src/Illuminate/Auth/Middleware/Authenticate.php(44): Illuminate\\Pipeline\\Pipeline->Illuminate\\Pipeline\\{closure}()
#32 /home/u980949395/domains/sector71.app/public_html/vendor/laravel/framework/src/Illuminate/Pipeline/Pipeline.php(180): Illuminate\\Auth\\Middleware\\Authenticate->handle()
#33 /home/u980949395/domains/sector71.app/public_html/vendor/laravel/framework/src/Illuminate/Foundation/Http/Middleware/VerifyCsrfToken.php(78): Illuminate\\Pipeline\\Pipeline->Illuminate\\Pipeline\\{closure}()
#34 /home/u980949395/domains/sector71.app/public_html/vendor/laravel/framework/src/Illuminate/Pipeline/Pipeline.php(180): Illuminate\\Foundation\\Http\\Middleware\\VerifyCsrfToken->handle()
#35 /home/u980949395/domains/sector71.app/public_html/vendor/laravel/framework/src/Illuminate/View/Middleware/ShareErrorsFromSession.php(49): Illuminate\\Pipeline\\Pipeline->Illuminate\\Pipeline\\{closure}()
#36 /home/u980949395/domains/sector71.app/public_html/vendor/laravel/framework/src/Illuminate/Pipeline/Pipeline.php(180): Illuminate\\View\\Middleware\\ShareErrorsFromSession->handle()
#37 /home/u980949395/domains/sector71.app/public_html/vendor/laravel/framework/src/Illuminate/Session/Middleware/StartSession.php(121): Illuminate\\Pipeline\\Pipeline->Illuminate\\Pipeline\\{closure}()
#38 /home/u980949395/domains/sector71.app/public_html/vendor/laravel/framework/src/Illuminate/Session/Middleware/StartSession.php(64): Illuminate\\Session\\Middleware\\StartSession->handleStatefulRequest()
#39 /home/u980949395/domains/sector71.app/public_html/vendor/laravel/framework/src/Illuminate/Pipeline/Pipeline.php(180): Illuminate\\Session\\Middleware\\StartSession->handle()
#40 /home/u980949395/domains/sector71.app/public_html/vendor/laravel/framework/src/Illuminate/Cookie/Middleware/AddQueuedCookiesToResponse.php(37): Illuminate\\Pipeline\\Pipeline->Illuminate\\Pipeline\\{closure}()
#41 /home/u980949395/domains/sector71.app/public_html/vendor/laravel/framework/src/Illuminate/Pipeline/Pipeline.php(180): Illuminate\\Cookie\\Middleware\\AddQueuedCookiesToResponse->handle()
#42 /home/u980949395/domains/sector71.app/public_html/vendor/laravel/framework/src/Illuminate/Cookie/Middleware/EncryptCookies.php(67): Illuminate\\Pipeline\\Pipeline->Illuminate\\Pipeline\\{closure}()
#43 /home/u980949395/domains/sector71.app/public_html/vendor/laravel/framework/src/Illuminate/Pipeline/Pipeline.php(180): Illuminate\\Cookie\\Middleware\\EncryptCookies->handle()
#44 /home/u980949395/domains/sector71.app/public_html/vendor/laravel/framework/src/Illuminate/Pipeline/Pipeline.php(116): Illuminate\\Pipeline\\Pipeline->Illuminate\\Pipeline\\{closure}()
#45 /home/u980949395/domains/sector71.app/public_html/vendor/laravel/framework/src/Illuminate/Routing/Router.php(797): Illuminate\\Pipeline\\Pipeline->then()
#46 /home/u980949395/domains/sector71.app/public_html/vendor/laravel/framework/src/Illuminate/Routing/Router.php(776): Illuminate\\Routing\\Router->runRouteWithinStack()
#47 /home/u980949395/domains/sector71.app/public_html/vendor/laravel/framework/src/Illuminate/Routing/Router.php(740): Illuminate\\Routing\\Router->runRoute()
#48 /home/u980949395/domains/sector71.app/public_html/vendor/laravel/framework/src/Illuminate/Routing/Router.php(729): Illuminate\\Routing\\Router->dispatchToRoute()
#49 /home/u980949395/domains/sector71.app/public_html/vendor/laravel/framework/src/Illuminate/Foundation/Http/Kernel.php(190): Illuminate\\Routing\\Router->dispatch()
#50 /home/u980949395/domains/sector71.app/public_html/vendor/laravel/framework/src/Illuminate/Pipeline/Pipeline.php(141): Illuminate\\Foundation\\Http\\Kernel->Illuminate\\Foundation\\Http\\{closure}()
#51 /home/u980949395/domains/sector71.app/public_html/vendor/barryvdh/laravel-debugbar/src/Middleware/InjectDebugbar.php(59): Illuminate\\Pipeline\\Pipeline->Illuminate\\Pipeline\\{closure}()
#52 /home/u980949395/domains/sector71.app/public_html/vendor/laravel/framework/src/Illuminate/Pipeline/Pipeline.php(180): Barryvdh\\Debugbar\\Middleware\\InjectDebugbar->handle()
#53 /home/u980949395/domains/sector71.app/public_html/vendor/laravel/framework/src/Illuminate/Foundation/Http/Middleware/TransformsRequest.php(21): Illuminate\\Pipeline\\Pipeline->Illuminate\\Pipeline\\{closure}()
#54 /home/u980949395/domains/sector71.app/public_html/vendor/laravel/framework/src/Illuminate/Foundation/Http/Middleware/ConvertEmptyStringsToNull.php(31): Illuminate\\Foundation\\Http\\Middleware\\TransformsRequest->handle()
#55 /home/u980949395/domains/sector71.app/public_html/vendor/laravel/framework/src/Illuminate/Pipeline/Pipeline.php(180): Illuminate\\Foundation\\Http\\Middleware\\ConvertEmptyStringsToNull->handle()
#56 /home/u980949395/domains/sector71.app/public_html/vendor/laravel/framework/src/Illuminate/Foundation/Http/Middleware/TransformsRequest.php(21): Illuminate\\Pipeline\\Pipeline->Illuminate\\Pipeline\\{closure}()
#57 /home/u980949395/domains/sector71.app/public_html/vendor/laravel/framework/src/Illuminate/Foundation/Http/Middleware/TrimStrings.php(40): Illuminate\\Foundation\\Http\\Middleware\\TransformsRequest->handle()
#58 /home/u980949395/domains/sector71.app/public_html/vendor/laravel/framework/src/Illuminate/Pipeline/Pipeline.php(180): Illuminate\\Foundation\\Http\\Middleware\\TrimStrings->handle()
#59 /home/u980949395/domains/sector71.app/public_html/vendor/laravel/framework/src/Illuminate/Foundation/Http/Middleware/ValidatePostSize.php(27): Illuminate\\Pipeline\\Pipeline->Illuminate\\Pipeline\\{closure}()
#60 /home/u980949395/domains/sector71.app/public_html/vendor/laravel/framework/src/Illuminate/Pipeline/Pipeline.php(180): Illuminate\\Foundation\\Http\\Middleware\\ValidatePostSize->handle()
#61 /home/u980949395/domains/sector71.app/public_html/vendor/laravel/framework/src/Illuminate/Foundation/Http/Middleware/PreventRequestsDuringMaintenance.php(86): Illuminate\\Pipeline\\Pipeline->Illuminate\\Pipeline\\{closure}()
#62 /home/u980949395/domains/sector71.app/public_html/vendor/laravel/framework/src/Illuminate/Pipeline/Pipeline.php(180): Illuminate\\Foundation\\Http\\Middleware\\PreventRequestsDuringMaintenance->handle()
#63 /home/u980949395/domains/sector71.app/public_html/vendor/laravel/framework/src/Illuminate/Http/Middleware/HandleCors.php(49): Illuminate\\Pipeline\\Pipeline->Illuminate\\Pipeline\\{closure}()
#64 /home/u980949395/domains/sector71.app/public_html/vendor/laravel/framework/src/Illuminate/Pipeline/Pipeline.php(180): Illuminate\\Http\\Middleware\\HandleCors->handle()
#65 /home/u980949395/domains/sector71.app/public_html/app/Http/Middleware/SecurityHeaders.php(12): Illuminate\\Pipeline\\Pipeline->Illuminate\\Pipeline\\{closure}()
#66 /home/u980949395/domains/sector71.app/public_html/vendor/laravel/framework/src/Illuminate/Pipeline/Pipeline.php(180): App\\Http\\Middleware\\SecurityHeaders->handle()
#67 /home/u980949395/domains/sector71.app/public_html/vendor/laravel/framework/src/Illuminate/Http/Middleware/TrustProxies.php(39): Illuminate\\Pipeline\\Pipeline->Illuminate\\Pipeline\\{closure}()
#68 /home/u980949395/domains/sector71.app/public_html/vendor/laravel/framework/src/Illuminate/Pipeline/Pipeline.php(180): Illuminate\\Http\\Middleware\\TrustProxies->handle()
#69 /home/u980949395/domains/sector71.app/public_html/vendor/laravel/framework/src/Illuminate/Pipeline/Pipeline.php(116): Illuminate\\Pipeline\\Pipeline->Illuminate\\Pipeline\\{closure}()
#70 /home/u980949395/domains/sector71.app/public_html/vendor/laravel/framework/src/Illuminate/Foundation/Http/Kernel.php(165): Illuminate\\Pipeline\\Pipeline->then()
#71 /home/u980949395/domains/sector71.app/public_html/vendor/laravel/framework/src/Illuminate/Foundation/Http/Kernel.php(134): Illuminate\\Foundation\\Http\\Kernel->sendRequestThroughRouter()
#72 /home/u980949395/domains/sector71.app/public_html/public/index.php(51): Illuminate\\Foundation\\Http\\Kernel->handle()
#73 {main}

[previous exception] [object] (InvalidArgumentException(code: 0): Action Modules\\Superadmin\\Http\\Controllers\\MobileAppUsersController@index not defined. at /home/u980949395/domains/sector71.app/public_html/vendor/laravel/framework/src/Illuminate/Routing/UrlGenerator.php:510)
[stacktrace]
#0 /home/u980949395/domains/sector71.app/public_html/vendor/laravel/framework/src/Illuminate/Foundation/helpers.php(102): Illuminate\\Routing\\UrlGenerator->action()
#1 /home/u980949395/domains/sector71.app/public_html/storage/framework/views/ed7c9f7a0a1c6e7446fdf99d89e814c7e68d8a21.php(29): action()
#2 /home/u980949395/domains/sector71.app/public_html/vendor/laravel/framework/src/Illuminate/Filesystem/Filesystem.php(109): require('/home/u98094939...')
#3 /home/u980949395/domains/sector71.app/public_html/vendor/laravel/framework/src/Illuminate/Filesystem/Filesystem.php(110): Illuminate\\Filesystem\\Filesystem::Illuminate\\Filesystem\\{closure}()
#4 /home/u980949395/domains/sector71.app/public_html/vendor/laravel/framework/src/Illuminate/View/Engines/PhpEngine.php(58): Illuminate\\Filesystem\\Filesystem->getRequire()
#5 /home/u980949395/domains/sector71.app/public_html/vendor/laravel/framework/src/Illuminate/View/Engines/CompilerEngine.php(70): Illuminate\\View\\Engines\\PhpEngine->evaluatePath()
#6 /home/u980949395/domains/sector71.app/public_html/vendor/laravel/framework/src/Illuminate/View/View.php(195): Illuminate\\View\\Engines\\CompilerEngine->get()
#7 /home/u980949395/domains/sector71.app/public_html/vendor/laravel/framework/src/Illuminate/View/View.php(178): Illuminate\\View\\View->getContents()
#8 /home/u980949395/domains/sector71.app/public_html/vendor/laravel/framework/src/Illuminate/View/View.php(147): Illuminate\\View\\View->renderContents()
#9 /home/u980949395/domains/sector71.app/public_html/storage/framework/views/ff6ec41ba30253d7d788fdc2125fa4da14692d74.php(5): Illuminate\\View\\View->render()
#10 /home/u980949395/domains/sector71.app/public_html/vendor/laravel/framework/src/Illuminate/Filesystem/Filesystem.php(109): require('/home/u98094939...')
#11 /home/u980949395/domains/sector71.app/public_html/vendor/laravel/framework/src/Illuminate/Filesystem/Filesystem.php(110): Illuminate\\Filesystem\\Filesystem::Illuminate\\Filesystem\\{closure}()
#12 /home/u980949395/domains/sector71.app/public_html/vendor/laravel/framework/src/Illuminate/View/Engines/PhpEngine.php(58): Illuminate\\Filesystem\\Filesystem->getRequire()
#13 /home/u980949395/domains/sector71.app/public_html/vendor/laravel/framework/src/Illuminate/View/Engines/CompilerEngine.php(70): Illuminate\\View\\Engines\\PhpEngine->evaluatePath()
#14 /home/u980949395/domains/sector71.app/public_html/vendor/laravel/framework/src/Illuminate/View/View.php(195): Illuminate\\View\\Engines\\CompilerEngine->get()
#15 /home/u980949395/domains/sector71.app/public_html/vendor/laravel/framework/src/Illuminate/View/View.php(178): Illuminate\\View\\View->getContents()
#16 /home/u980949395/domains/sector71.app/public_html/vendor/laravel/framework/src/Illuminate/View/View.php(147): Illuminate\\View\\View->renderContents()
#17 /home/u980949395/domains/sector71.app/public_html/vendor/laravel/framework/src/Illuminate/Http/Response.php(69): Illuminate\\View\\View->render()
#18 /home/u980949395/domains/sector71.app/public_html/vendor/laravel/framework/src/Illuminate/Http/Response.php(35): Illuminate\\Http\\Response->setContent()
#19 /home/u980949395/domains/sector71.app/public_html/vendor/laravel/framework/src/Illuminate/Routing/Router.php(906): Illuminate\\Http\\Response->__construct()
#20 /home/u980949395/domains/sector71.app/public_html/vendor/laravel/framework/src/Illuminate/Routing/Router.php(875): Illuminate\\Routing\\Router::toResponse()
#21 /home/u980949395/domains/sector71.app/public_html/vendor/laravel/framework/src/Illuminate/Routing/Router.php(797): Illuminate\\Routing\\Router->prepareResponse()
#22 /home/u980949395/domains/sector71.app/public_html/vendor/laravel/framework/src/Illuminate/Pipeline/Pipeline.php(141): Illuminate\\Routing\\Router->Illuminate\\Routing\\{closure}()
#23 /home/u980949395/domains/sector71.app/public_html/app/Http/Middleware/Superadmin.php(21): Illuminate\\Pipeline\\Pipeline->Illuminate\\Pipeline\\{closure}()
#24 /home/u980949395/domains/sector71.app/public_html/vendor/laravel/framework/src/Illuminate/Pipeline/Pipeline.php(180): App\\Http\\Middleware\\Superadmin->handle()
#25 /home/u980949395/domains/sector71.app/public_html/app/Http/Middleware/AdminSidebarMenu.php(892): Illuminate\\Pipeline\\Pipeline->Illuminate\\Pipeline\\{closure}()
#26 /home/u980949395/domains/sector71.app/public_html/vendor/laravel/framework/src/Illuminate/Pipeline/Pipeline.php(180): App\\Http\\Middleware\\AdminSidebarMenu->handle()
#27 /home/u980949395/domains/sector71.app/public_html/app/Http/Middleware/Language.php(25): Illuminate\\Pipeline\\Pipeline->Illuminate\\Pipeline\\{closure}()
#28 /home/u980949395/domains/sector71.app/public_html/vendor/laravel/framework/src/Illuminate/Pipeline/Pipeline.php(180): App\\Http\\Middleware\\Language->handle()
#29 /home/u980949395/domains/sector71.app/public_html/vendor/laravel/framework/src/Illuminate/Routing/Middleware/SubstituteBindings.php(50): Illuminate\\Pipeline\\Pipeline->Illuminate\\Pipeline\\{closure}()
#30 /home/u980949395/domains/sector71.app/public_html/vendor/laravel/framework/src/Illuminate/Pipeline/Pipeline.php(180): Illuminate\\Routing\\Middleware\\SubstituteBindings->handle()
#31 /home/u980949395/domains/sector71.app/public_html/vendor/laravel/framework/src/Illuminate/Auth/Middleware/Authenticate.php(44): Illuminate\\Pipeline\\Pipeline->Illuminate\\Pipeline\\{closure}()
#32 /home/u980949395/domains/sector71.app/public_html/vendor/laravel/framework/src/Illuminate/Pipeline/Pipeline.php(180): Illuminate\\Auth\\Middleware\\Authenticate->handle()
#33 /home/u980949395/domains/sector71.app/public_html/vendor/laravel/framework/src/Illuminate/Foundation/Http/Middleware/VerifyCsrfToken.php(78): Illuminate\\Pipeline\\Pipeline->Illuminate\\Pipeline\\{closure}()
#34 /home/u980949395/domains/sector71.app/public_html/vendor/laravel/framework/src/Illuminate/Pipeline/Pipeline.php(180): Illuminate\\Foundation\\Http\\Middleware\\VerifyCsrfToken->handle()
#35 /home/u980949395/domains/sector71.app/public_html/vendor/laravel/framework/src/Illuminate/View/Middleware/ShareErrorsFromSession.php(49): Illuminate\\Pipeline\\Pipeline->Illuminate\\Pipeline\\{closure}()
#36 /home/u980949395/domains/sector71.app/public_html/vendor/laravel/framework/src/Illuminate/Pipeline/Pipeline.php(180): Illuminate\\View\\Middleware\\ShareErrorsFromSession->handle()
#37 /home/u980949395/domains/sector71.app/public_html/vendor/laravel/framework/src/Illuminate/Session/Middleware/StartSession.php(121): Illuminate\\Pipeline\\Pipeline->Illuminate\\Pipeline\\{closure}()
#38 /home/u980949395/domains/sector71.app/public_html/vendor/laravel/framework/src/Illuminate/Session/Middleware/StartSession.php(64): Illuminate\\Session\\Middleware\\StartSession->handleStatefulRequest()
#39 /home/u980949395/domains/sector71.app/public_html/vendor/laravel/framework/src/Illuminate/Pipeline/Pipeline.php(180): Illuminate\\Session\\Middleware\\StartSession->handle()
#40 /home/u980949395/domains/sector71.app/public_html/vendor/laravel/framework/src/Illuminate/Cookie/Middleware/AddQueuedCookiesToResponse.php(37): Illuminate\\Pipeline\\Pipeline->Illuminate\\Pipeline\\{closure}()
#41 /home/u980949395/domains/sector71.app/public_html/vendor/laravel/framework/src/Illuminate/Pipeline/Pipeline.php(180): Illuminate\\Cookie\\Middleware\\AddQueuedCookiesToResponse->handle()
#42 /home/u980949395/domains/sector71.app/public_html/vendor/laravel/framework/src/Illuminate/Cookie/Middleware/EncryptCookies.php(67): Illuminate\\Pipeline\\Pipeline->Illuminate\\Pipeline\\{closure}()
#43 /home/u980949395/domains/sector71.app/public_html/vendor/laravel/framework/src/Illuminate/Pipeline/Pipeline.php(180): Illuminate\\Cookie\\Middleware\\EncryptCookies->handle()
#44 /home/u980949395/domains/sector71.app/public_html/vendor/laravel/framework/src/Illuminate/Pipeline/Pipeline.php(116): Illuminate\\Pipeline\\Pipeline->Illuminate\\Pipeline\\{closure}()
#45 /home/u980949395/domains/sector71.app/public_html/vendor/laravel/framework/src/Illuminate/Routing/Router.php(797): Illuminate\\Pipeline\\Pipeline->then()
#46 /home/u980949395/domains/sector71.app/public_html/vendor/laravel/framework/src/Illuminate/Routing/Router.php(776): Illuminate\\Routing\\Router->runRouteWithinStack()
#47 /home/u980949395/domains/sector71.app/public_html/vendor/laravel/framework/src/Illuminate/Routing/Router.php(740): Illuminate\\Routing\\Router->runRoute()
#48 /home/u980949395/domains/sector71.app/public_html/vendor/laravel/framework/src/Illuminate/Routing/Router.php(729): Illuminate\\Routing\\Router->dispatchToRoute()
#49 /home/u980949395/domains/sector71.app/public_html/vendor/laravel/framework/src/Illuminate/Foundation/Http/Kernel.php(190): Illuminate\\Routing\\Router->dispatch()
#50 /home/u980949395/domains/sector71.app/public_html/vendor/laravel/framework/src/Illuminate/Pipeline/Pipeline.php(141): Illuminate\\Foundation\\Http\\Kernel->Illuminate\\Foundation\\Http\\{closure}()
#51 /home/u980949395/domains/sector71.app/public_html/vendor/barryvdh/laravel-debugbar/src/Middleware/InjectDebugbar.php(59): Illuminate\\Pipeline\\Pipeline->Illuminate\\Pipeline\\{closure}()
#52 /home/u980949395/domains/sector71.app/public_html/vendor/laravel/framework/src/Illuminate/Pipeline/Pipeline.php(180): Barryvdh\\Debugbar\\Middleware\\InjectDebugbar->handle()
#53 /home/u980949395/domains/sector71.app/public_html/vendor/laravel/framework/src/Illuminate/Foundation/Http/Middleware/TransformsRequest.php(21): Illuminate\\Pipeline\\Pipeline->Illuminate\\Pipeline\\{closure}()
#54 /home/u980949395/domains/sector71.app/public_html/vendor/laravel/framework/src/Illuminate/Foundation/Http/Middleware/ConvertEmptyStringsToNull.php(31): Illuminate\\Foundation\\Http\\Middleware\\TransformsRequest->handle()
#55 /home/u980949395/domains/sector71.app/public_html/vendor/laravel/framework/src/Illuminate/Pipeline/Pipeline.php(180): Illuminate\\Foundation\\Http\\Middleware\\ConvertEmptyStringsToNull->handle()
#56 /home/u980949395/domains/sector71.app/public_html/vendor/laravel/framework/src/Illuminate/Foundation/Http/Middleware/TransformsRequest.php(21): Illuminate\\Pipeline\\Pipeline->Illuminate\\Pipeline\\{closure}()
#57 /home/u980949395/domains/sector71.app/public_html/vendor/laravel/framework/src/Illuminate/Foundation/Http/Middleware/TrimStrings.php(40): Illuminate\\Foundation\\Http\\Middleware\\TransformsRequest->handle()
#58 /home/u980949395/domains/sector71.app/public_html/vendor/laravel/framework/src/Illuminate/Pipeline/Pipeline.php(180): Illuminate\\Foundation\\Http\\Middleware\\TrimStrings->handle()
#59 /home/u980949395/domains/sector71.app/public_html/vendor/laravel/framework/src/Illuminate/Foundation/Http/Middleware/ValidatePostSize.php(27): Illuminate\\Pipeline\\Pipeline->Illuminate\\Pipeline\\{closure}()
#60 /home/u980949395/domains/sector71.app/public_html/vendor/laravel/framework/src/Illuminate/Pipeline/Pipeline.php(180): Illuminate\\Foundation\\Http\\Middleware\\ValidatePostSize->handle()
#61 /home/u980949395/domains/sector71.app/public_html/vendor/laravel/framework/src/Illuminate/Foundation/Http/Middleware/PreventRequestsDuringMaintenance.php(86): Illuminate\\Pipeline\\Pipeline->Illuminate\\Pipeline\\{closure}()
#62 /home/u980949395/domains/sector71.app/public_html/vendor/laravel/framework/src/Illuminate/Pipeline/Pipeline.php(180): Illuminate\\Foundation\\Http\\Middleware\\PreventRequestsDuringMaintenance->handle()
#63 /home/u980949395/domains/sector71.app/public_html/vendor/laravel/framework/src/Illuminate/Http/Middleware/HandleCors.php(49): Illuminate\\Pipeline\\Pipeline->Illuminate\\Pipeline\\{closure}()
#64 /home/u980949395/domains/sector71.app/public_html/vendor/laravel/framework/src/Illuminate/Pipeline/Pipeline.php(180): Illuminate\\Http\\Middleware\\HandleCors->handle()
#65 /home/u980949395/domains/sector71.app/public_html/app/Http/Middleware/SecurityHeaders.php(12): Illuminate\\Pipeline\\Pipeline->Illuminate\\Pipeline\\{closure}()
#66 /home/u980949395/domains/sector71.app/public_html/vendor/laravel/framework/src/Illuminate/Pipeline/Pipeline.php(180): App\\Http\\Middleware\\SecurityHeaders->handle()
#67 /home/u980949395/domains/sector71.app/public_html/vendor/laravel/framework/src/Illuminate/Http/Middleware/TrustProxies.php(39): Illuminate\\Pipeline\\Pipeline->Illuminate\\Pipeline\\{closure}()
#68 /home/u980949395/domains/sector71.app/public_html/vendor/laravel/framework/src/Illuminate/Pipeline/Pipeline.php(180): Illuminate\\Http\\Middleware\\TrustProxies->handle()
#69 /home/u980949395/domains/sector71.app/public_html/vendor/laravel/framework/src/Illuminate/Pipeline/Pipeline.php(116): Illuminate\\Pipeline\\Pipeline->Illuminate\\Pipeline\\{closure}()
#70 /home/u980949395/domains/sector71.app/public_html/vendor/laravel/framework/src/Illuminate/Foundation/Http/Kernel.php(165): Illuminate\\Pipeline\\Pipeline->then()
#71 /home/u980949395/domains/sector71.app/public_html/vendor/laravel/framework/src/Illuminate/Foundation/Http/Kernel.php(134): Illuminate\\Foundation\\Http\\Kernel->sendRequestThroughRouter()
#72 /home/u980949395/domains/sector71.app/public_html/public/index.php(51): Illuminate\\Foundation\\Http\\Kernel->handle()
#73 {main}
"} 
[2026-04-29 22:59:32] live.ERROR: Action Modules\Superadmin\Http\Controllers\MobileAppUsersController@index not defined. {"view":{"view":"/home/u980949395/domains/sector71.app/public_html/Modules/Superadmin/Resources/views/layouts/nav.blade.php","data":[]},"userId":1,"exception":"[object] (Spatie\\LaravelIgnition\\Exceptions\\ViewException(code: 0): Action Modules\\Superadmin\\Http\\Controllers\\MobileAppUsersController@index not defined. at /home/u980949395/domains/sector71.app/public_html/vendor/laravel/framework/src/Illuminate/Routing/UrlGenerator.php:510)
[stacktrace]
#0 /home/u980949395/domains/sector71.app/public_html/vendor/laravel/framework/src/Illuminate/Foundation/helpers.php(102): Illuminate\\Routing\\UrlGenerator->action()
#1 /home/u980949395/domains/sector71.app/public_html/Modules/Superadmin/Resources/views/layouts/nav.blade.php(29): action()
#2 /home/u980949395/domains/sector71.app/public_html/vendor/laravel/framework/src/Illuminate/Filesystem/Filesystem.php(109): require('/home/u98094939...')
#3 /home/u980949395/domains/sector71.app/public_html/vendor/laravel/framework/src/Illuminate/Filesystem/Filesystem.php(110): Illuminate\\Filesystem\\Filesystem::Illuminate\\Filesystem\\{closure}()
#4 /home/u980949395/domains/sector71.app/public_html/vendor/laravel/framework/src/Illuminate/View/Engines/PhpEngine.php(58): Illuminate\\Filesystem\\Filesystem->getRequire()
#5 /home/u980949395/domains/sector71.app/public_html/vendor/laravel/framework/src/Illuminate/View/Engines/CompilerEngine.php(70): Illuminate\\View\\Engines\\PhpEngine->evaluatePath()
#6 /home/u980949395/domains/sector71.app/public_html/vendor/laravel/framework/src/Illuminate/View/View.php(195): Illuminate\\View\\Engines\\CompilerEngine->get()
#7 /home/u980949395/domains/sector71.app/public_html/vendor/laravel/framework/src/Illuminate/View/View.php(178): Illuminate\\View\\View->getContents()
#8 /home/u980949395/domains/sector71.app/public_html/vendor/laravel/framework/src/Illuminate/View/View.php(147): Illuminate\\View\\View->renderContents()
#9 /home/u980949395/domains/sector71.app/public_html/Modules/Superadmin/Resources/views/superadmin_settings/edit.blade.php(5): Illuminate\\View\\View->render()
#10 /home/u980949395/domains/sector71.app/public_html/vendor/laravel/framework/src/Illuminate/Filesystem/Filesystem.php(109): require('/home/u98094939...')
#11 /home/u980949395/domains/sector71.app/public_html/vendor/laravel/framework/src/Illuminate/Filesystem/Filesystem.php(110): Illuminate\\Filesystem\\Filesystem::Illuminate\\Filesystem\\{closure}()
#12 /home/u980949395/domains/sector71.app/public_html/vendor/laravel/framework/src/Illuminate/View/Engines/PhpEngine.php(58): Illuminate\\Filesystem\\Filesystem->getRequire()
#13 /home/u980949395/domains/sector71.app/public_html/vendor/laravel/framework/src/Illuminate/View/Engines/CompilerEngine.php(70): Illuminate\\View\\Engines\\PhpEngine->evaluatePath()
#14 /home/u980949395/domains/sector71.app/public_html/vendor/laravel/framework/src/Illuminate/View/View.php(195): Illuminate\\View\\Engines\\CompilerEngine->get()
#15 /home/u980949395/domains/sector71.app/public_html/vendor/laravel/framework/src/Illuminate/View/View.php(178): Illuminate\\View\\View->getContents()
#16 /home/u980949395/domains/sector71.app/public_html/vendor/laravel/framework/src/Illuminate/View/View.php(147): Illuminate\\View\\View->renderContents()
#17 /home/u980949395/domains/sector71.app/public_html/vendor/laravel/framework/src/Illuminate/Http/Response.php(69): Illuminate\\View\\View->render()
#18 /home/u980949395/domains/sector71.app/public_html/vendor/laravel/framework/src/Illuminate/Http/Response.php(35): Illuminate\\Http\\Response->setContent()
#19 /home/u980949395/domains/sector71.app/public_html/vendor/laravel/framework/src/Illuminate/Routing/Router.php(906): Illuminate\\Http\\Response->__construct()
#20 /home/u980949395/domains/sector71.app/public_html/vendor/laravel/framework/src/Illuminate/Routing/Router.php(875): Illuminate\\Routing\\Router::toResponse()
#21 /home/u980949395/domains/sector71.app/public_html/vendor/laravel/framework/src/Illuminate/Routing/Router.php(797): Illuminate\\Routing\\Router->prepareResponse()
#22 /home/u980949395/domains/sector71.app/public_html/vendor/laravel/framework/src/Illuminate/Pipeline/Pipeline.php(141): Illuminate\\Routing\\Router->Illuminate\\Routing\\{closure}()
#23 /home/u980949395/domains/sector71.app/public_html/app/Http/Middleware/Superadmin.php(21): Illuminate\\Pipeline\\Pipeline->Illuminate\\Pipeline\\{closure}()
#24 /home/u980949395/domains/sector71.app/public_html/vendor/laravel/framework/src/Illuminate/Pipeline/Pipeline.php(180): App\\Http\\Middleware\\Superadmin->handle()
#25 /home/u980949395/domains/sector71.app/public_html/app/Http/Middleware/AdminSidebarMenu.php(892): Illuminate\\Pipeline\\Pipeline->Illuminate\\Pipeline\\{closure}()
#26 /home/u980949395/domains/sector71.app/public_html/vendor/laravel/framework/src/Illuminate/Pipeline/Pipeline.php(180): App\\Http\\Middleware\\AdminSidebarMenu->handle()
#27 /home/u980949395/domains/sector71.app/public_html/app/Http/Middleware/Language.php(25): Illuminate\\Pipeline\\Pipeline->Illuminate\\Pipeline\\{closure}()
#28 /home/u980949395/domains/sector71.app/public_html/vendor/laravel/framework/src/Illuminate/Pipeline/Pipeline.php(180): App\\Http\\Middleware\\Language->handle()
#29 /home/u980949395/domains/sector71.app/public_html/vendor/laravel/framework/src/Illuminate/Routing/Middleware/SubstituteBindings.php(50): Illuminate\\Pipeline\\Pipeline->Illuminate\\Pipeline\\{closure}()
#30 /home/u980949395/domains/sector71.app/public_html/vendor/laravel/framework/src/Illuminate/Pipeline/Pipeline.php(180): Illuminate\\Routing\\Middleware\\SubstituteBindings->handle()
#31 /home/u980949395/domains/sector71.app/public_html/vendor/laravel/framework/src/Illuminate/Auth/Middleware/Authenticate.php(44): Illuminate\\Pipeline\\Pipeline->Illuminate\\Pipeline\\{closure}()
#32 /home/u980949395/domains/sector71.app/public_html/vendor/laravel/framework/src/Illuminate/Pipeline/Pipeline.php(180): Illuminate\\Auth\\Middleware\\Authenticate->handle()
#33 /home/u980949395/domains/sector71.app/public_html/vendor/laravel/framework/src/Illuminate/Foundation/Http/Middleware/VerifyCsrfToken.php(78): Illuminate\\Pipeline\\Pipeline->Illuminate\\Pipeline\\{closure}()
#34 /home/u980949395/domains/sector71.app/public_html/vendor/laravel/framework/src/Illuminate/Pipeline/Pipeline.php(180): Illuminate\\Foundation\\Http\\Middleware\\VerifyCsrfToken->handle()
#35 /home/u980949395/domains/sector71.app/public_html/vendor/laravel/framework/src/Illuminate/View/Middleware/ShareErrorsFromSession.php(49): Illuminate\\Pipeline\\Pipeline->Illuminate\\Pipeline\\{closure}()
#36 /home/u980949395/domains/sector71.app/public_html/vendor/laravel/framework/src/Illuminate/Pipeline/Pipeline.php(180): Illuminate\\View\\Middleware\\ShareErrorsFromSession->handle()
#37 /home/u980949395/domains/sector71.app/public_html/vendor/laravel/framework/src/Illuminate/Session/Middleware/StartSession.php(121): Illuminate\\Pipeline\\Pipeline->Illuminate\\Pipeline\\{closure}()
#38 /home/u980949395/domains/sector71.app/public_html/vendor/laravel/framework/src/Illuminate/Session/Middleware/StartSession.php(64): Illuminate\\Session\\Middleware\\StartSession->handleStatefulRequest()
#39 /home/u980949395/domains/sector71.app/public_html/vendor/laravel/framework/src/Illuminate/Pipeline/Pipeline.php(180): Illuminate\\Session\\Middleware\\StartSession->handle()
#40 /home/u980949395/domains/sector71.app/public_html/vendor/laravel/framework/src/Illuminate/Cookie/Middleware/AddQueuedCookiesToResponse.php(37): Illuminate\\Pipeline\\Pipeline->Illuminate\\Pipeline\\{closure}()
#41 /home/u980949395/domains/sector71.app/public_html/vendor/laravel/framework/src/Illuminate/Pipeline/Pipeline.php(180): Illuminate\\Cookie\\Middleware\\AddQueuedCookiesToResponse->handle()
#42 /home/u980949395/domains/sector71.app/public_html/vendor/laravel/framework/src/Illuminate/Cookie/Middleware/EncryptCookies.php(67): Illuminate\\Pipeline\\Pipeline->Illuminate\\Pipeline\\{closure}()
#43 /home/u980949395/domains/sector71.app/public_html/vendor/laravel/framework/src/Illuminate/Pipeline/Pipeline.php(180): Illuminate\\Cookie\\Middleware\\EncryptCookies->handle()
#44 /home/u980949395/domains/sector71.app/public_html/vendor/laravel/framework/src/Illuminate/Pipeline/Pipeline.php(116): Illuminate\\Pipeline\\Pipeline->Illuminate\\Pipeline\\{closure}()
#45 /home/u980949395/domains/sector71.app/public_html/vendor/laravel/framework/src/Illuminate/Routing/Router.php(797): Illuminate\\Pipeline\\Pipeline->then()
#46 /home/u980949395/domains/sector71.app/public_html/vendor/laravel/framework/src/Illuminate/Routing/Router.php(776): Illuminate\\Routing\\Router->runRouteWithinStack()
#47 /home/u980949395/domains/sector71.app/public_html/vendor/laravel/framework/src/Illuminate/Routing/Router.php(740): Illuminate\\Routing\\Router->runRoute()
#48 /home/u980949395/domains/sector71.app/public_html/vendor/laravel/framework/src/Illuminate/Routing/Router.php(729): Illuminate\\Routing\\Router->dispatchToRoute()
#49 /home/u980949395/domains/sector71.app/public_html/vendor/laravel/framework/src/Illuminate/Foundation/Http/Kernel.php(190): Illuminate\\Routing\\Router->dispatch()
#50 /home/u980949395/domains/sector71.app/public_html/vendor/laravel/framework/src/Illuminate/Pipeline/Pipeline.php(141): Illuminate\\Foundation\\Http\\Kernel->Illuminate\\Foundation\\Http\\{closure}()
#51 /home/u980949395/domains/sector71.app/public_html/vendor/barryvdh/laravel-debugbar/src/Middleware/InjectDebugbar.php(59): Illuminate\\Pipeline\\Pipeline->Illuminate\\Pipeline\\{closure}()
#52 /home/u980949395/domains/sector71.app/public_html/vendor/laravel/framework/src/Illuminate/Pipeline/Pipeline.php(180): Barryvdh\\Debugbar\\Middleware\\InjectDebugbar->handle()
#53 /home/u980949395/domains/sector71.app/public_html/vendor/laravel/framework/src/Illuminate/Foundation/Http/Middleware/TransformsRequest.php(21): Illuminate\\Pipeline\\Pipeline->Illuminate\\Pipeline\\{closure}()
#54 /home/u980949395/domains/sector71.app/public_html/vendor/laravel/framework/src/Illuminate/Foundation/Http/Middleware/ConvertEmptyStringsToNull.php(31): Illuminate\\Foundation\\Http\\Middleware\\TransformsRequest->handle()
#55 /home/u980949395/domains/sector71.app/public_html/vendor/laravel/framework/src/Illuminate/Pipeline/Pipeline.php(180): Illuminate\\Foundation\\Http\\Middleware\\ConvertEmptyStringsToNull->handle()
#56 /home/u980949395/domains/sector71.app/public_html/vendor/laravel/framework/src/Illuminate/Foundation/Http/Middleware/TransformsRequest.php(21): Illuminate\\Pipeline\\Pipeline->Illuminate\\Pipeline\\{closure}()
#57 /home/u980949395/domains/sector71.app/public_html/vendor/laravel/framework/src/Illuminate/Foundation/Http/Middleware/TrimStrings.php(40): Illuminate\\Foundation\\Http\\Middleware\\TransformsRequest->handle()
#58 /home/u980949395/domains/sector71.app/public_html/vendor/laravel/framework/src/Illuminate/Pipeline/Pipeline.php(180): Illuminate\\Foundation\\Http\\Middleware\\TrimStrings->handle()
#59 /home/u980949395/domains/sector71.app/public_html/vendor/laravel/framework/src/Illuminate/Foundation/Http/Middleware/ValidatePostSize.php(27): Illuminate\\Pipeline\\Pipeline->Illuminate\\Pipeline\\{closure}()
#60 /home/u980949395/domains/sector71.app/public_html/vendor/laravel/framework/src/Illuminate/Pipeline/Pipeline.php(180): Illuminate\\Foundation\\Http\\Middleware\\ValidatePostSize->handle()
#61 /home/u980949395/domains/sector71.app/public_html/vendor/laravel/framework/src/Illuminate/Foundation/Http/Middleware/PreventRequestsDuringMaintenance.php(86): Illuminate\\Pipeline\\Pipeline->Illuminate\\Pipeline\\{closure}()
#62 /home/u980949395/domains/sector71.app/public_html/vendor/laravel/framework/src/Illuminate/Pipeline/Pipeline.php(180): Illuminate\\Foundation\\Http\\Middleware\\PreventRequestsDuringMaintenance->handle()
#63 /home/u980949395/domains/sector71.app/public_html/vendor/laravel/framework/src/Illuminate/Http/Middleware/HandleCors.php(49): Illuminate\\Pipeline\\Pipeline->Illuminate\\Pipeline\\{closure}()
#64 /home/u980949395/domains/sector71.app/public_html/vendor/laravel/framework/src/Illuminate/Pipeline/Pipeline.php(180): Illuminate\\Http\\Middleware\\HandleCors->handle()
#65 /home/u980949395/domains/sector71.app/public_html/app/Http/Middleware/SecurityHeaders.php(12): Illuminate\\Pipeline\\Pipeline->Illuminate\\Pipeline\\{closure}()
#66 /home/u980949395/domains/sector71.app/public_html/vendor/laravel/framework/src/Illuminate/Pipeline/Pipeline.php(180): App\\Http\\Middleware\\SecurityHeaders->handle()
#67 /home/u980949395/domains/sector71.app/public_html/vendor/laravel/framework/src/Illuminate/Http/Middleware/TrustProxies.php(39): Illuminate\\Pipeline\\Pipeline->Illuminate\\Pipeline\\{closure}()
#68 /home/u980949395/domains/sector71.app/public_html/vendor/laravel/framework/src/Illuminate/Pipeline/Pipeline.php(180): Illuminate\\Http\\Middleware\\TrustProxies->handle()
#69 /home/u980949395/domains/sector71.app/public_html/vendor/laravel/framework/src/Illuminate/Pipeline/Pipeline.php(116): Illuminate\\Pipeline\\Pipeline->Illuminate\\Pipeline\\{closure}()
#70 /home/u980949395/domains/sector71.app/public_html/vendor/laravel/framework/src/Illuminate/Foundation/Http/Kernel.php(165): Illuminate\\Pipeline\\Pipeline->then()
#71 /home/u980949395/domains/sector71.app/public_html/vendor/laravel/framework/src/Illuminate/Foundation/Http/Kernel.php(134): Illuminate\\Foundation\\Http\\Kernel->sendRequestThroughRouter()
#72 /home/u980949395/domains/sector71.app/public_html/public/index.php(51): Illuminate\\Foundation\\Http\\Kernel->handle()
#73 {main}

[previous exception] [object] (InvalidArgumentException(code: 0): Action Modules\\Superadmin\\Http\\Controllers\\MobileAppUsersController@index not defined. at /home/u980949395/domains/sector71.app/public_html/vendor/laravel/framework/src/Illuminate/Routing/UrlGenerator.php:510)
[stacktrace]
#0 /home/u980949395/domains/sector71.app/public_html/vendor/laravel/framework/src/Illuminate/Foundation/helpers.php(102): Illuminate\\Routing\\UrlGenerator->action()
#1 /home/u980949395/domains/sector71.app/public_html/storage/framework/views/ed7c9f7a0a1c6e7446fdf99d89e814c7e68d8a21.php(29): action()
#2 /home/u980949395/domains/sector71.app/public_html/vendor/laravel/framework/src/Illuminate/Filesystem/Filesystem.php(109): require('/home/u98094939...')
#3 /home/u980949395/domains/sector71.app/public_html/vendor/laravel/framework/src/Illuminate/Filesystem/Filesystem.php(110): Illuminate\\Filesystem\\Filesystem::Illuminate\\Filesystem\\{closure}()
#4 /home/u980949395/domains/sector71.app/public_html/vendor/laravel/framework/src/Illuminate/View/Engines/PhpEngine.php(58): Illuminate\\Filesystem\\Filesystem->getRequire()
#5 /home/u980949395/domains/sector71.app/public_html/vendor/laravel/framework/src/Illuminate/View/Engines/CompilerEngine.php(70): Illuminate\\View\\Engines\\PhpEngine->evaluatePath()
#6 /home/u980949395/domains/sector71.app/public_html/vendor/laravel/framework/src/Illuminate/View/View.php(195): Illuminate\\View\\Engines\\CompilerEngine->get()
#7 /home/u980949395/domains/sector71.app/public_html/vendor/laravel/framework/src/Illuminate/View/View.php(178): Illuminate\\View\\View->getContents()
#8 /home/u980949395/domains/sector71.app/public_html/vendor/laravel/framework/src/Illuminate/View/View.php(147): Illuminate\\View\\View->renderContents()
#9 /home/u980949395/domains/sector71.app/public_html/storage/framework/views/ff6ec41ba30253d7d788fdc2125fa4da14692d74.php(5): Illuminate\\View\\View->render()
#10 /home/u980949395/domains/sector71.app/public_html/vendor/laravel/framework/src/Illuminate/Filesystem/Filesystem.php(109): require('/home/u98094939...')
#11 /home/u980949395/domains/sector71.app/public_html/vendor/laravel/framework/src/Illuminate/Filesystem/Filesystem.php(110): Illuminate\\Filesystem\\Filesystem::Illuminate\\Filesystem\\{closure}()
#12 /home/u980949395/domains/sector71.app/public_html/vendor/laravel/framework/src/Illuminate/View/Engines/PhpEngine.php(58): Illuminate\\Filesystem\\Filesystem->getRequire()
#13 /home/u980949395/domains/sector71.app/public_html/vendor/laravel/framework/src/Illuminate/View/Engines/CompilerEngine.php(70): Illuminate\\View\\Engines\\PhpEngine->evaluatePath()
#14 /home/u980949395/domains/sector71.app/public_html/vendor/laravel/framework/src/Illuminate/View/View.php(195): Illuminate\\View\\Engines\\CompilerEngine->get()
#15 /home/u980949395/domains/sector71.app/public_html/vendor/laravel/framework/src/Illuminate/View/View.php(178): Illuminate\\View\\View->getContents()
#16 /home/u980949395/domains/sector71.app/public_html/vendor/laravel/framework/src/Illuminate/View/View.php(147): Illuminate\\View\\View->renderContents()
#17 /home/u980949395/domains/sector71.app/public_html/vendor/laravel/framework/src/Illuminate/Http/Response.php(69): Illuminate\\View\\View->render()
#18 /home/u980949395/domains/sector71.app/public_html/vendor/laravel/framework/src/Illuminate/Http/Response.php(35): Illuminate\\Http\\Response->setContent()
#19 /home/u980949395/domains/sector71.app/public_html/vendor/laravel/framework/src/Illuminate/Routing/Router.php(906): Illuminate\\Http\\Response->__construct()
#20 /home/u980949395/domains/sector71.app/public_html/vendor/laravel/framework/src/Illuminate/Routing/Router.php(875): Illuminate\\Routing\\Router::toResponse()
#21 /home/u980949395/domains/sector71.app/public_html/vendor/laravel/framework/src/Illuminate/Routing/Router.php(797): Illuminate\\Routing\\Router->prepareResponse()
#22 /home/u980949395/domains/sector71.app/public_html/vendor/laravel/framework/src/Illuminate/Pipeline/Pipeline.php(141): Illuminate\\Routing\\Router->Illuminate\\Routing\\{closure}()
#23 /home/u980949395/domains/sector71.app/public_html/app/Http/Middleware/Superadmin.php(21): Illuminate\\Pipeline\\Pipeline->Illuminate\\Pipeline\\{closure}()
#24 /home/u980949395/domains/sector71.app/public_html/vendor/laravel/framework/src/Illuminate/Pipeline/Pipeline.php(180): App\\Http\\Middleware\\Superadmin->handle()
#25 /home/u980949395/domains/sector71.app/public_html/app/Http/Middleware/AdminSidebarMenu.php(892): Illuminate\\Pipeline\\Pipeline->Illuminate\\Pipeline\\{closure}()
#26 /home/u980949395/domains/sector71.app/public_html/vendor/laravel/framework/src/Illuminate/Pipeline/Pipeline.php(180): App\\Http\\Middleware\\AdminSidebarMenu->handle()
#27 /home/u980949395/domains/sector71.app/public_html/app/Http/Middleware/Language.php(25): Illuminate\\Pipeline\\Pipeline->Illuminate\\Pipeline\\{closure}()
#28 /home/u980949395/domains/sector71.app/public_html/vendor/laravel/framework/src/Illuminate/Pipeline/Pipeline.php(180): App\\Http\\Middleware\\Language->handle()
#29 /home/u980949395/domains/sector71.app/public_html/vendor/laravel/framework/src/Illuminate/Routing/Middleware/SubstituteBindings.php(50): Illuminate\\Pipeline\\Pipeline->Illuminate\\Pipeline\\{closure}()
#30 /home/u980949395/domains/sector71.app/public_html/vendor/laravel/framework/src/Illuminate/Pipeline/Pipeline.php(180): Illuminate\\Routing\\Middleware\\SubstituteBindings->handle()
#31 /home/u980949395/domains/sector71.app/public_html/vendor/laravel/framework/src/Illuminate/Auth/Middleware/Authenticate.php(44): Illuminate\\Pipeline\\Pipeline->Illuminate\\Pipeline\\{closure}()
#32 /home/u980949395/domains/sector71.app/public_html/vendor/laravel/framework/src/Illuminate/Pipeline/Pipeline.php(180): Illuminate\\Auth\\Middleware\\Authenticate->handle()
#33 /home/u980949395/domains/sector71.app/public_html/vendor/laravel/framework/src/Illuminate/Foundation/Http/Middleware/VerifyCsrfToken.php(78): Illuminate\\Pipeline\\Pipeline->Illuminate\\Pipeline\\{closure}()
#34 /home/u980949395/domains/sector71.app/public_html/vendor/laravel/framework/src/Illuminate/Pipeline/Pipeline.php(180): Illuminate\\Foundation\\Http\\Middleware\\VerifyCsrfToken->handle()
#35 /home/u980949395/domains/sector71.app/public_html/vendor/laravel/framework/src/Illuminate/View/Middleware/ShareErrorsFromSession.php(49): Illuminate\\Pipeline\\Pipeline->Illuminate\\Pipeline\\{closure}()
#36 /home/u980949395/domains/sector71.app/public_html/vendor/laravel/framework/src/Illuminate/Pipeline/Pipeline.php(180): Illuminate\\View\\Middleware\\ShareErrorsFromSession->handle()
#37 /home/u980949395/domains/sector71.app/public_html/vendor/laravel/framework/src/Illuminate/Session/Middleware/StartSession.php(121): Illuminate\\Pipeline\\Pipeline->Illuminate\\Pipeline\\{closure}()
#38 /home/u980949395/domains/sector71.app/public_html/vendor/laravel/framework/src/Illuminate/Session/Middleware/StartSession.php(64): Illuminate\\Session\\Middleware\\StartSession->handleStatefulRequest()
#39 /home/u980949395/domains/sector71.app/public_html/vendor/laravel/framework/src/Illuminate/Pipeline/Pipeline.php(180): Illuminate\\Session\\Middleware\\StartSession->handle()
#40 /home/u980949395/domains/sector71.app/public_html/vendor/laravel/framework/src/Illuminate/Cookie/Middleware/AddQueuedCookiesToResponse.php(37): Illuminate\\Pipeline\\Pipeline->Illuminate\\Pipeline\\{closure}()
#41 /home/u980949395/domains/sector71.app/public_html/vendor/laravel/framework/src/Illuminate/Pipeline/Pipeline.php(180): Illuminate\\Cookie\\Middleware\\AddQueuedCookiesToResponse->handle()
#42 /home/u980949395/domains/sector71.app/public_html/vendor/laravel/framework/src/Illuminate/Cookie/Middleware/EncryptCookies.php(67): Illuminate\\Pipeline\\Pipeline->Illuminate\\Pipeline\\{closure}()
#43 /home/u980949395/domains/sector71.app/public_html/vendor/laravel/framework/src/Illuminate/Pipeline/Pipeline.php(180): Illuminate\\Cookie\\Middleware\\EncryptCookies->handle()
#44 /home/u980949395/domains/sector71.app/public_html/vendor/laravel/framework/src/Illuminate/Pipeline/Pipeline.php(116): Illuminate\\Pipeline\\Pipeline->Illuminate\\Pipeline\\{closure}()
#45 /home/u980949395/domains/sector71.app/public_html/vendor/laravel/framework/src/Illuminate/Routing/Router.php(797): Illuminate\\Pipeline\\Pipeline->then()
#46 /home/u980949395/domains/sector71.app/public_html/vendor/laravel/framework/src/Illuminate/Routing/Router.php(776): Illuminate\\Routing\\Router->runRouteWithinStack()
#47 /home/u980949395/domains/sector71.app/public_html/vendor/laravel/framework/src/Illuminate/Routing/Router.php(740): Illuminate\\Routing\\Router->runRoute()
#48 /home/u980949395/domains/sector71.app/public_html/vendor/laravel/framework/src/Illuminate/Routing/Router.php(729): Illuminate\\Routing\\Router->dispatchToRoute()
#49 /home/u980949395/domains/sector71.app/public_html/vendor/laravel/framework/src/Illuminate/Foundation/Http/Kernel.php(190): Illuminate\\Routing\\Router->dispatch()
#50 /home/u980949395/domains/sector71.app/public_html/vendor/laravel/framework/src/Illuminate/Pipeline/Pipeline.php(141): Illuminate\\Foundation\\Http\\Kernel->Illuminate\\Foundation\\Http\\{closure}()
#51 /home/u980949395/domains/sector71.app/public_html/vendor/barryvdh/laravel-debugbar/src/Middleware/InjectDebugbar.php(59): Illuminate\\Pipeline\\Pipeline->Illuminate\\Pipeline\\{closure}()
#52 /home/u980949395/domains/sector71.app/public_html/vendor/laravel/framework/src/Illuminate/Pipeline/Pipeline.php(180): Barryvdh\\Debugbar\\Middleware\\InjectDebugbar->handle()
#53 /home/u980949395/domains/sector71.app/public_html/vendor/laravel/framework/src/Illuminate/Foundation/Http/Middleware/TransformsRequest.php(21): Illuminate\\Pipeline\\Pipeline->Illuminate\\Pipeline\\{closure}()
#54 /home/u980949395/domains/sector71.app/public_html/vendor/laravel/framework/src/Illuminate/Foundation/Http/Middleware/ConvertEmptyStringsToNull.php(31): Illuminate\\Foundation\\Http\\Middleware\\TransformsRequest->handle()
#55 /home/u980949395/domains/sector71.app/public_html/vendor/laravel/framework/src/Illuminate/Pipeline/Pipeline.php(180): Illuminate\\Foundation\\Http\\Middleware\\ConvertEmptyStringsToNull->handle()
#56 /home/u980949395/domains/sector71.app/public_html/vendor/laravel/framework/src/Illuminate/Foundation/Http/Middleware/TransformsRequest.php(21): Illuminate\\Pipeline\\Pipeline->Illuminate\\Pipeline\\{closure}()
#57 /home/u980949395/domains/sector71.app/public_html/vendor/laravel/framework/src/Illuminate/Foundation/Http/Middleware/TrimStrings.php(40): Illuminate\\Foundation\\Http\\Middleware\\TransformsRequest->handle()
#58 /home/u980949395/domains/sector71.app/public_html/vendor/laravel/framework/src/Illuminate/Pipeline/Pipeline.php(180): Illuminate\\Foundation\\Http\\Middleware\\TrimStrings->handle()
#59 /home/u980949395/domains/sector71.app/public_html/vendor/laravel/framework/src/Illuminate/Foundation/Http/Middleware/ValidatePostSize.php(27): Illuminate\\Pipeline\\Pipeline->Illuminate\\Pipeline\\{closure}()
#60 /home/u980949395/domains/sector71.app/public_html/vendor/laravel/framework/src/Illuminate/Pipeline/Pipeline.php(180): Illuminate\\Foundation\\Http\\Middleware\\ValidatePostSize->handle()
#61 /home/u980949395/domains/sector71.app/public_html/vendor/laravel/framework/src/Illuminate/Foundation/Http/Middleware/PreventRequestsDuringMaintenance.php(86): Illuminate\\Pipeline\\Pipeline->Illuminate\\Pipeline\\{closure}()
#62 /home/u980949395/domains/sector71.app/public_html/vendor/laravel/framework/src/Illuminate/Pipeline/Pipeline.php(180): Illuminate\\Foundation\\Http\\Middleware\\PreventRequestsDuringMaintenance->handle()
#63 /home/u980949395/domains/sector71.app/public_html/vendor/laravel/framework/src/Illuminate/Http/Middleware/HandleCors.php(49): Illuminate\\Pipeline\\Pipeline->Illuminate\\Pipeline\\{closure}()
#64 /home/u980949395/domains/sector71.app/public_html/vendor/laravel/framework/src/Illuminate/Pipeline/Pipeline.php(180): Illuminate\\Http\\Middleware\\HandleCors->handle()
#65 /home/u980949395/domains/sector71.app/public_html/app/Http/Middleware/SecurityHeaders.php(12): Illuminate\\Pipeline\\Pipeline->Illuminate\\Pipeline\\{closure}()
#66 /home/u980949395/domains/sector71.app/public_html/vendor/laravel/framework/src/Illuminate/Pipeline/Pipeline.php(180): App\\Http\\Middleware\\SecurityHeaders->handle()
#67 /home/u980949395/domains/sector71.app/public_html/vendor/laravel/framework/src/Illuminate/Http/Middleware/TrustProxies.php(39): Illuminate\\Pipeline\\Pipeline->Illuminate\\Pipeline\\{closure}()
#68 /home/u980949395/domains/sector71.app/public_html/vendor/laravel/framework/src/Illuminate/Pipeline/Pipeline.php(180): Illuminate\\Http\\Middleware\\TrustProxies->handle()
#69 /home/u980949395/domains/sector71.app/public_html/vendor/laravel/framework/src/Illuminate/Pipeline/Pipeline.php(116): Illuminate\\Pipeline\\Pipeline->Illuminate\\Pipeline\\{closure}()
#70 /home/u980949395/domains/sector71.app/public_html/vendor/laravel/framework/src/Illuminate/Foundation/Http/Kernel.php(165): Illuminate\\Pipeline\\Pipeline->then()
#71 /home/u980949395/domains/sector71.app/public_html/vendor/laravel/framework/src/Illuminate/Foundation/Http/Kernel.php(134): Illuminate\\Foundation\\Http\\Kernel->sendRequestThroughRouter()
#72 /home/u980949395/domains/sector71.app/public_html/public/index.php(51): Illuminate\\Foundation\\Http\\Kernel->handle()
#73 {main}
"} 
[2026-04-29 22:59:34] live.ERROR: Action Modules\Superadmin\Http\Controllers\MobileAppUsersController@index not defined. {"view":{"view":"/home/u980949395/domains/sector71.app/public_html/Modules/Superadmin/Resources/views/layouts/nav.blade.php","data":[]},"userId":1,"exception":"[object] (Spatie\\LaravelIgnition\\Exceptions\\ViewException(code: 0): Action Modules\\Superadmin\\Http\\Controllers\\MobileAppUsersController@index not defined. at /home/u980949395/domains/sector71.app/public_html/vendor/laravel/framework/src/Illuminate/Routing/UrlGenerator.php:510)
[stacktrace]
#0 /home/u980949395/domains/sector71.app/public_html/vendor/laravel/framework/src/Illuminate/Foundation/helpers.php(102): Illuminate\\Routing\\UrlGenerator->action()
#1 /home/u980949395/domains/sector71.app/public_html/Modules/Superadmin/Resources/views/layouts/nav.blade.php(29): action()
#2 /home/u980949395/domains/sector71.app/public_html/vendor/laravel/framework/src/Illuminate/Filesystem/Filesystem.php(109): require('/home/u98094939...')
#3 /home/u980949395/domains/sector71.app/public_html/vendor/laravel/framework/src/Illuminate/Filesystem/Filesystem.php(110): Illuminate\\Filesystem\\Filesystem::Illuminate\\Filesystem\\{closure}()
#4 /home/u980949395/domains/sector71.app/public_html/vendor/laravel/framework/src/Illuminate/View/Engines/PhpEngine.php(58): Illuminate\\Filesystem\\Filesystem->getRequire()
#5 /home/u980949395/domains/sector71.app/public_html/vendor/laravel/framework/src/Illuminate/View/Engines/CompilerEngine.php(70): Illuminate\\View\\Engines\\PhpEngine->evaluatePath()
#6 /home/u980949395/domains/sector71.app/public_html/vendor/laravel/framework/src/Illuminate/View/View.php(195): Illuminate\\View\\Engines\\CompilerEngine->get()
#7 /home/u980949395/domains/sector71.app/public_html/vendor/laravel/framework/src/Illuminate/View/View.php(178): Illuminate\\View\\View->getContents()
#8 /home/u980949395/domains/sector71.app/public_html/vendor/laravel/framework/src/Illuminate/View/View.php(147): Illuminate\\View\\View->renderContents()
#9 /home/u980949395/domains/sector71.app/public_html/Modules/Superadmin/Resources/views/superadmin/index.blade.php(5): Illuminate\\View\\View->render()
#10 /home/u980949395/domains/sector71.app/public_html/vendor/laravel/framework/src/Illuminate/Filesystem/Filesystem.php(109): require('/home/u98094939...')
#11 /home/u980949395/domains/sector71.app/public_html/vendor/laravel/framework/src/Illuminate/Filesystem/Filesystem.php(110): Illuminate\\Filesystem\\Filesystem::Illuminate\\Filesystem\\{closure}()
#12 /home/u980949395/domains/sector71.app/public_html/vendor/laravel/framework/src/Illuminate/View/Engines/PhpEngine.php(58): Illuminate\\Filesystem\\Filesystem->getRequire()
#13 /home/u980949395/domains/sector71.app/public_html/vendor/laravel/framework/src/Illuminate/View/Engines/CompilerEngine.php(70): Illuminate\\View\\Engines\\PhpEngine->evaluatePath()
#14 /home/u980949395/domains/sector71.app/public_html/vendor/laravel/framework/src/Illuminate/View/View.php(195): Illuminate\\View\\Engines\\CompilerEngine->get()
#15 /home/u980949395/domains/sector71.app/public_html/vendor/laravel/framework/src/Illuminate/View/View.php(178): Illuminate\\View\\View->getContents()
#16 /home/u980949395/domains/sector71.app/public_html/vendor/laravel/framework/src/Illuminate/View/View.php(147): Illuminate\\View\\View->renderContents()
#17 /home/u980949395/domains/sector71.app/public_html/vendor/laravel/framework/src/Illuminate/Http/Response.php(69): Illuminate\\View\\View->render()
#18 /home/u980949395/domains/sector71.app/public_html/vendor/laravel/framework/src/Illuminate/Http/Response.php(35): Illuminate\\Http\\Response->setContent()
#19 /home/u980949395/domains/sector71.app/public_html/vendor/laravel/framework/src/Illuminate/Routing/Router.php(906): Illuminate\\Http\\Response->__construct()
#20 /home/u980949395/domains/sector71.app/public_html/vendor/laravel/framework/src/Illuminate/Routing/Router.php(875): Illuminate\\Routing\\Router::toResponse()
#21 /home/u980949395/domains/sector71.app/public_html/vendor/laravel/framework/src/Illuminate/Routing/Router.php(797): Illuminate\\Routing\\Router->prepareResponse()
#22 /home/u980949395/domains/sector71.app/public_html/vendor/laravel/framework/src/Illuminate/Pipeline/Pipeline.php(141): Illuminate\\Routing\\Router->Illuminate\\Routing\\{closure}()
#23 /home/u980949395/domains/sector71.app/public_html/app/Http/Middleware/Superadmin.php(21): Illuminate\\Pipeline\\Pipeline->Illuminate\\Pipeline\\{closure}()
#24 /home/u980949395/domains/sector71.app/public_html/vendor/laravel/framework/src/Illuminate/Pipeline/Pipeline.php(180): App\\Http\\Middleware\\Superadmin->handle()
#25 /home/u980949395/domains/sector71.app/public_html/app/Http/Middleware/AdminSidebarMenu.php(892): Illuminate\\Pipeline\\Pipeline->Illuminate\\Pipeline\\{closure}()
#26 /home/u980949395/domains/sector71.app/public_html/vendor/laravel/framework/src/Illuminate/Pipeline/Pipeline.php(180): App\\Http\\Middleware\\AdminSidebarMenu->handle()
#27 /home/u980949395/domains/sector71.app/public_html/app/Http/Middleware/Language.php(25): Illuminate\\Pipeline\\Pipeline->Illuminate\\Pipeline\\{closure}()
#28 /home/u980949395/domains/sector71.app/public_html/vendor/laravel/framework/src/Illuminate/Pipeline/Pipeline.php(180): App\\Http\\Middleware\\Language->handle()
#29 /home/u980949395/domains/sector71.app/public_html/vendor/laravel/framework/src/Illuminate/Routing/Middleware/SubstituteBindings.php(50): Illuminate\\Pipeline\\Pipeline->Illuminate\\Pipeline\\{closure}()
#30 /home/u980949395/domains/sector71.app/public_html/vendor/laravel/framework/src/Illuminate/Pipeline/Pipeline.php(180): Illuminate\\Routing\\Middleware\\SubstituteBindings->handle()
#31 /home/u980949395/domains/sector71.app/public_html/vendor/laravel/framework/src/Illuminate/Auth/Middleware/Authenticate.php(44): Illuminate\\Pipeline\\Pipeline->Illuminate\\Pipeline\\{closure}()
#32 /home/u980949395/domains/sector71.app/public_html/vendor/laravel/framework/src/Illuminate/Pipeline/Pipeline.php(180): Illuminate\\Auth\\Middleware\\Authenticate->handle()
#33 /home/u980949395/domains/sector71.app/public_html/vendor/laravel/framework/src/Illuminate/Foundation/Http/Middleware/VerifyCsrfToken.php(78): Illuminate\\Pipeline\\Pipeline->Illuminate\\Pipeline\\{closure}()
#34 /home/u980949395/domains/sector71.app/public_html/vendor/laravel/framework/src/Illuminate/Pipeline/Pipeline.php(180): Illuminate\\Foundation\\Http\\Middleware\\VerifyCsrfToken->handle()
#35 /home/u980949395/domains/sector71.app/public_html/vendor/laravel/framework/src/Illuminate/View/Middleware/ShareErrorsFromSession.php(49): Illuminate\\Pipeline\\Pipeline->Illuminate\\Pipeline\\{closure}()
#36 /home/u980949395/domains/sector71.app/public_html/vendor/laravel/framework/src/Illuminate/Pipeline/Pipeline.php(180): Illuminate\\View\\Middleware\\ShareErrorsFromSession->handle()
#37 /home/u980949395/domains/sector71.app/public_html/vendor/laravel/framework/src/Illuminate/Session/Middleware/StartSession.php(121): Illuminate\\Pipeline\\Pipeline->Illuminate\\Pipeline\\{closure}()
#38 /home/u980949395/domains/sector71.app/public_html/vendor/laravel/framework/src/Illuminate/Session/Middleware/StartSession.php(64): Illuminate\\Session\\Middleware\\StartSession->handleStatefulRequest()
#39 /home/u980949395/domains/sector71.app/public_html/vendor/laravel/framework/src/Illuminate/Pipeline/Pipeline.php(180): Illuminate\\Session\\Middleware\\StartSession->handle()
#40 /home/u980949395/domains/sector71.app/public_html/vendor/laravel/framework/src/Illuminate/Cookie/Middleware/AddQueuedCookiesToResponse.php(37): Illuminate\\Pipeline\\Pipeline->Illuminate\\Pipeline\\{closure}()
#41 /home/u980949395/domains/sector71.app/public_html/vendor/laravel/framework/src/Illuminate/Pipeline/Pipeline.php(180): Illuminate\\Cookie\\Middleware\\AddQueuedCookiesToResponse->handle()
#42 /home/u980949395/domains/sector71.app/public_html/vendor/laravel/framework/src/Illuminate/Cookie/Middleware/EncryptCookies.php(67): Illuminate\\Pipeline\\Pipeline->Illuminate\\Pipeline\\{closure}()
#43 /home/u980949395/domains/sector71.app/public_html/vendor/laravel/framework/src/Illuminate/Pipeline/Pipeline.php(180): Illuminate\\Cookie\\Middleware\\EncryptCookies->handle()
#44 /home/u980949395/domains/sector71.app/public_html/vendor/laravel/framework/src/Illuminate/Pipeline/Pipeline.php(116): Illuminate\\Pipeline\\Pipeline->Illuminate\\Pipeline\\{closure}()
#45 /home/u980949395/domains/sector71.app/public_html/vendor/laravel/framework/src/Illuminate/Routing/Router.php(797): Illuminate\\Pipeline\\Pipeline->then()
#46 /home/u980949395/domains/sector71.app/public_html/vendor/laravel/framework/src/Illuminate/Routing/Router.php(776): Illuminate\\Routing\\Router->runRouteWithinStack()
#47 /home/u980949395/domains/sector71.app/public_html/vendor/laravel/framework/src/Illuminate/Routing/Router.php(740): Illuminate\\Routing\\Router->runRoute()
#48 /home/u980949395/domains/sector71.app/public_html/vendor/laravel/framework/src/Illuminate/Routing/Router.php(729): Illuminate\\Routing\\Router->dispatchToRoute()
#49 /home/u980949395/domains/sector71.app/public_html/vendor/laravel/framework/src/Illuminate/Foundation/Http/Kernel.php(190): Illuminate\\Routing\\Router->dispatch()
#50 /home/u980949395/domains/sector71.app/public_html/vendor/laravel/framework/src/Illuminate/Pipeline/Pipeline.php(141): Illuminate\\Foundation\\Http\\Kernel->Illuminate\\Foundation\\Http\\{closure}()
#51 /home/u980949395/domains/sector71.app/public_html/vendor/barryvdh/laravel-debugbar/src/Middleware/InjectDebugbar.php(59): Illuminate\\Pipeline\\Pipeline->Illuminate\\Pipeline\\{closure}()
#52 /home/u980949395/domains/sector71.app/public_html/vendor/laravel/framework/src/Illuminate/Pipeline/Pipeline.php(180): Barryvdh\\Debugbar\\Middleware\\InjectDebugbar->handle()
#53 /home/u980949395/domains/sector71.app/public_html/vendor/laravel/framework/src/Illuminate/Foundation/Http/Middleware/TransformsRequest.php(21): Illuminate\\Pipeline\\Pipeline->Illuminate\\Pipeline\\{closure}()
#54 /home/u980949395/domains/sector71.app/public_html/vendor/laravel/framework/src/Illuminate/Foundation/Http/Middleware/ConvertEmptyStringsToNull.php(31): Illuminate\\Foundation\\Http\\Middleware\\TransformsRequest->handle()
#55 /home/u980949395/domains/sector71.app/public_html/vendor/laravel/framework/src/Illuminate/Pipeline/Pipeline.php(180): Illuminate\\Foundation\\Http\\Middleware\\ConvertEmptyStringsToNull->handle()
#56 /home/u980949395/domains/sector71.app/public_html/vendor/laravel/framework/src/Illuminate/Foundation/Http/Middleware/TransformsRequest.php(21): Illuminate\\Pipeline\\Pipeline->Illuminate\\Pipeline\\{closure}()
#57 /home/u980949395/domains/sector71.app/public_html/vendor/laravel/framework/src/Illuminate/Foundation/Http/Middleware/TrimStrings.php(40): Illuminate\\Foundation\\Http\\Middleware\\TransformsRequest->handle()
#58 /home/u980949395/domains/sector71.app/public_html/vendor/laravel/framework/src/Illuminate/Pipeline/Pipeline.php(180): Illuminate\\Foundation\\Http\\Middleware\\TrimStrings->handle()
#59 /home/u980949395/domains/sector71.app/public_html/vendor/laravel/framework/src/Illuminate/Foundation/Http/Middleware/ValidatePostSize.php(27): Illuminate\\Pipeline\\Pipeline->Illuminate\\Pipeline\\{closure}()
#60 /home/u980949395/domains/sector71.app/public_html/vendor/laravel/framework/src/Illuminate/Pipeline/Pipeline.php(180): Illuminate\\Foundation\\Http\\Middleware\\ValidatePostSize->handle()
#61 /home/u980949395/domains/sector71.app/public_html/vendor/laravel/framework/src/Illuminate/Foundation/Http/Middleware/PreventRequestsDuringMaintenance.php(86): Illuminate\\Pipeline\\Pipeline->Illuminate\\Pipeline\\{closure}()
#62 /home/u980949395/domains/sector71.app/public_html/vendor/laravel/framework/src/Illuminate/Pipeline/Pipeline.php(180): Illuminate\\Foundation\\Http\\Middleware\\PreventRequestsDuringMaintenance->handle()
#63 /home/u980949395/domains/sector71.app/public_html/vendor/laravel/framework/src/Illuminate/Http/Middleware/HandleCors.php(49): Illuminate\\Pipeline\\Pipeline->Illuminate\\Pipeline\\{closure}()
#64 /home/u980949395/domains/sector71.app/public_html/vendor/laravel/framework/src/Illuminate/Pipeline/Pipeline.php(180): Illuminate\\Http\\Middleware\\HandleCors->handle()
#65 /home/u980949395/domains/sector71.app/public_html/app/Http/Middleware/SecurityHeaders.php(12): Illuminate\\Pipeline\\Pipeline->Illuminate\\Pipeline\\{closure}()
#66 /home/u980949395/domains/sector71.app/public_html/vendor/laravel/framework/src/Illuminate/Pipeline/Pipeline.php(180): App\\Http\\Middleware\\SecurityHeaders->handle()
#67 /home/u980949395/domains/sector71.app/public_html/vendor/laravel/framework/src/Illuminate/Http/Middleware/TrustProxies.php(39): Illuminate\\Pipeline\\Pipeline->Illuminate\\Pipeline\\{closure}()
#68 /home/u980949395/domains/sector71.app/public_html/vendor/laravel/framework/src/Illuminate/Pipeline/Pipeline.php(180): Illuminate\\Http\\Middleware\\TrustProxies->handle()
#69 /home/u980949395/domains/sector71.app/public_html/vendor/laravel/framework/src/Illuminate/Pipeline/Pipeline.php(116): Illuminate\\Pipeline\\Pipeline->Illuminate\\Pipeline\\{closure}()
#70 /home/u980949395/domains/sector71.app/public_html/vendor/laravel/framework/src/Illuminate/Foundation/Http/Kernel.php(165): Illuminate\\Pipeline\\Pipeline->then()
#71 /home/u980949395/domains/sector71.app/public_html/vendor/laravel/framework/src/Illuminate/Foundation/Http/Kernel.php(134): Illuminate\\Foundation\\Http\\Kernel->sendRequestThroughRouter()
#72 /home/u980949395/domains/sector71.app/public_html/public/index.php(51): Illuminate\\Foundation\\Http\\Kernel->handle()
#73 {main}

[previous exception] [object] (InvalidArgumentException(code: 0): Action Modules\\Superadmin\\Http\\Controllers\\MobileAppUsersController@index not defined. at /home/u980949395/domains/sector71.app/public_html/vendor/laravel/framework/src/Illuminate/Routing/UrlGenerator.php:510)
[stacktrace]
#0 /home/u980949395/domains/sector71.app/public_html/vendor/laravel/framework/src/Illuminate/Foundation/helpers.php(102): Illuminate\\Routing\\UrlGenerator->action()
#1 /home/u980949395/domains/sector71.app/public_html/storage/framework/views/ed7c9f7a0a1c6e7446fdf99d89e814c7e68d8a21.php(29): action()
#2 /home/u980949395/domains/sector71.app/public_html/vendor/laravel/framework/src/Illuminate/Filesystem/Filesystem.php(109): require('/home/u98094939...')
#3 /home/u980949395/domains/sector71.app/public_html/vendor/laravel/framework/src/Illuminate/Filesystem/Filesystem.php(110): Illuminate\\Filesystem\\Filesystem::Illuminate\\Filesystem\\{closure}()
#4 /home/u980949395/domains/sector71.app/public_html/vendor/laravel/framework/src/Illuminate/View/Engines/PhpEngine.php(58): Illuminate\\Filesystem\\Filesystem->getRequire()
#5 /home/u980949395/domains/sector71.app/public_html/vendor/laravel/framework/src/Illuminate/View/Engines/CompilerEngine.php(70): Illuminate\\View\\Engines\\PhpEngine->evaluatePath()
#6 /home/u980949395/domains/sector71.app/public_html/vendor/laravel/framework/src/Illuminate/View/View.php(195): Illuminate\\View\\Engines\\CompilerEngine->get()
#7 /home/u980949395/domains/sector71.app/public_html/vendor/laravel/framework/src/Illuminate/View/View.php(178): Illuminate\\View\\View->getContents()
#8 /home/u980949395/domains/sector71.app/public_html/vendor/laravel/framework/src/Illuminate/View/View.php(147): Illuminate\\View\\View->renderContents()
#9 /home/u980949395/domains/sector71.app/public_html/storage/framework/views/cb05404d32e3eaa2d58c738b2e4e901c5b4e15f2.php(5): Illuminate\\View\\View->render()
#10 /home/u980949395/domains/sector71.app/public_html/vendor/laravel/framework/src/Illuminate/Filesystem/Filesystem.php(109): require('/home/u98094939...')
#11 /home/u980949395/domains/sector71.app/public_html/vendor/laravel/framework/src/Illuminate/Filesystem/Filesystem.php(110): Illuminate\\Filesystem\\Filesystem::Illuminate\\Filesystem\\{closure}()
#12 /home/u980949395/domains/sector71.app/public_html/vendor/laravel/framework/src/Illuminate/View/Engines/PhpEngine.php(58): Illuminate\\Filesystem\\Filesystem->getRequire()
#13 /home/u980949395/domains/sector71.app/public_html/vendor/laravel/framework/src/Illuminate/View/Engines/CompilerEngine.php(70): Illuminate\\View\\Engines\\PhpEngine->evaluatePath()
#14 /home/u980949395/domains/sector71.app/public_html/vendor/laravel/framework/src/Illuminate/View/View.php(195): Illuminate\\View\\Engines\\CompilerEngine->get()
#15 /home/u980949395/domains/sector71.app/public_html/vendor/laravel/framework/src/Illuminate/View/View.php(178): Illuminate\\View\\View->getContents()
#16 /home/u980949395/domains/sector71.app/public_html/vendor/laravel/framework/src/Illuminate/View/View.php(147): Illuminate\\View\\View->renderContents()
#17 /home/u980949395/domains/sector71.app/public_html/vendor/laravel/framework/src/Illuminate/Http/Response.php(69): Illuminate\\View\\View->render()
#18 /home/u980949395/domains/sector71.app/public_html/vendor/laravel/framework/src/Illuminate/Http/Response.php(35): Illuminate\\Http\\Response->setContent()
#19 /home/u980949395/domains/sector71.app/public_html/vendor/laravel/framework/src/Illuminate/Routing/Router.php(906): Illuminate\\Http\\Response->__construct()
#20 /home/u980949395/domains/sector71.app/public_html/vendor/laravel/framework/src/Illuminate/Routing/Router.php(875): Illuminate\\Routing\\Router::toResponse()
#21 /home/u980949395/domains/sector71.app/public_html/vendor/laravel/framework/src/Illuminate/Routing/Router.php(797): Illuminate\\Routing\\Router->prepareResponse()
#22 /home/u980949395/domains/sector71.app/public_html/vendor/laravel/framework/src/Illuminate/Pipeline/Pipeline.php(141): Illuminate\\Routing\\Router->Illuminate\\Routing\\{closure}()
#23 /home/u980949395/domains/sector71.app/public_html/app/Http/Middleware/Superadmin.php(21): Illuminate\\Pipeline\\Pipeline->Illuminate\\Pipeline\\{closure}()
#24 /home/u980949395/domains/sector71.app/public_html/vendor/laravel/framework/src/Illuminate/Pipeline/Pipeline.php(180): App\\Http\\Middleware\\Superadmin->handle()
#25 /home/u980949395/domains/sector71.app/public_html/app/Http/Middleware/AdminSidebarMenu.php(892): Illuminate\\Pipeline\\Pipeline->Illuminate\\Pipeline\\{closure}()
#26 /home/u980949395/domains/sector71.app/public_html/vendor/laravel/framework/src/Illuminate/Pipeline/Pipeline.php(180): App\\Http\\Middleware\\AdminSidebarMenu->handle()
#27 /home/u980949395/domains/sector71.app/public_html/app/Http/Middleware/Language.php(25): Illuminate\\Pipeline\\Pipeline->Illuminate\\Pipeline\\{closure}()
#28 /home/u980949395/domains/sector71.app/public_html/vendor/laravel/framework/src/Illuminate/Pipeline/Pipeline.php(180): App\\Http\\Middleware\\Language->handle()
#29 /home/u980949395/domains/sector71.app/public_html/vendor/laravel/framework/src/Illuminate/Routing/Middleware/SubstituteBindings.php(50): Illuminate\\Pipeline\\Pipeline->Illuminate\\Pipeline\\{closure}()
#30 /home/u980949395/domains/sector71.app/public_html/vendor/laravel/framework/src/Illuminate/Pipeline/Pipeline.php(180): Illuminate\\Routing\\Middleware\\SubstituteBindings->handle()
#31 /home/u980949395/domains/sector71.app/public_html/vendor/laravel/framework/src/Illuminate/Auth/Middleware/Authenticate.php(44): Illuminate\\Pipeline\\Pipeline->Illuminate\\Pipeline\\{closure}()
#32 /home/u980949395/domains/sector71.app/public_html/vendor/laravel/framework/src/Illuminate/Pipeline/Pipeline.php(180): Illuminate\\Auth\\Middleware\\Authenticate->handle()
#33 /home/u980949395/domains/sector71.app/public_html/vendor/laravel/framework/src/Illuminate/Foundation/Http/Middleware/VerifyCsrfToken.php(78): Illuminate\\Pipeline\\Pipeline->Illuminate\\Pipeline\\{closure}()
#34 /home/u980949395/domains/sector71.app/public_html/vendor/laravel/framework/src/Illuminate/Pipeline/Pipeline.php(180): Illuminate\\Foundation\\Http\\Middleware\\VerifyCsrfToken->handle()
#35 /home/u980949395/domains/sector71.app/public_html/vendor/laravel/framework/src/Illuminate/View/Middleware/ShareErrorsFromSession.php(49): Illuminate\\Pipeline\\Pipeline->Illuminate\\Pipeline\\{closure}()
#36 /home/u980949395/domains/sector71.app/public_html/vendor/laravel/framework/src/Illuminate/Pipeline/Pipeline.php(180): Illuminate\\View\\Middleware\\ShareErrorsFromSession->handle()
#37 /home/u980949395/domains/sector71.app/public_html/vendor/laravel/framework/src/Illuminate/Session/Middleware/StartSession.php(121): Illuminate\\Pipeline\\Pipeline->Illuminate\\Pipeline\\{closure}()
#38 /home/u980949395/domains/sector71.app/public_html/vendor/laravel/framework/src/Illuminate/Session/Middleware/StartSession.php(64): Illuminate\\Session\\Middleware\\StartSession->handleStatefulRequest()
#39 /home/u980949395/domains/sector71.app/public_html/vendor/laravel/framework/src/Illuminate/Pipeline/Pipeline.php(180): Illuminate\\Session\\Middleware\\StartSession->handle()
#40 /home/u980949395/domains/sector71.app/public_html/vendor/laravel/framework/src/Illuminate/Cookie/Middleware/AddQueuedCookiesToResponse.php(37): Illuminate\\Pipeline\\Pipeline->Illuminate\\Pipeline\\{closure}()
#41 /home/u980949395/domains/sector71.app/public_html/vendor/laravel/framework/src/Illuminate/Pipeline/Pipeline.php(180): Illuminate\\Cookie\\Middleware\\AddQueuedCookiesToResponse->handle()
#42 /home/u980949395/domains/sector71.app/public_html/vendor/laravel/framework/src/Illuminate/Cookie/Middleware/EncryptCookies.php(67): Illuminate\\Pipeline\\Pipeline->Illuminate\\Pipeline\\{closure}()
#43 /home/u980949395/domains/sector71.app/public_html/vendor/laravel/framework/src/Illuminate/Pipeline/Pipeline.php(180): Illuminate\\Cookie\\Middleware\\EncryptCookies->handle()
#44 /home/u980949395/domains/sector71.app/public_html/vendor/laravel/framework/src/Illuminate/Pipeline/Pipeline.php(116): Illuminate\\Pipeline\\Pipeline->Illuminate\\Pipeline\\{closure}()
#45 /home/u980949395/domains/sector71.app/public_html/vendor/laravel/framework/src/Illuminate/Routing/Router.php(797): Illuminate\\Pipeline\\Pipeline->then()
#46 /home/u980949395/domains/sector71.app/public_html/vendor/laravel/framework/src/Illuminate/Routing/Router.php(776): Illuminate\\Routing\\Router->runRouteWithinStack()
#47 /home/u980949395/domains/sector71.app/public_html/vendor/laravel/framework/src/Illuminate/Routing/Router.php(740): Illuminate\\Routing\\Router->runRoute()
#48 /home/u980949395/domains/sector71.app/public_html/vendor/laravel/framework/src/Illuminate/Routing/Router.php(729): Illuminate\\Routing\\Router->dispatchToRoute()
#49 /home/u980949395/domains/sector71.app/public_html/vendor/laravel/framework/src/Illuminate/Foundation/Http/Kernel.php(190): Illuminate\\Routing\\Router->dispatch()
#50 /home/u980949395/domains/sector71.app/public_html/vendor/laravel/framework/src/Illuminate/Pipeline/Pipeline.php(141): Illuminate\\Foundation\\Http\\Kernel->Illuminate\\Foundation\\Http\\{closure}()
#51 /home/u980949395/domains/sector71.app/public_html/vendor/barryvdh/laravel-debugbar/src/Middleware/InjectDebugbar.php(59): Illuminate\\Pipeline\\Pipeline->Illuminate\\Pipeline\\{closure}()
#52 /home/u980949395/domains/sector71.app/public_html/vendor/laravel/framework/src/Illuminate/Pipeline/Pipeline.php(180): Barryvdh\\Debugbar\\Middleware\\InjectDebugbar->handle()
#53 /home/u980949395/domains/sector71.app/public_html/vendor/laravel/framework/src/Illuminate/Foundation/Http/Middleware/TransformsRequest.php(21): Illuminate\\Pipeline\\Pipeline->Illuminate\\Pipeline\\{closure}()
#54 /home/u980949395/domains/sector71.app/public_html/vendor/laravel/framework/src/Illuminate/Foundation/Http/Middleware/ConvertEmptyStringsToNull.php(31): Illuminate\\Foundation\\Http\\Middleware\\TransformsRequest->handle()
#55 /home/u980949395/domains/sector71.app/public_html/vendor/laravel/framework/src/Illuminate/Pipeline/Pipeline.php(180): Illuminate\\Foundation\\Http\\Middleware\\ConvertEmptyStringsToNull->handle()
#56 /home/u980949395/domains/sector71.app/public_html/vendor/laravel/framework/src/Illuminate/Foundation/Http/Middleware/TransformsRequest.php(21): Illuminate\\Pipeline\\Pipeline->Illuminate\\Pipeline\\{closure}()
#57 /home/u980949395/domains/sector71.app/public_html/vendor/laravel/framework/src/Illuminate/Foundation/Http/Middleware/TrimStrings.php(40): Illuminate\\Foundation\\Http\\Middleware\\TransformsRequest->handle()
#58 /home/u980949395/domains/sector71.app/public_html/vendor/laravel/framework/src/Illuminate/Pipeline/Pipeline.php(180): Illuminate\\Foundation\\Http\\Middleware\\TrimStrings->handle()
#59 /home/u980949395/domains/sector71.app/public_html/vendor/laravel/framework/src/Illuminate/Foundation/Http/Middleware/ValidatePostSize.php(27): Illuminate\\Pipeline\\Pipeline->Illuminate\\Pipeline\\{closure}()
#60 /home/u980949395/domains/sector71.app/public_html/vendor/laravel/framework/src/Illuminate/Pipeline/Pipeline.php(180): Illuminate\\Foundation\\Http\\Middleware\\ValidatePostSize->handle()
#61 /home/u980949395/domains/sector71.app/public_html/vendor/laravel/framework/src/Illuminate/Foundation/Http/Middleware/PreventRequestsDuringMaintenance.php(86): Illuminate\\Pipeline\\Pipeline->Illuminate\\Pipeline\\{closure}()
#62 /home/u980949395/domains/sector71.app/public_html/vendor/laravel/framework/src/Illuminate/Pipeline/Pipeline.php(180): Illuminate\\Foundation\\Http\\Middleware\\PreventRequestsDuringMaintenance->handle()
#63 /home/u980949395/domains/sector71.app/public_html/vendor/laravel/framework/src/Illuminate/Http/Middleware/HandleCors.php(49): Illuminate\\Pipeline\\Pipeline->Illuminate\\Pipeline\\{closure}()
#64 /home/u980949395/domains/sector71.app/public_html/vendor/laravel/framework/src/Illuminate/Pipeline/Pipeline.php(180): Illuminate\\Http\\Middleware\\HandleCors->handle()
#65 /home/u980949395/domains/sector71.app/public_html/app/Http/Middleware/SecurityHeaders.php(12): Illuminate\\Pipeline\\Pipeline->Illuminate\\Pipeline\\{closure}()
#66 /home/u980949395/domains/sector71.app/public_html/vendor/laravel/framework/src/Illuminate/Pipeline/Pipeline.php(180): App\\Http\\Middleware\\SecurityHeaders->handle()
#67 /home/u980949395/domains/sector71.app/public_html/vendor/laravel/framework/src/Illuminate/Http/Middleware/TrustProxies.php(39): Illuminate\\Pipeline\\Pipeline->Illuminate\\Pipeline\\{closure}()
#68 /home/u980949395/domains/sector71.app/public_html/vendor/laravel/framework/src/Illuminate/Pipeline/Pipeline.php(180): Illuminate\\Http\\Middleware\\TrustProxies->handle()
#69 /home/u980949395/domains/sector71.app/public_html/vendor/laravel/framework/src/Illuminate/Pipeline/Pipeline.php(116): Illuminate\\Pipeline\\Pipeline->Illuminate\\Pipeline\\{closure}()
#70 /home/u980949395/domains/sector71.app/public_html/vendor/laravel/framework/src/Illuminate/Foundation/Http/Kernel.php(165): Illuminate\\Pipeline\\Pipeline->then()
#71 /home/u980949395/domains/sector71.app/public_html/vendor/laravel/framework/src/Illuminate/Foundation/Http/Kernel.php(134): Illuminate\\Foundation\\Http\\Kernel->sendRequestThroughRouter()
#72 /home/u980949395/domains/sector71.app/public_html/public/index.php(51): Illuminate\\Foundation\\Http\\Kernel->handle()
#73 {main}
"} 
[2026-04-29 22:59:53] live.ERROR: Action Modules\Superadmin\Http\Controllers\MobileAppUsersController@index not defined. {"view":{"view":"/home/u980949395/domains/sector71.app/public_html/Modules/Superadmin/Resources/views/layouts/nav.blade.php","data":[]},"userId":1,"exception":"[object] (Spatie\\LaravelIgnition\\Exceptions\\ViewException(code: 0): Action Modules\\Superadmin\\Http\\Controllers\\MobileAppUsersController@index not defined. at /home/u980949395/domains/sector71.app/public_html/vendor/laravel/framework/src/Illuminate/Routing/UrlGenerator.php:510)
[stacktrace]
#0 /home/u980949395/domains/sector71.app/public_html/vendor/laravel/framework/src/Illuminate/Foundation/helpers.php(102): Illuminate\\Routing\\UrlGenerator->action()
#1 /home/u980949395/domains/sector71.app/public_html/Modules/Superadmin/Resources/views/layouts/nav.blade.php(29): action()
#2 /home/u980949395/domains/sector71.app/public_html/vendor/laravel/framework/src/Illuminate/Filesystem/Filesystem.php(109): require('/home/u98094939...')
#3 /home/u980949395/domains/sector71.app/public_html/vendor/laravel/framework/src/Illuminate/Filesystem/Filesystem.php(110): Illuminate\\Filesystem\\Filesystem::Illuminate\\Filesystem\\{closure}()
#4 /home/u980949395/domains/sector71.app/public_html/vendor/laravel/framework/src/Illuminate/View/Engines/PhpEngine.php(58): Illuminate\\Filesystem\\Filesystem->getRequire()
#5 /home/u980949395/domains/sector71.app/public_html/vendor/laravel/framework/src/Illuminate/View/Engines/CompilerEngine.php(70): Illuminate\\View\\Engines\\PhpEngine->evaluatePath()
#6 /home/u980949395/domains/sector71.app/public_html/vendor/laravel/framework/src/Illuminate/View/View.php(195): Illuminate\\View\\Engines\\CompilerEngine->get()
#7 /home/u980949395/domains/sector71.app/public_html/vendor/laravel/framework/src/Illuminate/View/View.php(178): Illuminate\\View\\View->getContents()
#8 /home/u980949395/domains/sector71.app/public_html/vendor/laravel/framework/src/Illuminate/View/View.php(147): Illuminate\\View\\View->renderContents()
#9 /home/u980949395/domains/sector71.app/public_html/Modules/Superadmin/Resources/views/superadmin_settings/edit.blade.php(5): Illuminate\\View\\View->render()
#10 /home/u980949395/domains/sector71.app/public_html/vendor/laravel/framework/src/Illuminate/Filesystem/Filesystem.php(109): require('/home/u98094939...')
#11 /home/u980949395/domains/sector71.app/public_html/vendor/laravel/framework/src/Illuminate/Filesystem/Filesystem.php(110): Illuminate\\Filesystem\\Filesystem::Illuminate\\Filesystem\\{closure}()
#12 /home/u980949395/domains/sector71.app/public_html/vendor/laravel/framework/src/Illuminate/View/Engines/PhpEngine.php(58): Illuminate\\Filesystem\\Filesystem->getRequire()
#13 /home/u980949395/domains/sector71.app/public_html/vendor/laravel/framework/src/Illuminate/View/Engines/CompilerEngine.php(70): Illuminate\\View\\Engines\\PhpEngine->evaluatePath()
#14 /home/u980949395/domains/sector71.app/public_html/vendor/laravel/framework/src/Illuminate/View/View.php(195): Illuminate\\View\\Engines\\CompilerEngine->get()
#15 /home/u980949395/domains/sector71.app/public_html/vendor/laravel/framework/src/Illuminate/View/View.php(178): Illuminate\\View\\View->getContents()
#16 /home/u980949395/domains/sector71.app/public_html/vendor/laravel/framework/src/Illuminate/View/View.php(147): Illuminate\\View\\View->renderContents()
#17 /home/u980949395/domains/sector71.app/public_html/vendor/laravel/framework/src/Illuminate/Http/Response.php(69): Illuminate\\View\\View->render()
#18 /home/u980949395/domains/sector71.app/public_html/vendor/laravel/framework/src/Illuminate/Http/Response.php(35): Illuminate\\Http\\Response->setContent()
#19 /home/u980949395/domains/sector71.app/public_html/vendor/laravel/framework/src/Illuminate/Routing/Router.php(906): Illuminate\\Http\\Response->__construct()
#20 /home/u980949395/domains/sector71.app/public_html/vendor/laravel/framework/src/Illuminate/Routing/Router.php(875): Illuminate\\Routing\\Router::toResponse()
#21 /home/u980949395/domains/sector71.app/public_html/vendor/laravel/framework/src/Illuminate/Routing/Router.php(797): Illuminate\\Routing\\Router->prepareResponse()
#22 /home/u980949395/domains/sector71.app/public_html/vendor/laravel/framework/src/Illuminate/Pipeline/Pipeline.php(141): Illuminate\\Routing\\Router->Illuminate\\Routing\\{closure}()
#23 /home/u980949395/domains/sector71.app/public_html/app/Http/Middleware/Superadmin.php(21): Illuminate\\Pipeline\\Pipeline->Illuminate\\Pipeline\\{closure}()
#24 /home/u980949395/domains/sector71.app/public_html/vendor/laravel/framework/src/Illuminate/Pipeline/Pipeline.php(180): App\\Http\\Middleware\\Superadmin->handle()
#25 /home/u980949395/domains/sector71.app/public_html/app/Http/Middleware/AdminSidebarMenu.php(892): Illuminate\\Pipeline\\Pipeline->Illuminate\\Pipeline\\{closure}()
#26 /home/u980949395/domains/sector71.app/public_html/vendor/laravel/framework/src/Illuminate/Pipeline/Pipeline.php(180): App\\Http\\Middleware\\AdminSidebarMenu->handle()
#27 /home/u980949395/domains/sector71.app/public_html/app/Http/Middleware/Language.php(25): Illuminate\\Pipeline\\Pipeline->Illuminate\\Pipeline\\{closure}()
#28 /home/u980949395/domains/sector71.app/public_html/vendor/laravel/framework/src/Illuminate/Pipeline/Pipeline.php(180): App\\Http\\Middleware\\Language->handle()
#29 /home/u980949395/domains/sector71.app/public_html/vendor/laravel/framework/src/Illuminate/Routing/Middleware/SubstituteBindings.php(50): Illuminate\\Pipeline\\Pipeline->Illuminate\\Pipeline\\{closure}()
#30 /home/u980949395/domains/sector71.app/public_html/vendor/laravel/framework/src/Illuminate/Pipeline/Pipeline.php(180): Illuminate\\Routing\\Middleware\\SubstituteBindings->handle()
#31 /home/u980949395/domains/sector71.app/public_html/vendor/laravel/framework/src/Illuminate/Auth/Middleware/Authenticate.php(44): Illuminate\\Pipeline\\Pipeline->Illuminate\\Pipeline\\{closure}()
#32 /home/u980949395/domains/sector71.app/public_html/vendor/laravel/framework/src/Illuminate/Pipeline/Pipeline.php(180): Illuminate\\Auth\\Middleware\\Authenticate->handle()
#33 /home/u980949395/domains/sector71.app/public_html/vendor/laravel/framework/src/Illuminate/Foundation/Http/Middleware/VerifyCsrfToken.php(78): Illuminate\\Pipeline\\Pipeline->Illuminate\\Pipeline\\{closure}()
#34 /home/u980949395/domains/sector71.app/public_html/vendor/laravel/framework/src/Illuminate/Pipeline/Pipeline.php(180): Illuminate\\Foundation\\Http\\Middleware\\VerifyCsrfToken->handle()
#35 /home/u980949395/domains/sector71.app/public_html/vendor/laravel/framework/src/Illuminate/View/Middleware/ShareErrorsFromSession.php(49): Illuminate\\Pipeline\\Pipeline->Illuminate\\Pipeline\\{closure}()
#36 /home/u980949395/domains/sector71.app/public_html/vendor/laravel/framework/src/Illuminate/Pipeline/Pipeline.php(180): Illuminate\\View\\Middleware\\ShareErrorsFromSession->handle()
#37 /home/u980949395/domains/sector71.app/public_html/vendor/laravel/framework/src/Illuminate/Session/Middleware/StartSession.php(121): Illuminate\\Pipeline\\Pipeline->Illuminate\\Pipeline\\{closure}()
#38 /home/u980949395/domains/sector71.app/public_html/vendor/laravel/framework/src/Illuminate/Session/Middleware/StartSession.php(64): Illuminate\\Session\\Middleware\\StartSession->handleStatefulRequest()
#39 /home/u980949395/domains/sector71.app/public_html/vendor/laravel/framework/src/Illuminate/Pipeline/Pipeline.php(180): Illuminate\\Session\\Middleware\\StartSession->handle()
#40 /home/u980949395/domains/sector71.app/public_html/vendor/laravel/framework/src/Illuminate/Cookie/Middleware/AddQueuedCookiesToResponse.php(37): Illuminate\\Pipeline\\Pipeline->Illuminate\\Pipeline\\{closure}()
#41 /home/u980949395/domains/sector71.app/public_html/vendor/laravel/framework/src/Illuminate/Pipeline/Pipeline.php(180): Illuminate\\Cookie\\Middleware\\AddQueuedCookiesToResponse->handle()
#42 /home/u980949395/domains/sector71.app/public_html/vendor/laravel/framework/src/Illuminate/Cookie/Middleware/EncryptCookies.php(67): Illuminate\\Pipeline\\Pipeline->Illuminate\\Pipeline\\{closure}()
#43 /home/u980949395/domains/sector71.app/public_html/vendor/laravel/framework/src/Illuminate/Pipeline/Pipeline.php(180): Illuminate\\Cookie\\Middleware\\EncryptCookies->handle()
#44 /home/u980949395/domains/sector71.app/public_html/vendor/laravel/framework/src/Illuminate/Pipeline/Pipeline.php(116): Illuminate\\Pipeline\\Pipeline->Illuminate\\Pipeline\\{closure}()
#45 /home/u980949395/domains/sector71.app/public_html/vendor/laravel/framework/src/Illuminate/Routing/Router.php(797): Illuminate\\Pipeline\\Pipeline->then()
#46 /home/u980949395/domains/sector71.app/public_html/vendor/laravel/framework/src/Illuminate/Routing/Router.php(776): Illuminate\\Routing\\Router->runRouteWithinStack()
#47 /home/u980949395/domains/sector71.app/public_html/vendor/laravel/framework/src/Illuminate/Routing/Router.php(740): Illuminate\\Routing\\Router->runRoute()
#48 /home/u980949395/domains/sector71.app/public_html/vendor/laravel/framework/src/Illuminate/Routing/Router.php(729): Illuminate\\Routing\\Router->dispatchToRoute()
#49 /home/u980949395/domains/sector71.app/public_html/vendor/laravel/framework/src/Illuminate/Foundation/Http/Kernel.php(190): Illuminate\\Routing\\Router->dispatch()
#50 /home/u980949395/domains/sector71.app/public_html/vendor/laravel/framework/src/Illuminate/Pipeline/Pipeline.php(141): Illuminate\\Foundation\\Http\\Kernel->Illuminate\\Foundation\\Http\\{closure}()
#51 /home/u980949395/domains/sector71.app/public_html/vendor/barryvdh/laravel-debugbar/src/Middleware/InjectDebugbar.php(59): Illuminate\\Pipeline\\Pipeline->Illuminate\\Pipeline\\{closure}()
#52 /home/u980949395/domains/sector71.app/public_html/vendor/laravel/framework/src/Illuminate/Pipeline/Pipeline.php(180): Barryvdh\\Debugbar\\Middleware\\InjectDebugbar->handle()
#53 /home/u980949395/domains/sector71.app/public_html/vendor/laravel/framework/src/Illuminate/Foundation/Http/Middleware/TransformsRequest.php(21): Illuminate\\Pipeline\\Pipeline->Illuminate\\Pipeline\\{closure}()
#54 /home/u980949395/domains/sector71.app/public_html/vendor/laravel/framework/src/Illuminate/Foundation/Http/Middleware/ConvertEmptyStringsToNull.php(31): Illuminate\\Foundation\\Http\\Middleware\\TransformsRequest->handle()
#55 /home/u980949395/domains/sector71.app/public_html/vendor/laravel/framework/src/Illuminate/Pipeline/Pipeline.php(180): Illuminate\\Foundation\\Http\\Middleware\\ConvertEmptyStringsToNull->handle()
#56 /home/u980949395/domains/sector71.app/public_html/vendor/laravel/framework/src/Illuminate/Foundation/Http/Middleware/TransformsRequest.php(21): Illuminate\\Pipeline\\Pipeline->Illuminate\\Pipeline\\{closure}()
#57 /home/u980949395/domains/sector71.app/public_html/vendor/laravel/framework/src/Illuminate/Foundation/Http/Middleware/TrimStrings.php(40): Illuminate\\Foundation\\Http\\Middleware\\TransformsRequest->handle()
#58 /home/u980949395/domains/sector71.app/public_html/vendor/laravel/framework/src/Illuminate/Pipeline/Pipeline.php(180): Illuminate\\Foundation\\Http\\Middleware\\TrimStrings->handle()
#59 /home/u980949395/domains/sector71.app/public_html/vendor/laravel/framework/src/Illuminate/Foundation/Http/Middleware/ValidatePostSize.php(27): Illuminate\\Pipeline\\Pipeline->Illuminate\\Pipeline\\{closure}()
#60 /home/u980949395/domains/sector71.app/public_html/vendor/laravel/framework/src/Illuminate/Pipeline/Pipeline.php(180): Illuminate\\Foundation\\Http\\Middleware\\ValidatePostSize->handle()
#61 /home/u980949395/domains/sector71.app/public_html/vendor/laravel/framework/src/Illuminate/Foundation/Http/Middleware/PreventRequestsDuringMaintenance.php(86): Illuminate\\Pipeline\\Pipeline->Illuminate\\Pipeline\\{closure}()
#62 /home/u980949395/domains/sector71.app/public_html/vendor/laravel/framework/src/Illuminate/Pipeline/Pipeline.php(180): Illuminate\\Foundation\\Http\\Middleware\\PreventRequestsDuringMaintenance->handle()
#63 /home/u980949395/domains/sector71.app/public_html/vendor/laravel/framework/src/Illuminate/Http/Middleware/HandleCors.php(49): Illuminate\\Pipeline\\Pipeline->Illuminate\\Pipeline\\{closure}()
#64 /home/u980949395/domains/sector71.app/public_html/vendor/laravel/framework/src/Illuminate/Pipeline/Pipeline.php(180): Illuminate\\Http\\Middleware\\HandleCors->handle()
#65 /home/u980949395/domains/sector71.app/public_html/app/Http/Middleware/SecurityHeaders.php(12): Illuminate\\Pipeline\\Pipeline->Illuminate\\Pipeline\\{closure}()
#66 /home/u980949395/domains/sector71.app/public_html/vendor/laravel/framework/src/Illuminate/Pipeline/Pipeline.php(180): App\\Http\\Middleware\\SecurityHeaders->handle()
#67 /home/u980949395/domains/sector71.app/public_html/vendor/laravel/framework/src/Illuminate/Http/Middleware/TrustProxies.php(39): Illuminate\\Pipeline\\Pipeline->Illuminate\\Pipeline\\{closure}()
#68 /home/u980949395/domains/sector71.app/public_html/vendor/laravel/framework/src/Illuminate/Pipeline/Pipeline.php(180): Illuminate\\Http\\Middleware\\TrustProxies->handle()
#69 /home/u980949395/domains/sector71.app/public_html/vendor/laravel/framework/src/Illuminate/Pipeline/Pipeline.php(116): Illuminate\\Pipeline\\Pipeline->Illuminate\\Pipeline\\{closure}()
#70 /home/u980949395/domains/sector71.app/public_html/vendor/laravel/framework/src/Illuminate/Foundation/Http/Kernel.php(165): Illuminate\\Pipeline\\Pipeline->then()
#71 /home/u980949395/domains/sector71.app/public_html/vendor/laravel/framework/src/Illuminate/Foundation/Http/Kernel.php(134): Illuminate\\Foundation\\Http\\Kernel->sendRequestThroughRouter()
#72 /home/u980949395/domains/sector71.app/public_html/public/index.php(51): Illuminate\\Foundation\\Http\\Kernel->handle()
#73 {main}

[previous exception] [object] (InvalidArgumentException(code: 0): Action Modules\\Superadmin\\Http\\Controllers\\MobileAppUsersController@index not defined. at /home/u980949395/domains/sector71.app/public_html/vendor/laravel/framework/src/Illuminate/Routing/UrlGenerator.php:510)
[stacktrace]
#0 /home/u980949395/domains/sector71.app/public_html/vendor/laravel/framework/src/Illuminate/Foundation/helpers.php(102): Illuminate\\Routing\\UrlGenerator->action()
#1 /home/u980949395/domains/sector71.app/public_html/storage/framework/views/ed7c9f7a0a1c6e7446fdf99d89e814c7e68d8a21.php(29): action()
#2 /home/u980949395/domains/sector71.app/public_html/vendor/laravel/framework/src/Illuminate/Filesystem/Filesystem.php(109): require('/home/u98094939...')
#3 /home/u980949395/domains/sector71.app/public_html/vendor/laravel/framework/src/Illuminate/Filesystem/Filesystem.php(110): Illuminate\\Filesystem\\Filesystem::Illuminate\\Filesystem\\{closure}()
#4 /home/u980949395/domains/sector71.app/public_html/vendor/laravel/framework/src/Illuminate/View/Engines/PhpEngine.php(58): Illuminate\\Filesystem\\Filesystem->getRequire()
#5 /home/u980949395/domains/sector71.app/public_html/vendor/laravel/framework/src/Illuminate/View/Engines/CompilerEngine.php(70): Illuminate\\View\\Engines\\PhpEngine->evaluatePath()
#6 /home/u980949395/domains/sector71.app/public_html/vendor/laravel/framework/src/Illuminate/View/View.php(195): Illuminate\\View\\Engines\\CompilerEngine->get()
#7 /home/u980949395/domains/sector71.app/public_html/vendor/laravel/framework/src/Illuminate/View/View.php(178): Illuminate\\View\\View->getContents()
#8 /home/u980949395/domains/sector71.app/public_html/vendor/laravel/framework/src/Illuminate/View/View.php(147): Illuminate\\View\\View->renderContents()
#9 /home/u980949395/domains/sector71.app/public_html/storage/framework/views/ff6ec41ba30253d7d788fdc2125fa4da14692d74.php(5): Illuminate\\View\\View->render()
#10 /home/u980949395/domains/sector71.app/public_html/vendor/laravel/framework/src/Illuminate/Filesystem/Filesystem.php(109): require('/home/u98094939...')
#11 /home/u980949395/domains/sector71.app/public_html/vendor/laravel/framework/src/Illuminate/Filesystem/Filesystem.php(110): Illuminate\\Filesystem\\Filesystem::Illuminate\\Filesystem\\{closure}()
#12 /home/u980949395/domains/sector71.app/public_html/vendor/laravel/framework/src/Illuminate/View/Engines/PhpEngine.php(58): Illuminate\\Filesystem\\Filesystem->getRequire()
#13 /home/u980949395/domains/sector71.app/public_html/vendor/laravel/framework/src/Illuminate/View/Engines/CompilerEngine.php(70): Illuminate\\View\\Engines\\PhpEngine->evaluatePath()
#14 /home/u980949395/domains/sector71.app/public_html/vendor/laravel/framework/src/Illuminate/View/View.php(195): Illuminate\\View\\Engines\\CompilerEngine->get()
#15 /home/u980949395/domains/sector71.app/public_html/vendor/laravel/framework/src/Illuminate/View/View.php(178): Illuminate\\View\\View->getContents()
#16 /home/u980949395/domains/sector71.app/public_html/vendor/laravel/framework/src/Illuminate/View/View.php(147): Illuminate\\View\\View->renderContents()
#17 /home/u980949395/domains/sector71.app/public_html/vendor/laravel/framework/src/Illuminate/Http/Response.php(69): Illuminate\\View\\View->render()
#18 /home/u980949395/domains/sector71.app/public_html/vendor/laravel/framework/src/Illuminate/Http/Response.php(35): Illuminate\\Http\\Response->setContent()
#19 /home/u980949395/domains/sector71.app/public_html/vendor/laravel/framework/src/Illuminate/Routing/Router.php(906): Illuminate\\Http\\Response->__construct()
#20 /home/u980949395/domains/sector71.app/public_html/vendor/laravel/framework/src/Illuminate/Routing/Router.php(875): Illuminate\\Routing\\Router::toResponse()
#21 /home/u980949395/domains/sector71.app/public_html/vendor/laravel/framework/src/Illuminate/Routing/Router.php(797): Illuminate\\Routing\\Router->prepareResponse()
#22 /home/u980949395/domains/sector71.app/public_html/vendor/laravel/framework/src/Illuminate/Pipeline/Pipeline.php(141): Illuminate\\Routing\\Router->Illuminate\\Routing\\{closure}()
#23 /home/u980949395/domains/sector71.app/public_html/app/Http/Middleware/Superadmin.php(21): Illuminate\\Pipeline\\Pipeline->Illuminate\\Pipeline\\{closure}()
#24 /home/u980949395/domains/sector71.app/public_html/vendor/laravel/framework/src/Illuminate/Pipeline/Pipeline.php(180): App\\Http\\Middleware\\Superadmin->handle()
#25 /home/u980949395/domains/sector71.app/public_html/app/Http/Middleware/AdminSidebarMenu.php(892): Illuminate\\Pipeline\\Pipeline->Illuminate\\Pipeline\\{closure}()
#26 /home/u980949395/domains/sector71.app/public_html/vendor/laravel/framework/src/Illuminate/Pipeline/Pipeline.php(180): App\\Http\\Middleware\\AdminSidebarMenu->handle()
#27 /home/u980949395/domains/sector71.app/public_html/app/Http/Middleware/Language.php(25): Illuminate\\Pipeline\\Pipeline->Illuminate\\Pipeline\\{closure}()
#28 /home/u980949395/domains/sector71.app/public_html/vendor/laravel/framework/src/Illuminate/Pipeline/Pipeline.php(180): App\\Http\\Middleware\\Language->handle()
#29 /home/u980949395/domains/sector71.app/public_html/vendor/laravel/framework/src/Illuminate/Routing/Middleware/SubstituteBindings.php(50): Illuminate\\Pipeline\\Pipeline->Illuminate\\Pipeline\\{closure}()
#30 /home/u980949395/domains/sector71.app/public_html/vendor/laravel/framework/src/Illuminate/Pipeline/Pipeline.php(180): Illuminate\\Routing\\Middleware\\SubstituteBindings->handle()
#31 /home/u980949395/domains/sector71.app/public_html/vendor/laravel/framework/src/Illuminate/Auth/Middleware/Authenticate.php(44): Illuminate\\Pipeline\\Pipeline->Illuminate\\Pipeline\\{closure}()
#32 /home/u980949395/domains/sector71.app/public_html/vendor/laravel/framework/src/Illuminate/Pipeline/Pipeline.php(180): Illuminate\\Auth\\Middleware\\Authenticate->handle()
#33 /home/u980949395/domains/sector71.app/public_html/vendor/laravel/framework/src/Illuminate/Foundation/Http/Middleware/VerifyCsrfToken.php(78): Illuminate\\Pipeline\\Pipeline->Illuminate\\Pipeline\\{closure}()
#34 /home/u980949395/domains/sector71.app/public_html/vendor/laravel/framework/src/Illuminate/Pipeline/Pipeline.php(180): Illuminate\\Foundation\\Http\\Middleware\\VerifyCsrfToken->handle()
#35 /home/u980949395/domains/sector71.app/public_html/vendor/laravel/framework/src/Illuminate/View/Middleware/ShareErrorsFromSession.php(49): Illuminate\\Pipeline\\Pipeline->Illuminate\\Pipeline\\{closure}()
#36 /home/u980949395/domains/sector71.app/public_html/vendor/laravel/framework/src/Illuminate/Pipeline/Pipeline.php(180): Illuminate\\View\\Middleware\\ShareErrorsFromSession->handle()
#37 /home/u980949395/domains/sector71.app/public_html/vendor/laravel/framework/src/Illuminate/Session/Middleware/StartSession.php(121): Illuminate\\Pipeline\\Pipeline->Illuminate\\Pipeline\\{closure}()
#38 /home/u980949395/domains/sector71.app/public_html/vendor/laravel/framework/src/Illuminate/Session/Middleware/StartSession.php(64): Illuminate\\Session\\Middleware\\StartSession->handleStatefulRequest()
#39 /home/u980949395/domains/sector71.app/public_html/vendor/laravel/framework/src/Illuminate/Pipeline/Pipeline.php(180): Illuminate\\Session\\Middleware\\StartSession->handle()
#40 /home/u980949395/domains/sector71.app/public_html/vendor/laravel/framework/src/Illuminate/Cookie/Middleware/AddQueuedCookiesToResponse.php(37): Illuminate\\Pipeline\\Pipeline->Illuminate\\Pipeline\\{closure}()
#41 /home/u980949395/domains/sector71.app/public_html/vendor/laravel/framework/src/Illuminate/Pipeline/Pipeline.php(180): Illuminate\\Cookie\\Middleware\\AddQueuedCookiesToResponse->handle()
#42 /home/u980949395/domains/sector71.app/public_html/vendor/laravel/framework/src/Illuminate/Cookie/Middleware/EncryptCookies.php(67): Illuminate\\Pipeline\\Pipeline->Illuminate\\Pipeline\\{closure}()
#43 /home/u980949395/domains/sector71.app/public_html/vendor/laravel/framework/src/Illuminate/Pipeline/Pipeline.php(180): Illuminate\\Cookie\\Middleware\\EncryptCookies->handle()
#44 /home/u980949395/domains/sector71.app/public_html/vendor/laravel/framework/src/Illuminate/Pipeline/Pipeline.php(116): Illuminate\\Pipeline\\Pipeline->Illuminate\\Pipeline\\{closure}()
#45 /home/u980949395/domains/sector71.app/public_html/vendor/laravel/framework/src/Illuminate/Routing/Router.php(797): Illuminate\\Pipeline\\Pipeline->then()
#46 /home/u980949395/domains/sector71.app/public_html/vendor/laravel/framework/src/Illuminate/Routing/Router.php(776): Illuminate\\Routing\\Router->runRouteWithinStack()
#47 /home/u980949395/domains/sector71.app/public_html/vendor/laravel/framework/src/Illuminate/Routing/Router.php(740): Illuminate\\Routing\\Router->runRoute()
#48 /home/u980949395/domains/sector71.app/public_html/vendor/laravel/framework/src/Illuminate/Routing/Router.php(729): Illuminate\\Routing\\Router->dispatchToRoute()
#49 /home/u980949395/domains/sector71.app/public_html/vendor/laravel/framework/src/Illuminate/Foundation/Http/Kernel.php(190): Illuminate\\Routing\\Router->dispatch()
#50 /home/u980949395/domains/sector71.app/public_html/vendor/laravel/framework/src/Illuminate/Pipeline/Pipeline.php(141): Illuminate\\Foundation\\Http\\Kernel->Illuminate\\Foundation\\Http\\{closure}()
#51 /home/u980949395/domains/sector71.app/public_html/vendor/barryvdh/laravel-debugbar/src/Middleware/InjectDebugbar.php(59): Illuminate\\Pipeline\\Pipeline->Illuminate\\Pipeline\\{closure}()
#52 /home/u980949395/domains/sector71.app/public_html/vendor/laravel/framework/src/Illuminate/Pipeline/Pipeline.php(180): Barryvdh\\Debugbar\\Middleware\\InjectDebugbar->handle()
#53 /home/u980949395/domains/sector71.app/public_html/vendor/laravel/framework/src/Illuminate/Foundation/Http/Middleware/TransformsRequest.php(21): Illuminate\\Pipeline\\Pipeline->Illuminate\\Pipeline\\{closure}()
#54 /home/u980949395/domains/sector71.app/public_html/vendor/laravel/framework/src/Illuminate/Foundation/Http/Middleware/ConvertEmptyStringsToNull.php(31): Illuminate\\Foundation\\Http\\Middleware\\TransformsRequest->handle()
#55 /home/u980949395/domains/sector71.app/public_html/vendor/laravel/framework/src/Illuminate/Pipeline/Pipeline.php(180): Illuminate\\Foundation\\Http\\Middleware\\ConvertEmptyStringsToNull->handle()
#56 /home/u980949395/domains/sector71.app/public_html/vendor/laravel/framework/src/Illuminate/Foundation/Http/Middleware/TransformsRequest.php(21): Illuminate\\Pipeline\\Pipeline->Illuminate\\Pipeline\\{closure}()
#57 /home/u980949395/domains/sector71.app/public_html/vendor/laravel/framework/src/Illuminate/Foundation/Http/Middleware/TrimStrings.php(40): Illuminate\\Foundation\\Http\\Middleware\\TransformsRequest->handle()
#58 /home/u980949395/domains/sector71.app/public_html/vendor/laravel/framework/src/Illuminate/Pipeline/Pipeline.php(180): Illuminate\\Foundation\\Http\\Middleware\\TrimStrings->handle()
#59 /home/u980949395/domains/sector71.app/public_html/vendor/laravel/framework/src/Illuminate/Foundation/Http/Middleware/ValidatePostSize.php(27): Illuminate\\Pipeline\\Pipeline->Illuminate\\Pipeline\\{closure}()
#60 /home/u980949395/domains/sector71.app/public_html/vendor/laravel/framework/src/Illuminate/Pipeline/Pipeline.php(180): Illuminate\\Foundation\\Http\\Middleware\\ValidatePostSize->handle()
#61 /home/u980949395/domains/sector71.app/public_html/vendor/laravel/framework/src/Illuminate/Foundation/Http/Middleware/PreventRequestsDuringMaintenance.php(86): Illuminate\\Pipeline\\Pipeline->Illuminate\\Pipeline\\{closure}()
#62 /home/u980949395/domains/sector71.app/public_html/vendor/laravel/framework/src/Illuminate/Pipeline/Pipeline.php(180): Illuminate\\Foundation\\Http\\Middleware\\PreventRequestsDuringMaintenance->handle()
#63 /home/u980949395/domains/sector71.app/public_html/vendor/laravel/framework/src/Illuminate/Http/Middleware/HandleCors.php(49): Illuminate\\Pipeline\\Pipeline->Illuminate\\Pipeline\\{closure}()
#64 /home/u980949395/domains/sector71.app/public_html/vendor/laravel/framework/src/Illuminate/Pipeline/Pipeline.php(180): Illuminate\\Http\\Middleware\\HandleCors->handle()
#65 /home/u980949395/domains/sector71.app/public_html/app/Http/Middleware/SecurityHeaders.php(12): Illuminate\\Pipeline\\Pipeline->Illuminate\\Pipeline\\{closure}()
#66 /home/u980949395/domains/sector71.app/public_html/vendor/laravel/framework/src/Illuminate/Pipeline/Pipeline.php(180): App\\Http\\Middleware\\SecurityHeaders->handle()
#67 /home/u980949395/domains/sector71.app/public_html/vendor/laravel/framework/src/Illuminate/Http/Middleware/TrustProxies.php(39): Illuminate\\Pipeline\\Pipeline->Illuminate\\Pipeline\\{closure}()
#68 /home/u980949395/domains/sector71.app/public_html/vendor/laravel/framework/src/Illuminate/Pipeline/Pipeline.php(180): Illuminate\\Http\\Middleware\\TrustProxies->handle()
#69 /home/u980949395/domains/sector71.app/public_html/vendor/laravel/framework/src/Illuminate/Pipeline/Pipeline.php(116): Illuminate\\Pipeline\\Pipeline->Illuminate\\Pipeline\\{closure}()
#70 /home/u980949395/domains/sector71.app/public_html/vendor/laravel/framework/src/Illuminate/Foundation/Http/Kernel.php(165): Illuminate\\Pipeline\\Pipeline->then()
#71 /home/u980949395/domains/sector71.app/public_html/vendor/laravel/framework/src/Illuminate/Foundation/Http/Kernel.php(134): Illuminate\\Foundation\\Http\\Kernel->sendRequestThroughRouter()
#72 /home/u980949395/domains/sector71.app/public_html/public/index.php(51): Illuminate\\Foundation\\Http\\Kernel->handle()
#73 {main}
"} 
[2026-04-29 22:59:54] live.ERROR: Action Modules\Superadmin\Http\Controllers\MobileAppUsersController@index not defined. {"view":{"view":"/home/u980949395/domains/sector71.app/public_html/Modules/Superadmin/Resources/views/layouts/nav.blade.php","data":[]},"userId":1,"exception":"[object] (Spatie\\LaravelIgnition\\Exceptions\\ViewException(code: 0): Action Modules\\Superadmin\\Http\\Controllers\\MobileAppUsersController@index not defined. at /home/u980949395/domains/sector71.app/public_html/vendor/laravel/framework/src/Illuminate/Routing/UrlGenerator.php:510)
[stacktrace]
#0 /home/u980949395/domains/sector71.app/public_html/vendor/laravel/framework/src/Illuminate/Foundation/helpers.php(102): Illuminate\\Routing\\UrlGenerator->action()
#1 /home/u980949395/domains/sector71.app/public_html/Modules/Superadmin/Resources/views/layouts/nav.blade.php(29): action()
#2 /home/u980949395/domains/sector71.app/public_html/vendor/laravel/framework/src/Illuminate/Filesystem/Filesystem.php(109): require('/home/u98094939...')
#3 /home/u980949395/domains/sector71.app/public_html/vendor/laravel/framework/src/Illuminate/Filesystem/Filesystem.php(110): Illuminate\\Filesystem\\Filesystem::Illuminate\\Filesystem\\{closure}()
#4 /home/u980949395/domains/sector71.app/public_html/vendor/laravel/framework/src/Illuminate/View/Engines/PhpEngine.php(58): Illuminate\\Filesystem\\Filesystem->getRequire()
#5 /home/u980949395/domains/sector71.app/public_html/vendor/laravel/framework/src/Illuminate/View/Engines/CompilerEngine.php(70): Illuminate\\View\\Engines\\PhpEngine->evaluatePath()
#6 /home/u980949395/domains/sector71.app/public_html/vendor/laravel/framework/src/Illuminate/View/View.php(195): Illuminate\\View\\Engines\\CompilerEngine->get()
#7 /home/u980949395/domains/sector71.app/public_html/vendor/laravel/framework/src/Illuminate/View/View.php(178): Illuminate\\View\\View->getContents()
#8 /home/u980949395/domains/sector71.app/public_html/vendor/laravel/framework/src/Illuminate/View/View.php(147): Illuminate\\View\\View->renderContents()
#9 /home/u980949395/domains/sector71.app/public_html/Modules/Superadmin/Resources/views/superadmin_settings/edit.blade.php(5): Illuminate\\View\\View->render()
#10 /home/u980949395/domains/sector71.app/public_html/vendor/laravel/framework/src/Illuminate/Filesystem/Filesystem.php(109): require('/home/u98094939...')
#11 /home/u980949395/domains/sector71.app/public_html/vendor/laravel/framework/src/Illuminate/Filesystem/Filesystem.php(110): Illuminate\\Filesystem\\Filesystem::Illuminate\\Filesystem\\{closure}()
#12 /home/u980949395/domains/sector71.app/public_html/vendor/laravel/framework/src/Illuminate/View/Engines/PhpEngine.php(58): Illuminate\\Filesystem\\Filesystem->getRequire()
#13 /home/u980949395/domains/sector71.app/public_html/vendor/laravel/framework/src/Illuminate/View/Engines/CompilerEngine.php(70): Illuminate\\View\\Engines\\PhpEngine->evaluatePath()
#14 /home/u980949395/domains/sector71.app/public_html/vendor/laravel/framework/src/Illuminate/View/View.php(195): Illuminate\\View\\Engines\\CompilerEngine->get()
#15 /home/u980949395/domains/sector71.app/public_html/vendor/laravel/framework/src/Illuminate/View/View.php(178): Illuminate\\View\\View->getContents()
#16 /home/u980949395/domains/sector71.app/public_html/vendor/laravel/framework/src/Illuminate/View/View.php(147): Illuminate\\View\\View->renderContents()
#17 /home/u980949395/domains/sector71.app/public_html/vendor/laravel/framework/src/Illuminate/Http/Response.php(69): Illuminate\\View\\View->render()
#18 /home/u980949395/domains/sector71.app/public_html/vendor/laravel/framework/src/Illuminate/Http/Response.php(35): Illuminate\\Http\\Response->setContent()
#19 /home/u980949395/domains/sector71.app/public_html/vendor/laravel/framework/src/Illuminate/Routing/Router.php(906): Illuminate\\Http\\Response->__construct()
#20 /home/u980949395/domains/sector71.app/public_html/vendor/laravel/framework/src/Illuminate/Routing/Router.php(875): Illuminate\\Routing\\Router::toResponse()
#21 /home/u980949395/domains/sector71.app/public_html/vendor/laravel/framework/src/Illuminate/Routing/Router.php(797): Illuminate\\Routing\\Router->prepareResponse()
#22 /home/u980949395/domains/sector71.app/public_html/vendor/laravel/framework/src/Illuminate/Pipeline/Pipeline.php(141): Illuminate\\Routing\\Router->Illuminate\\Routing\\{closure}()
#23 /home/u980949395/domains/sector71.app/public_html/app/Http/Middleware/Superadmin.php(21): Illuminate\\Pipeline\\Pipeline->Illuminate\\Pipeline\\{closure}()
#24 /home/u980949395/domains/sector71.app/public_html/vendor/laravel/framework/src/Illuminate/Pipeline/Pipeline.php(180): App\\Http\\Middleware\\Superadmin->handle()
#25 /home/u980949395/domains/sector71.app/public_html/app/Http/Middleware/AdminSidebarMenu.php(892): Illuminate\\Pipeline\\Pipeline->Illuminate\\Pipeline\\{closure}()
#26 /home/u980949395/domains/sector71.app/public_html/vendor/laravel/framework/src/Illuminate/Pipeline/Pipeline.php(180): App\\Http\\Middleware\\AdminSidebarMenu->handle()
#27 /home/u980949395/domains/sector71.app/public_html/app/Http/Middleware/Language.php(25): Illuminate\\Pipeline\\Pipeline->Illuminate\\Pipeline\\{closure}()
#28 /home/u980949395/domains/sector71.app/public_html/vendor/laravel/framework/src/Illuminate/Pipeline/Pipeline.php(180): App\\Http\\Middleware\\Language->handle()
#29 /home/u980949395/domains/sector71.app/public_html/vendor/laravel/framework/src/Illuminate/Routing/Middleware/SubstituteBindings.php(50): Illuminate\\Pipeline\\Pipeline->Illuminate\\Pipeline\\{closure}()
#30 /home/u980949395/domains/sector71.app/public_html/vendor/laravel/framework/src/Illuminate/Pipeline/Pipeline.php(180): Illuminate\\Routing\\Middleware\\SubstituteBindings->handle()
#31 /home/u980949395/domains/sector71.app/public_html/vendor/laravel/framework/src/Illuminate/Auth/Middleware/Authenticate.php(44): Illuminate\\Pipeline\\Pipeline->Illuminate\\Pipeline\\{closure}()
#32 /home/u980949395/domains/sector71.app/public_html/vendor/laravel/framework/src/Illuminate/Pipeline/Pipeline.php(180): Illuminate\\Auth\\Middleware\\Authenticate->handle()
#33 /home/u980949395/domains/sector71.app/public_html/vendor/laravel/framework/src/Illuminate/Foundation/Http/Middleware/VerifyCsrfToken.php(78): Illuminate\\Pipeline\\Pipeline->Illuminate\\Pipeline\\{closure}()
#34 /home/u980949395/domains/sector71.app/public_html/vendor/laravel/framework/src/Illuminate/Pipeline/Pipeline.php(180): Illuminate\\Foundation\\Http\\Middleware\\VerifyCsrfToken->handle()
#35 /home/u980949395/domains/sector71.app/public_html/vendor/laravel/framework/src/Illuminate/View/Middleware/ShareErrorsFromSession.php(49): Illuminate\\Pipeline\\Pipeline->Illuminate\\Pipeline\\{closure}()
#36 /home/u980949395/domains/sector71.app/public_html/vendor/laravel/framework/src/Illuminate/Pipeline/Pipeline.php(180): Illuminate\\View\\Middleware\\ShareErrorsFromSession->handle()
#37 /home/u980949395/domains/sector71.app/public_html/vendor/laravel/framework/src/Illuminate/Session/Middleware/StartSession.php(121): Illuminate\\Pipeline\\Pipeline->Illuminate\\Pipeline\\{closure}()
#38 /home/u980949395/domains/sector71.app/public_html/vendor/laravel/framework/src/Illuminate/Session/Middleware/StartSession.php(64): Illuminate\\Session\\Middleware\\StartSession->handleStatefulRequest()
#39 /home/u980949395/domains/sector71.app/public_html/vendor/laravel/framework/src/Illuminate/Pipeline/Pipeline.php(180): Illuminate\\Session\\Middleware\\StartSession->handle()
#40 /home/u980949395/domains/sector71.app/public_html/vendor/laravel/framework/src/Illuminate/Cookie/Middleware/AddQueuedCookiesToResponse.php(37): Illuminate\\Pipeline\\Pipeline->Illuminate\\Pipeline\\{closure}()
#41 /home/u980949395/domains/sector71.app/public_html/vendor/laravel/framework/src/Illuminate/Pipeline/Pipeline.php(180): Illuminate\\Cookie\\Middleware\\AddQueuedCookiesToResponse->handle()
#42 /home/u980949395/domains/sector71.app/public_html/vendor/laravel/framework/src/Illuminate/Cookie/Middleware/EncryptCookies.php(67): Illuminate\\Pipeline\\Pipeline->Illuminate\\Pipeline\\{closure}()
#43 /home/u980949395/domains/sector71.app/public_html/vendor/laravel/framework/src/Illuminate/Pipeline/Pipeline.php(180): Illuminate\\Cookie\\Middleware\\EncryptCookies->handle()
#44 /home/u980949395/domains/sector71.app/public_html/vendor/laravel/framework/src/Illuminate/Pipeline/Pipeline.php(116): Illuminate\\Pipeline\\Pipeline->Illuminate\\Pipeline\\{closure}()
#45 /home/u980949395/domains/sector71.app/public_html/vendor/laravel/framework/src/Illuminate/Routing/Router.php(797): Illuminate\\Pipeline\\Pipeline->then()
#46 /home/u980949395/domains/sector71.app/public_html/vendor/laravel/framework/src/Illuminate/Routing/Router.php(776): Illuminate\\Routing\\Router->runRouteWithinStack()
#47 /home/u980949395/domains/sector71.app/public_html/vendor/laravel/framework/src/Illuminate/Routing/Router.php(740): Illuminate\\Routing\\Router->runRoute()
#48 /home/u980949395/domains/sector71.app/public_html/vendor/laravel/framework/src/Illuminate/Routing/Router.php(729): Illuminate\\Routing\\Router->dispatchToRoute()
#49 /home/u980949395/domains/sector71.app/public_html/vendor/laravel/framework/src/Illuminate/Foundation/Http/Kernel.php(190): Illuminate\\Routing\\Router->dispatch()
#50 /home/u980949395/domains/sector71.app/public_html/vendor/laravel/framework/src/Illuminate/Pipeline/Pipeline.php(141): Illuminate\\Foundation\\Http\\Kernel->Illuminate\\Foundation\\Http\\{closure}()
#51 /home/u980949395/domains/sector71.app/public_html/vendor/barryvdh/laravel-debugbar/src/Middleware/InjectDebugbar.php(59): Illuminate\\Pipeline\\Pipeline->Illuminate\\Pipeline\\{closure}()
#52 /home/u980949395/domains/sector71.app/public_html/vendor/laravel/framework/src/Illuminate/Pipeline/Pipeline.php(180): Barryvdh\\Debugbar\\Middleware\\InjectDebugbar->handle()
#53 /home/u980949395/domains/sector71.app/public_html/vendor/laravel/framework/src/Illuminate/Foundation/Http/Middleware/TransformsRequest.php(21): Illuminate\\Pipeline\\Pipeline->Illuminate\\Pipeline\\{closure}()
#54 /home/u980949395/domains/sector71.app/public_html/vendor/laravel/framework/src/Illuminate/Foundation/Http/Middleware/ConvertEmptyStringsToNull.php(31): Illuminate\\Foundation\\Http\\Middleware\\TransformsRequest->handle()
#55 /home/u980949395/domains/sector71.app/public_html/vendor/laravel/framework/src/Illuminate/Pipeline/Pipeline.php(180): Illuminate\\Foundation\\Http\\Middleware\\ConvertEmptyStringsToNull->handle()
#56 /home/u980949395/domains/sector71.app/public_html/vendor/laravel/framework/src/Illuminate/Foundation/Http/Middleware/TransformsRequest.php(21): Illuminate\\Pipeline\\Pipeline->Illuminate\\Pipeline\\{closure}()
#57 /home/u980949395/domains/sector71.app/public_html/vendor/laravel/framework/src/Illuminate/Foundation/Http/Middleware/TrimStrings.php(40): Illuminate\\Foundation\\Http\\Middleware\\TransformsRequest->handle()
#58 /home/u980949395/domains/sector71.app/public_html/vendor/laravel/framework/src/Illuminate/Pipeline/Pipeline.php(180): Illuminate\\Foundation\\Http\\Middleware\\TrimStrings->handle()
#59 /home/u980949395/domains/sector71.app/public_html/vendor/laravel/framework/src/Illuminate/Foundation/Http/Middleware/ValidatePostSize.php(27): Illuminate\\Pipeline\\Pipeline->Illuminate\\Pipeline\\{closure}()
#60 /home/u980949395/domains/sector71.app/public_html/vendor/laravel/framework/src/Illuminate/Pipeline/Pipeline.php(180): Illuminate\\Foundation\\Http\\Middleware\\ValidatePostSize->handle()
#61 /home/u980949395/domains/sector71.app/public_html/vendor/laravel/framework/src/Illuminate/Foundation/Http/Middleware/PreventRequestsDuringMaintenance.php(86): Illuminate\\Pipeline\\Pipeline->Illuminate\\Pipeline\\{closure}()
#62 /home/u980949395/domains/sector71.app/public_html/vendor/laravel/framework/src/Illuminate/Pipeline/Pipeline.php(180): Illuminate\\Foundation\\Http\\Middleware\\PreventRequestsDuringMaintenance->handle()
#63 /home/u980949395/domains/sector71.app/public_html/vendor/laravel/framework/src/Illuminate/Http/Middleware/HandleCors.php(49): Illuminate\\Pipeline\\Pipeline->Illuminate\\Pipeline\\{closure}()
#64 /home/u980949395/domains/sector71.app/public_html/vendor/laravel/framework/src/Illuminate/Pipeline/Pipeline.php(180): Illuminate\\Http\\Middleware\\HandleCors->handle()
#65 /home/u980949395/domains/sector71.app/public_html/app/Http/Middleware/SecurityHeaders.php(12): Illuminate\\Pipeline\\Pipeline->Illuminate\\Pipeline\\{closure}()
#66 /home/u980949395/domains/sector71.app/public_html/vendor/laravel/framework/src/Illuminate/Pipeline/Pipeline.php(180): App\\Http\\Middleware\\SecurityHeaders->handle()
#67 /home/u980949395/domains/sector71.app/public_html/vendor/laravel/framework/src/Illuminate/Http/Middleware/TrustProxies.php(39): Illuminate\\Pipeline\\Pipeline->Illuminate\\Pipeline\\{closure}()
#68 /home/u980949395/domains/sector71.app/public_html/vendor/laravel/framework/src/Illuminate/Pipeline/Pipeline.php(180): Illuminate\\Http\\Middleware\\TrustProxies->handle()
#69 /home/u980949395/domains/sector71.app/public_html/vendor/laravel/framework/src/Illuminate/Pipeline/Pipeline.php(116): Illuminate\\Pipeline\\Pipeline->Illuminate\\Pipeline\\{closure}()
#70 /home/u980949395/domains/sector71.app/public_html/vendor/laravel/framework/src/Illuminate/Foundation/Http/Kernel.php(165): Illuminate\\Pipeline\\Pipeline->then()
#71 /home/u980949395/domains/sector71.app/public_html/vendor/laravel/framework/src/Illuminate/Foundation/Http/Kernel.php(134): Illuminate\\Foundation\\Http\\Kernel->sendRequestThroughRouter()
#72 /home/u980949395/domains/sector71.app/public_html/public/index.php(51): Illuminate\\Foundation\\Http\\Kernel->handle()
#73 {main}

[previous exception] [object] (InvalidArgumentException(code: 0): Action Modules\\Superadmin\\Http\\Controllers\\MobileAppUsersController@index not defined. at /home/u980949395/domains/sector71.app/public_html/vendor/laravel/framework/src/Illuminate/Routing/UrlGenerator.php:510)
[stacktrace]
#0 /home/u980949395/domains/sector71.app/public_html/vendor/laravel/framework/src/Illuminate/Foundation/helpers.php(102): Illuminate\\Routing\\UrlGenerator->action()
#1 /home/u980949395/domains/sector71.app/public_html/storage/framework/views/ed7c9f7a0a1c6e7446fdf99d89e814c7e68d8a21.php(29): action()
#2 /home/u980949395/domains/sector71.app/public_html/vendor/laravel/framework/src/Illuminate/Filesystem/Filesystem.php(109): require('/home/u98094939...')
#3 /home/u980949395/domains/sector71.app/public_html/vendor/laravel/framework/src/Illuminate/Filesystem/Filesystem.php(110): Illuminate\\Filesystem\\Filesystem::Illuminate\\Filesystem\\{closure}()
#4 /home/u980949395/domains/sector71.app/public_html/vendor/laravel/framework/src/Illuminate/View/Engines/PhpEngine.php(58): Illuminate\\Filesystem\\Filesystem->getRequire()
#5 /home/u980949395/domains/sector71.app/public_html/vendor/laravel/framework/src/Illuminate/View/Engines/CompilerEngine.php(70): Illuminate\\View\\Engines\\PhpEngine->evaluatePath()
#6 /home/u980949395/domains/sector71.app/public_html/vendor/laravel/framework/src/Illuminate/View/View.php(195): Illuminate\\View\\Engines\\CompilerEngine->get()
#7 /home/u980949395/domains/sector71.app/public_html/vendor/laravel/framework/src/Illuminate/View/View.php(178): Illuminate\\View\\View->getContents()
#8 /home/u980949395/domains/sector71.app/public_html/vendor/laravel/framework/src/Illuminate/View/View.php(147): Illuminate\\View\\View->renderContents()
#9 /home/u980949395/domains/sector71.app/public_html/storage/framework/views/ff6ec41ba30253d7d788fdc2125fa4da14692d74.php(5): Illuminate\\View\\View->render()
#10 /home/u980949395/domains/sector71.app/public_html/vendor/laravel/framework/src/Illuminate/Filesystem/Filesystem.php(109): require('/home/u98094939...')
#11 /home/u980949395/domains/sector71.app/public_html/vendor/laravel/framework/src/Illuminate/Filesystem/Filesystem.php(110): Illuminate\\Filesystem\\Filesystem::Illuminate\\Filesystem\\{closure}()
#12 /home/u980949395/domains/sector71.app/public_html/vendor/laravel/framework/src/Illuminate/View/Engines/PhpEngine.php(58): Illuminate\\Filesystem\\Filesystem->getRequire()
#13 /home/u980949395/domains/sector71.app/public_html/vendor/laravel/framework/src/Illuminate/View/Engines/CompilerEngine.php(70): Illuminate\\View\\Engines\\PhpEngine->evaluatePath()
#14 /home/u980949395/domains/sector71.app/public_html/vendor/laravel/framework/src/Illuminate/View/View.php(195): Illuminate\\View\\Engines\\CompilerEngine->get()
#15 /home/u980949395/domains/sector71.app/public_html/vendor/laravel/framework/src/Illuminate/View/View.php(178): Illuminate\\View\\View->getContents()
#16 /home/u980949395/domains/sector71.app/public_html/vendor/laravel/framework/src/Illuminate/View/View.php(147): Illuminate\\View\\View->renderContents()
#17 /home/u980949395/domains/sector71.app/public_html/vendor/laravel/framework/src/Illuminate/Http/Response.php(69): Illuminate\\View\\View->render()
#18 /home/u980949395/domains/sector71.app/public_html/vendor/laravel/framework/src/Illuminate/Http/Response.php(35): Illuminate\\Http\\Response->setContent()
#19 /home/u980949395/domains/sector71.app/public_html/vendor/laravel/framework/src/Illuminate/Routing/Router.php(906): Illuminate\\Http\\Response->__construct()
#20 /home/u980949395/domains/sector71.app/public_html/vendor/laravel/framework/src/Illuminate/Routing/Router.php(875): Illuminate\\Routing\\Router::toResponse()
#21 /home/u980949395/domains/sector71.app/public_html/vendor/laravel/framework/src/Illuminate/Routing/Router.php(797): Illuminate\\Routing\\Router->prepareResponse()
#22 /home/u980949395/domains/sector71.app/public_html/vendor/laravel/framework/src/Illuminate/Pipeline/Pipeline.php(141): Illuminate\\Routing\\Router->Illuminate\\Routing\\{closure}()
#23 /home/u980949395/domains/sector71.app/public_html/app/Http/Middleware/Superadmin.php(21): Illuminate\\Pipeline\\Pipeline->Illuminate\\Pipeline\\{closure}()
#24 /home/u980949395/domains/sector71.app/public_html/vendor/laravel/framework/src/Illuminate/Pipeline/Pipeline.php(180): App\\Http\\Middleware\\Superadmin->handle()
#25 /home/u980949395/domains/sector71.app/public_html/app/Http/Middleware/AdminSidebarMenu.php(892): Illuminate\\Pipeline\\Pipeline->Illuminate\\Pipeline\\{closure}()
#26 /home/u980949395/domains/sector71.app/public_html/vendor/laravel/framework/src/Illuminate/Pipeline/Pipeline.php(180): App\\Http\\Middleware\\AdminSidebarMenu->handle()
#27 /home/u980949395/domains/sector71.app/public_html/app/Http/Middleware/Language.php(25): Illuminate\\Pipeline\\Pipeline->Illuminate\\Pipeline\\{closure}()
#28 /home/u980949395/domains/sector71.app/public_html/vendor/laravel/framework/src/Illuminate/Pipeline/Pipeline.php(180): App\\Http\\Middleware\\Language->handle()
#29 /home/u980949395/domains/sector71.app/public_html/vendor/laravel/framework/src/Illuminate/Routing/Middleware/SubstituteBindings.php(50): Illuminate\\Pipeline\\Pipeline->Illuminate\\Pipeline\\{closure}()
#30 /home/u980949395/domains/sector71.app/public_html/vendor/laravel/framework/src/Illuminate/Pipeline/Pipeline.php(180): Illuminate\\Routing\\Middleware\\SubstituteBindings->handle()
#31 /home/u980949395/domains/sector71.app/public_html/vendor/laravel/framework/src/Illuminate/Auth/Middleware/Authenticate.php(44): Illuminate\\Pipeline\\Pipeline->Illuminate\\Pipeline\\{closure}()
#32 /home/u980949395/domains/sector71.app/public_html/vendor/laravel/framework/src/Illuminate/Pipeline/Pipeline.php(180): Illuminate\\Auth\\Middleware\\Authenticate->handle()
#33 /home/u980949395/domains/sector71.app/public_html/vendor/laravel/framework/src/Illuminate/Foundation/Http/Middleware/VerifyCsrfToken.php(78): Illuminate\\Pipeline\\Pipeline->Illuminate\\Pipeline\\{closure}()
#34 /home/u980949395/domains/sector71.app/public_html/vendor/laravel/framework/src/Illuminate/Pipeline/Pipeline.php(180): Illuminate\\Foundation\\Http\\Middleware\\VerifyCsrfToken->handle()
#35 /home/u980949395/domains/sector71.app/public_html/vendor/laravel/framework/src/Illuminate/View/Middleware/ShareErrorsFromSession.php(49): Illuminate\\Pipeline\\Pipeline->Illuminate\\Pipeline\\{closure}()
#36 /home/u980949395/domains/sector71.app/public_html/vendor/laravel/framework/src/Illuminate/Pipeline/Pipeline.php(180): Illuminate\\View\\Middleware\\ShareErrorsFromSession->handle()
#37 /home/u980949395/domains/sector71.app/public_html/vendor/laravel/framework/src/Illuminate/Session/Middleware/StartSession.php(121): Illuminate\\Pipeline\\Pipeline->Illuminate\\Pipeline\\{closure}()
#38 /home/u980949395/domains/sector71.app/public_html/vendor/laravel/framework/src/Illuminate/Session/Middleware/StartSession.php(64): Illuminate\\Session\\Middleware\\StartSession->handleStatefulRequest()
#39 /home/u980949395/domains/sector71.app/public_html/vendor/laravel/framework/src/Illuminate/Pipeline/Pipeline.php(180): Illuminate\\Session\\Middleware\\StartSession->handle()
#40 /home/u980949395/domains/sector71.app/public_html/vendor/laravel/framework/src/Illuminate/Cookie/Middleware/AddQueuedCookiesToResponse.php(37): Illuminate\\Pipeline\\Pipeline->Illuminate\\Pipeline\\{closure}()
#41 /home/u980949395/domains/sector71.app/public_html/vendor/laravel/framework/src/Illuminate/Pipeline/Pipeline.php(180): Illuminate\\Cookie\\Middleware\\AddQueuedCookiesToResponse->handle()
#42 /home/u980949395/domains/sector71.app/public_html/vendor/laravel/framework/src/Illuminate/Cookie/Middleware/EncryptCookies.php(67): Illuminate\\Pipeline\\Pipeline->Illuminate\\Pipeline\\{closure}()
#43 /home/u980949395/domains/sector71.app/public_html/vendor/laravel/framework/src/Illuminate/Pipeline/Pipeline.php(180): Illuminate\\Cookie\\Middleware\\EncryptCookies->handle()
#44 /home/u980949395/domains/sector71.app/public_html/vendor/laravel/framework/src/Illuminate/Pipeline/Pipeline.php(116): Illuminate\\Pipeline\\Pipeline->Illuminate\\Pipeline\\{closure}()
#45 /home/u980949395/domains/sector71.app/public_html/vendor/laravel/framework/src/Illuminate/Routing/Router.php(797): Illuminate\\Pipeline\\Pipeline->then()
#46 /home/u980949395/domains/sector71.app/public_html/vendor/laravel/framework/src/Illuminate/Routing/Router.php(776): Illuminate\\Routing\\Router->runRouteWithinStack()
#47 /home/u980949395/domains/sector71.app/public_html/vendor/laravel/framework/src/Illuminate/Routing/Router.php(740): Illuminate\\Routing\\Router->runRoute()
#48 /home/u980949395/domains/sector71.app/public_html/vendor/laravel/framework/src/Illuminate/Routing/Router.php(729): Illuminate\\Routing\\Router->dispatchToRoute()
#49 /home/u980949395/domains/sector71.app/public_html/vendor/laravel/framework/src/Illuminate/Foundation/Http/Kernel.php(190): Illuminate\\Routing\\Router->dispatch()
#50 /home/u980949395/domains/sector71.app/public_html/vendor/laravel/framework/src/Illuminate/Pipeline/Pipeline.php(141): Illuminate\\Foundation\\Http\\Kernel->Illuminate\\Foundation\\Http\\{closure}()
#51 /home/u980949395/domains/sector71.app/public_html/vendor/barryvdh/laravel-debugbar/src/Middleware/InjectDebugbar.php(59): Illuminate\\Pipeline\\Pipeline->Illuminate\\Pipeline\\{closure}()
#52 /home/u980949395/domains/sector71.app/public_html/vendor/laravel/framework/src/Illuminate/Pipeline/Pipeline.php(180): Barryvdh\\Debugbar\\Middleware\\InjectDebugbar->handle()
#53 /home/u980949395/domains/sector71.app/public_html/vendor/laravel/framework/src/Illuminate/Foundation/Http/Middleware/TransformsRequest.php(21): Illuminate\\Pipeline\\Pipeline->Illuminate\\Pipeline\\{closure}()
#54 /home/u980949395/domains/sector71.app/public_html/vendor/laravel/framework/src/Illuminate/Foundation/Http/Middleware/ConvertEmptyStringsToNull.php(31): Illuminate\\Foundation\\Http\\Middleware\\TransformsRequest->handle()
#55 /home/u980949395/domains/sector71.app/public_html/vendor/laravel/framework/src/Illuminate/Pipeline/Pipeline.php(180): Illuminate\\Foundation\\Http\\Middleware\\ConvertEmptyStringsToNull->handle()
#56 /home/u980949395/domains/sector71.app/public_html/vendor/laravel/framework/src/Illuminate/Foundation/Http/Middleware/TransformsRequest.php(21): Illuminate\\Pipeline\\Pipeline->Illuminate\\Pipeline\\{closure}()
#57 /home/u980949395/domains/sector71.app/public_html/vendor/laravel/framework/src/Illuminate/Foundation/Http/Middleware/TrimStrings.php(40): Illuminate\\Foundation\\Http\\Middleware\\TransformsRequest->handle()
#58 /home/u980949395/domains/sector71.app/public_html/vendor/laravel/framework/src/Illuminate/Pipeline/Pipeline.php(180): Illuminate\\Foundation\\Http\\Middleware\\TrimStrings->handle()
#59 /home/u980949395/domains/sector71.app/public_html/vendor/laravel/framework/src/Illuminate/Foundation/Http/Middleware/ValidatePostSize.php(27): Illuminate\\Pipeline\\Pipeline->Illuminate\\Pipeline\\{closure}()
#60 /home/u980949395/domains/sector71.app/public_html/vendor/laravel/framework/src/Illuminate/Pipeline/Pipeline.php(180): Illuminate\\Foundation\\Http\\Middleware\\ValidatePostSize->handle()
#61 /home/u980949395/domains/sector71.app/public_html/vendor/laravel/framework/src/Illuminate/Foundation/Http/Middleware/PreventRequestsDuringMaintenance.php(86): Illuminate\\Pipeline\\Pipeline->Illuminate\\Pipeline\\{closure}()
#62 /home/u980949395/domains/sector71.app/public_html/vendor/laravel/framework/src/Illuminate/Pipeline/Pipeline.php(180): Illuminate\\Foundation\\Http\\Middleware\\PreventRequestsDuringMaintenance->handle()
#63 /home/u980949395/domains/sector71.app/public_html/vendor/laravel/framework/src/Illuminate/Http/Middleware/HandleCors.php(49): Illuminate\\Pipeline\\Pipeline->Illuminate\\Pipeline\\{closure}()
#64 /home/u980949395/domains/sector71.app/public_html/vendor/laravel/framework/src/Illuminate/Pipeline/Pipeline.php(180): Illuminate\\Http\\Middleware\\HandleCors->handle()
#65 /home/u980949395/domains/sector71.app/public_html/app/Http/Middleware/SecurityHeaders.php(12): Illuminate\\Pipeline\\Pipeline->Illuminate\\Pipeline\\{closure}()
#66 /home/u980949395/domains/sector71.app/public_html/vendor/laravel/framework/src/Illuminate/Pipeline/Pipeline.php(180): App\\Http\\Middleware\\SecurityHeaders->handle()
#67 /home/u980949395/domains/sector71.app/public_html/vendor/laravel/framework/src/Illuminate/Http/Middleware/TrustProxies.php(39): Illuminate\\Pipeline\\Pipeline->Illuminate\\Pipeline\\{closure}()
#68 /home/u980949395/domains/sector71.app/public_html/vendor/laravel/framework/src/Illuminate/Pipeline/Pipeline.php(180): Illuminate\\Http\\Middleware\\TrustProxies->handle()
#69 /home/u980949395/domains/sector71.app/public_html/vendor/laravel/framework/src/Illuminate/Pipeline/Pipeline.php(116): Illuminate\\Pipeline\\Pipeline->Illuminate\\Pipeline\\{closure}()
#70 /home/u980949395/domains/sector71.app/public_html/vendor/laravel/framework/src/Illuminate/Foundation/Http/Kernel.php(165): Illuminate\\Pipeline\\Pipeline->then()
#71 /home/u980949395/domains/sector71.app/public_html/vendor/laravel/framework/src/Illuminate/Foundation/Http/Kernel.php(134): Illuminate\\Foundation\\Http\\Kernel->sendRequestThroughRouter()
#72 /home/u980949395/domains/sector71.app/public_html/public/index.php(51): Illuminate\\Foundation\\Http\\Kernel->handle()
#73 {main}
"} 
[2026-04-29 23:01:10] live.ERROR: Action Modules\Superadmin\Http\Controllers\MobileAppUsersController@index not defined. {"view":{"view":"/home/u980949395/domains/sector71.app/public_html/Modules/Superadmin/Resources/views/layouts/nav.blade.php","data":[]},"userId":1,"exception":"[object] (Spatie\\LaravelIgnition\\Exceptions\\ViewException(code: 0): Action Modules\\Superadmin\\Http\\Controllers\\MobileAppUsersController@index not defined. at /home/u980949395/domains/sector71.app/public_html/vendor/laravel/framework/src/Illuminate/Routing/UrlGenerator.php:510)
[stacktrace]
#0 /home/u980949395/domains/sector71.app/public_html/vendor/laravel/framework/src/Illuminate/Foundation/helpers.php(102): Illuminate\\Routing\\UrlGenerator->action()
#1 /home/u980949395/domains/sector71.app/public_html/Modules/Superadmin/Resources/views/layouts/nav.blade.php(29): action()
#2 /home/u980949395/domains/sector71.app/public_html/vendor/laravel/framework/src/Illuminate/Filesystem/Filesystem.php(109): require('/home/u98094939...')
#3 /home/u980949395/domains/sector71.app/public_html/vendor/laravel/framework/src/Illuminate/Filesystem/Filesystem.php(110): Illuminate\\Filesystem\\Filesystem::Illuminate\\Filesystem\\{closure}()
#4 /home/u980949395/domains/sector71.app/public_html/vendor/laravel/framework/src/Illuminate/View/Engines/PhpEngine.php(58): Illuminate\\Filesystem\\Filesystem->getRequire()
#5 /home/u980949395/domains/sector71.app/public_html/vendor/laravel/framework/src/Illuminate/View/Engines/CompilerEngine.php(70): Illuminate\\View\\Engines\\PhpEngine->evaluatePath()
#6 /home/u980949395/domains/sector71.app/public_html/vendor/laravel/framework/src/Illuminate/View/View.php(195): Illuminate\\View\\Engines\\CompilerEngine->get()
#7 /home/u980949395/domains/sector71.app/public_html/vendor/laravel/framework/src/Illuminate/View/View.php(178): Illuminate\\View\\View->getContents()
#8 /home/u980949395/domains/sector71.app/public_html/vendor/laravel/framework/src/Illuminate/View/View.php(147): Illuminate\\View\\View->renderContents()
#9 /home/u980949395/domains/sector71.app/public_html/Modules/Superadmin/Resources/views/superadmin_settings/edit.blade.php(5): Illuminate\\View\\View->render()
#10 /home/u980949395/domains/sector71.app/public_html/vendor/laravel/framework/src/Illuminate/Filesystem/Filesystem.php(109): require('/home/u98094939...')
#11 /home/u980949395/domains/sector71.app/public_html/vendor/laravel/framework/src/Illuminate/Filesystem/Filesystem.php(110): Illuminate\\Filesystem\\Filesystem::Illuminate\\Filesystem\\{closure}()
#12 /home/u980949395/domains/sector71.app/public_html/vendor/laravel/framework/src/Illuminate/View/Engines/PhpEngine.php(58): Illuminate\\Filesystem\\Filesystem->getRequire()
#13 /home/u980949395/domains/sector71.app/public_html/vendor/laravel/framework/src/Illuminate/View/Engines/CompilerEngine.php(70): Illuminate\\View\\Engines\\PhpEngine->evaluatePath()
#14 /home/u980949395/domains/sector71.app/public_html/vendor/laravel/framework/src/Illuminate/View/View.php(195): Illuminate\\View\\Engines\\CompilerEngine->get()
#15 /home/u980949395/domains/sector71.app/public_html/vendor/laravel/framework/src/Illuminate/View/View.php(178): Illuminate\\View\\View->getContents()
#16 /home/u980949395/domains/sector71.app/public_html/vendor/laravel/framework/src/Illuminate/View/View.php(147): Illuminate\\View\\View->renderContents()
#17 /home/u980949395/domains/sector71.app/public_html/vendor/laravel/framework/src/Illuminate/Http/Response.php(69): Illuminate\\View\\View->render()
#18 /home/u980949395/domains/sector71.app/public_html/vendor/laravel/framework/src/Illuminate/Http/Response.php(35): Illuminate\\Http\\Response->setContent()
#19 /home/u980949395/domains/sector71.app/public_html/vendor/laravel/framework/src/Illuminate/Routing/Router.php(906): Illuminate\\Http\\Response->__construct()
#20 /home/u980949395/domains/sector71.app/public_html/vendor/laravel/framework/src/Illuminate/Routing/Router.php(875): Illuminate\\Routing\\Router::toResponse()
#21 /home/u980949395/domains/sector71.app/public_html/vendor/laravel/framework/src/Illuminate/Routing/Router.php(797): Illuminate\\Routing\\Router->prepareResponse()
#22 /home/u980949395/domains/sector71.app/public_html/vendor/laravel/framework/src/Illuminate/Pipeline/Pipeline.php(141): Illuminate\\Routing\\Router->Illuminate\\Routing\\{closure}()
#23 /home/u980949395/domains/sector71.app/public_html/app/Http/Middleware/Superadmin.php(21): Illuminate\\Pipeline\\Pipeline->Illuminate\\Pipeline\\{closure}()
#24 /home/u980949395/domains/sector71.app/public_html/vendor/laravel/framework/src/Illuminate/Pipeline/Pipeline.php(180): App\\Http\\Middleware\\Superadmin->handle()
#25 /home/u980949395/domains/sector71.app/public_html/app/Http/Middleware/AdminSidebarMenu.php(892): Illuminate\\Pipeline\\Pipeline->Illuminate\\Pipeline\\{closure}()
#26 /home/u980949395/domains/sector71.app/public_html/vendor/laravel/framework/src/Illuminate/Pipeline/Pipeline.php(180): App\\Http\\Middleware\\AdminSidebarMenu->handle()
#27 /home/u980949395/domains/sector71.app/public_html/app/Http/Middleware/Language.php(25): Illuminate\\Pipeline\\Pipeline->Illuminate\\Pipeline\\{closure}()
#28 /home/u980949395/domains/sector71.app/public_html/vendor/laravel/framework/src/Illuminate/Pipeline/Pipeline.php(180): App\\Http\\Middleware\\Language->handle()
#29 /home/u980949395/domains/sector71.app/public_html/vendor/laravel/framework/src/Illuminate/Routing/Middleware/SubstituteBindings.php(50): Illuminate\\Pipeline\\Pipeline->Illuminate\\Pipeline\\{closure}()
#30 /home/u980949395/domains/sector71.app/public_html/vendor/laravel/framework/src/Illuminate/Pipeline/Pipeline.php(180): Illuminate\\Routing\\Middleware\\SubstituteBindings->handle()
#31 /home/u980949395/domains/sector71.app/public_html/vendor/laravel/framework/src/Illuminate/Auth/Middleware/Authenticate.php(44): Illuminate\\Pipeline\\Pipeline->Illuminate\\Pipeline\\{closure}()
#32 /home/u980949395/domains/sector71.app/public_html/vendor/laravel/framework/src/Illuminate/Pipeline/Pipeline.php(180): Illuminate\\Auth\\Middleware\\Authenticate->handle()
#33 /home/u980949395/domains/sector71.app/public_html/vendor/laravel/framework/src/Illuminate/Foundation/Http/Middleware/VerifyCsrfToken.php(78): Illuminate\\Pipeline\\Pipeline->Illuminate\\Pipeline\\{closure}()
#34 /home/u980949395/domains/sector71.app/public_html/vendor/laravel/framework/src/Illuminate/Pipeline/Pipeline.php(180): Illuminate\\Foundation\\Http\\Middleware\\VerifyCsrfToken->handle()
#35 /home/u980949395/domains/sector71.app/public_html/vendor/laravel/framework/src/Illuminate/View/Middleware/ShareErrorsFromSession.php(49): Illuminate\\Pipeline\\Pipeline->Illuminate\\Pipeline\\{closure}()
#36 /home/u980949395/domains/sector71.app/public_html/vendor/laravel/framework/src/Illuminate/Pipeline/Pipeline.php(180): Illuminate\\View\\Middleware\\ShareErrorsFromSession->handle()
#37 /home/u980949395/domains/sector71.app/public_html/vendor/laravel/framework/src/Illuminate/Session/Middleware/StartSession.php(121): Illuminate\\Pipeline\\Pipeline->Illuminate\\Pipeline\\{closure}()
#38 /home/u980949395/domains/sector71.app/public_html/vendor/laravel/framework/src/Illuminate/Session/Middleware/StartSession.php(64): Illuminate\\Session\\Middleware\\StartSession->handleStatefulRequest()
#39 /home/u980949395/domains/sector71.app/public_html/vendor/laravel/framework/src/Illuminate/Pipeline/Pipeline.php(180): Illuminate\\Session\\Middleware\\StartSession->handle()
#40 /home/u980949395/domains/sector71.app/public_html/vendor/laravel/framework/src/Illuminate/Cookie/Middleware/AddQueuedCookiesToResponse.php(37): Illuminate\\Pipeline\\Pipeline->Illuminate\\Pipeline\\{closure}()
#41 /home/u980949395/domains/sector71.app/public_html/vendor/laravel/framework/src/Illuminate/Pipeline/Pipeline.php(180): Illuminate\\Cookie\\Middleware\\AddQueuedCookiesToResponse->handle()
#42 /home/u980949395/domains/sector71.app/public_html/vendor/laravel/framework/src/Illuminate/Cookie/Middleware/EncryptCookies.php(67): Illuminate\\Pipeline\\Pipeline->Illuminate\\Pipeline\\{closure}()
#43 /home/u980949395/domains/sector71.app/public_html/vendor/laravel/framework/src/Illuminate/Pipeline/Pipeline.php(180): Illuminate\\Cookie\\Middleware\\EncryptCookies->handle()
#44 /home/u980949395/domains/sector71.app/public_html/vendor/laravel/framework/src/Illuminate/Pipeline/Pipeline.php(116): Illuminate\\Pipeline\\Pipeline->Illuminate\\Pipeline\\{closure}()
#45 /home/u980949395/domains/sector71.app/public_html/vendor/laravel/framework/src/Illuminate/Routing/Router.php(797): Illuminate\\Pipeline\\Pipeline->then()
#46 /home/u980949395/domains/sector71.app/public_html/vendor/laravel/framework/src/Illuminate/Routing/Router.php(776): Illuminate\\Routing\\Router->runRouteWithinStack()
#47 /home/u980949395/domains/sector71.app/public_html/vendor/laravel/framework/src/Illuminate/Routing/Router.php(740): Illuminate\\Routing\\Router->runRoute()
#48 /home/u980949395/domains/sector71.app/public_html/vendor/laravel/framework/src/Illuminate/Routing/Router.php(729): Illuminate\\Routing\\Router->dispatchToRoute()
#49 /home/u980949395/domains/sector71.app/public_html/vendor/laravel/framework/src/Illuminate/Foundation/Http/Kernel.php(190): Illuminate\\Routing\\Router->dispatch()
#50 /home/u980949395/domains/sector71.app/public_html/vendor/laravel/framework/src/Illuminate/Pipeline/Pipeline.php(141): Illuminate\\Foundation\\Http\\Kernel->Illuminate\\Foundation\\Http\\{closure}()
#51 /home/u980949395/domains/sector71.app/public_html/vendor/barryvdh/laravel-debugbar/src/Middleware/InjectDebugbar.php(59): Illuminate\\Pipeline\\Pipeline->Illuminate\\Pipeline\\{closure}()
#52 /home/u980949395/domains/sector71.app/public_html/vendor/laravel/framework/src/Illuminate/Pipeline/Pipeline.php(180): Barryvdh\\Debugbar\\Middleware\\InjectDebugbar->handle()
#53 /home/u980949395/domains/sector71.app/public_html/vendor/laravel/framework/src/Illuminate/Foundation/Http/Middleware/TransformsRequest.php(21): Illuminate\\Pipeline\\Pipeline->Illuminate\\Pipeline\\{closure}()
#54 /home/u980949395/domains/sector71.app/public_html/vendor/laravel/framework/src/Illuminate/Foundation/Http/Middleware/ConvertEmptyStringsToNull.php(31): Illuminate\\Foundation\\Http\\Middleware\\TransformsRequest->handle()
#55 /home/u980949395/domains/sector71.app/public_html/vendor/laravel/framework/src/Illuminate/Pipeline/Pipeline.php(180): Illuminate\\Foundation\\Http\\Middleware\\ConvertEmptyStringsToNull->handle()
#56 /home/u980949395/domains/sector71.app/public_html/vendor/laravel/framework/src/Illuminate/Foundation/Http/Middleware/TransformsRequest.php(21): Illuminate\\Pipeline\\Pipeline->Illuminate\\Pipeline\\{closure}()
#57 /home/u980949395/domains/sector71.app/public_html/vendor/laravel/framework/src/Illuminate/Foundation/Http/Middleware/TrimStrings.php(40): Illuminate\\Foundation\\Http\\Middleware\\TransformsRequest->handle()
#58 /home/u980949395/domains/sector71.app/public_html/vendor/laravel/framework/src/Illuminate/Pipeline/Pipeline.php(180): Illuminate\\Foundation\\Http\\Middleware\\TrimStrings->handle()
#59 /home/u980949395/domains/sector71.app/public_html/vendor/laravel/framework/src/Illuminate/Foundation/Http/Middleware/ValidatePostSize.php(27): Illuminate\\Pipeline\\Pipeline->Illuminate\\Pipeline\\{closure}()
#60 /home/u980949395/domains/sector71.app/public_html/vendor/laravel/framework/src/Illuminate/Pipeline/Pipeline.php(180): Illuminate\\Foundation\\Http\\Middleware\\ValidatePostSize->handle()
#61 /home/u980949395/domains/sector71.app/public_html/vendor/laravel/framework/src/Illuminate/Foundation/Http/Middleware/PreventRequestsDuringMaintenance.php(86): Illuminate\\Pipeline\\Pipeline->Illuminate\\Pipeline\\{closure}()
#62 /home/u980949395/domains/sector71.app/public_html/vendor/laravel/framework/src/Illuminate/Pipeline/Pipeline.php(180): Illuminate\\Foundation\\Http\\Middleware\\PreventRequestsDuringMaintenance->handle()
#63 /home/u980949395/domains/sector71.app/public_html/vendor/laravel/framework/src/Illuminate/Http/Middleware/HandleCors.php(49): Illuminate\\Pipeline\\Pipeline->Illuminate\\Pipeline\\{closure}()
#64 /home/u980949395/domains/sector71.app/public_html/vendor/laravel/framework/src/Illuminate/Pipeline/Pipeline.php(180): Illuminate\\Http\\Middleware\\HandleCors->handle()
#65 /home/u980949395/domains/sector71.app/public_html/app/Http/Middleware/SecurityHeaders.php(12): Illuminate\\Pipeline\\Pipeline->Illuminate\\Pipeline\\{closure}()
#66 /home/u980949395/domains/sector71.app/public_html/vendor/laravel/framework/src/Illuminate/Pipeline/Pipeline.php(180): App\\Http\\Middleware\\SecurityHeaders->handle()
#67 /home/u980949395/domains/sector71.app/public_html/vendor/laravel/framework/src/Illuminate/Http/Middleware/TrustProxies.php(39): Illuminate\\Pipeline\\Pipeline->Illuminate\\Pipeline\\{closure}()
#68 /home/u980949395/domains/sector71.app/public_html/vendor/laravel/framework/src/Illuminate/Pipeline/Pipeline.php(180): Illuminate\\Http\\Middleware\\TrustProxies->handle()
#69 /home/u980949395/domains/sector71.app/public_html/vendor/laravel/framework/src/Illuminate/Pipeline/Pipeline.php(116): Illuminate\\Pipeline\\Pipeline->Illuminate\\Pipeline\\{closure}()
#70 /home/u980949395/domains/sector71.app/public_html/vendor/laravel/framework/src/Illuminate/Foundation/Http/Kernel.php(165): Illuminate\\Pipeline\\Pipeline->then()
#71 /home/u980949395/domains/sector71.app/public_html/vendor/laravel/framework/src/Illuminate/Foundation/Http/Kernel.php(134): Illuminate\\Foundation\\Http\\Kernel->sendRequestThroughRouter()
#72 /home/u980949395/domains/sector71.app/public_html/public/index.php(51): Illuminate\\Foundation\\Http\\Kernel->handle()
#73 {main}

[previous exception] [object] (InvalidArgumentException(code: 0): Action Modules\\Superadmin\\Http\\Controllers\\MobileAppUsersController@index not defined. at /home/u980949395/domains/sector71.app/public_html/vendor/laravel/framework/src/Illuminate/Routing/UrlGenerator.php:510)
[stacktrace]
#0 /home/u980949395/domains/sector71.app/public_html/vendor/laravel/framework/src/Illuminate/Foundation/helpers.php(102): Illuminate\\Routing\\UrlGenerator->action()
#1 /home/u980949395/domains/sector71.app/public_html/storage/framework/views/ed7c9f7a0a1c6e7446fdf99d89e814c7e68d8a21.php(29): action()
#2 /home/u980949395/domains/sector71.app/public_html/vendor/laravel/framework/src/Illuminate/Filesystem/Filesystem.php(109): require('/home/u98094939...')
#3 /home/u980949395/domains/sector71.app/public_html/vendor/laravel/framework/src/Illuminate/Filesystem/Filesystem.php(110): Illuminate\\Filesystem\\Filesystem::Illuminate\\Filesystem\\{closure}()
#4 /home/u980949395/domains/sector71.app/public_html/vendor/laravel/framework/src/Illuminate/View/Engines/PhpEngine.php(58): Illuminate\\Filesystem\\Filesystem->getRequire()
#5 /home/u980949395/domains/sector71.app/public_html/vendor/laravel/framework/src/Illuminate/View/Engines/CompilerEngine.php(70): Illuminate\\View\\Engines\\PhpEngine->evaluatePath()
#6 /home/u980949395/domains/sector71.app/public_html/vendor/laravel/framework/src/Illuminate/View/View.php(195): Illuminate\\View\\Engines\\CompilerEngine->get()
#7 /home/u980949395/domains/sector71.app/public_html/vendor/laravel/framework/src/Illuminate/View/View.php(178): Illuminate\\View\\View->getContents()
#8 /home/u980949395/domains/sector71.app/public_html/vendor/laravel/framework/src/Illuminate/View/View.php(147): Illuminate\\View\\View->renderContents()
#9 /home/u980949395/domains/sector71.app/public_html/storage/framework/views/ff6ec41ba30253d7d788fdc2125fa4da14692d74.php(5): Illuminate\\View\\View->render()
#10 /home/u980949395/domains/sector71.app/public_html/vendor/laravel/framework/src/Illuminate/Filesystem/Filesystem.php(109): require('/home/u98094939...')
#11 /home/u980949395/domains/sector71.app/public_html/vendor/laravel/framework/src/Illuminate/Filesystem/Filesystem.php(110): Illuminate\\Filesystem\\Filesystem::Illuminate\\Filesystem\\{closure}()
#12 /home/u980949395/domains/sector71.app/public_html/vendor/laravel/framework/src/Illuminate/View/Engines/PhpEngine.php(58): Illuminate\\Filesystem\\Filesystem->getRequire()
#13 /home/u980949395/domains/sector71.app/public_html/vendor/laravel/framework/src/Illuminate/View/Engines/CompilerEngine.php(70): Illuminate\\View\\Engines\\PhpEngine->evaluatePath()
#14 /home/u980949395/domains/sector71.app/public_html/vendor/laravel/framework/src/Illuminate/View/View.php(195): Illuminate\\View\\Engines\\CompilerEngine->get()
#15 /home/u980949395/domains/sector71.app/public_html/vendor/laravel/framework/src/Illuminate/View/View.php(178): Illuminate\\View\\View->getContents()
#16 /home/u980949395/domains/sector71.app/public_html/vendor/laravel/framework/src/Illuminate/View/View.php(147): Illuminate\\View\\View->renderContents()
#17 /home/u980949395/domains/sector71.app/public_html/vendor/laravel/framework/src/Illuminate/Http/Response.php(69): Illuminate\\View\\View->render()
#18 /home/u980949395/domains/sector71.app/public_html/vendor/laravel/framework/src/Illuminate/Http/Response.php(35): Illuminate\\Http\\Response->setContent()
#19 /home/u980949395/domains/sector71.app/public_html/vendor/laravel/framework/src/Illuminate/Routing/Router.php(906): Illuminate\\Http\\Response->__construct()
#20 /home/u980949395/domains/sector71.app/public_html/vendor/laravel/framework/src/Illuminate/Routing/Router.php(875): Illuminate\\Routing\\Router::toResponse()
#21 /home/u980949395/domains/sector71.app/public_html/vendor/laravel/framework/src/Illuminate/Routing/Router.php(797): Illuminate\\Routing\\Router->prepareResponse()
#22 /home/u980949395/domains/sector71.app/public_html/vendor/laravel/framework/src/Illuminate/Pipeline/Pipeline.php(141): Illuminate\\Routing\\Router->Illuminate\\Routing\\{closure}()
#23 /home/u980949395/domains/sector71.app/public_html/app/Http/Middleware/Superadmin.php(21): Illuminate\\Pipeline\\Pipeline->Illuminate\\Pipeline\\{closure}()
#24 /home/u980949395/domains/sector71.app/public_html/vendor/laravel/framework/src/Illuminate/Pipeline/Pipeline.php(180): App\\Http\\Middleware\\Superadmin->handle()
#25 /home/u980949395/domains/sector71.app/public_html/app/Http/Middleware/AdminSidebarMenu.php(892): Illuminate\\Pipeline\\Pipeline->Illuminate\\Pipeline\\{closure}()
#26 /home/u980949395/domains/sector71.app/public_html/vendor/laravel/framework/src/Illuminate/Pipeline/Pipeline.php(180): App\\Http\\Middleware\\AdminSidebarMenu->handle()
#27 /home/u980949395/domains/sector71.app/public_html/app/Http/Middleware/Language.php(25): Illuminate\\Pipeline\\Pipeline->Illuminate\\Pipeline\\{closure}()
#28 /home/u980949395/domains/sector71.app/public_html/vendor/laravel/framework/src/Illuminate/Pipeline/Pipeline.php(180): App\\Http\\Middleware\\Language->handle()
#29 /home/u980949395/domains/sector71.app/public_html/vendor/laravel/framework/src/Illuminate/Routing/Middleware/SubstituteBindings.php(50): Illuminate\\Pipeline\\Pipeline->Illuminate\\Pipeline\\{closure}()
#30 /home/u980949395/domains/sector71.app/public_html/vendor/laravel/framework/src/Illuminate/Pipeline/Pipeline.php(180): Illuminate\\Routing\\Middleware\\SubstituteBindings->handle()
#31 /home/u980949395/domains/sector71.app/public_html/vendor/laravel/framework/src/Illuminate/Auth/Middleware/Authenticate.php(44): Illuminate\\Pipeline\\Pipeline->Illuminate\\Pipeline\\{closure}()
#32 /home/u980949395/domains/sector71.app/public_html/vendor/laravel/framework/src/Illuminate/Pipeline/Pipeline.php(180): Illuminate\\Auth\\Middleware\\Authenticate->handle()
#33 /home/u980949395/domains/sector71.app/public_html/vendor/laravel/framework/src/Illuminate/Foundation/Http/Middleware/VerifyCsrfToken.php(78): Illuminate\\Pipeline\\Pipeline->Illuminate\\Pipeline\\{closure}()
#34 /home/u980949395/domains/sector71.app/public_html/vendor/laravel/framework/src/Illuminate/Pipeline/Pipeline.php(180): Illuminate\\Foundation\\Http\\Middleware\\VerifyCsrfToken->handle()
#35 /home/u980949395/domains/sector71.app/public_html/vendor/laravel/framework/src/Illuminate/View/Middleware/ShareErrorsFromSession.php(49): Illuminate\\Pipeline\\Pipeline->Illuminate\\Pipeline\\{closure}()
#36 /home/u980949395/domains/sector71.app/public_html/vendor/laravel/framework/src/Illuminate/Pipeline/Pipeline.php(180): Illuminate\\View\\Middleware\\ShareErrorsFromSession->handle()
#37 /home/u980949395/domains/sector71.app/public_html/vendor/laravel/framework/src/Illuminate/Session/Middleware/StartSession.php(121): Illuminate\\Pipeline\\Pipeline->Illuminate\\Pipeline\\{closure}()
#38 /home/u980949395/domains/sector71.app/public_html/vendor/laravel/framework/src/Illuminate/Session/Middleware/StartSession.php(64): Illuminate\\Session\\Middleware\\StartSession->handleStatefulRequest()
#39 /home/u980949395/domains/sector71.app/public_html/vendor/laravel/framework/src/Illuminate/Pipeline/Pipeline.php(180): Illuminate\\Session\\Middleware\\StartSession->handle()
#40 /home/u980949395/domains/sector71.app/public_html/vendor/laravel/framework/src/Illuminate/Cookie/Middleware/AddQueuedCookiesToResponse.php(37): Illuminate\\Pipeline\\Pipeline->Illuminate\\Pipeline\\{closure}()
#41 /home/u980949395/domains/sector71.app/public_html/vendor/laravel/framework/src/Illuminate/Pipeline/Pipeline.php(180): Illuminate\\Cookie\\Middleware\\AddQueuedCookiesToResponse->handle()
#42 /home/u980949395/domains/sector71.app/public_html/vendor/laravel/framework/src/Illuminate/Cookie/Middleware/EncryptCookies.php(67): Illuminate\\Pipeline\\Pipeline->Illuminate\\Pipeline\\{closure}()
#43 /home/u980949395/domains/sector71.app/public_html/vendor/laravel/framework/src/Illuminate/Pipeline/Pipeline.php(180): Illuminate\\Cookie\\Middleware\\EncryptCookies->handle()
#44 /home/u980949395/domains/sector71.app/public_html/vendor/laravel/framework/src/Illuminate/Pipeline/Pipeline.php(116): Illuminate\\Pipeline\\Pipeline->Illuminate\\Pipeline\\{closure}()
#45 /home/u980949395/domains/sector71.app/public_html/vendor/laravel/framework/src/Illuminate/Routing/Router.php(797): Illuminate\\Pipeline\\Pipeline->then()
#46 /home/u980949395/domains/sector71.app/public_html/vendor/laravel/framework/src/Illuminate/Routing/Router.php(776): Illuminate\\Routing\\Router->runRouteWithinStack()
#47 /home/u980949395/domains/sector71.app/public_html/vendor/laravel/framework/src/Illuminate/Routing/Router.php(740): Illuminate\\Routing\\Router->runRoute()
#48 /home/u980949395/domains/sector71.app/public_html/vendor/laravel/framework/src/Illuminate/Routing/Router.php(729): Illuminate\\Routing\\Router->dispatchToRoute()
#49 /home/u980949395/domains/sector71.app/public_html/vendor/laravel/framework/src/Illuminate/Foundation/Http/Kernel.php(190): Illuminate\\Routing\\Router->dispatch()
#50 /home/u980949395/domains/sector71.app/public_html/vendor/laravel/framework/src/Illuminate/Pipeline/Pipeline.php(141): Illuminate\\Foundation\\Http\\Kernel->Illuminate\\Foundation\\Http\\{closure}()
#51 /home/u980949395/domains/sector71.app/public_html/vendor/barryvdh/laravel-debugbar/src/Middleware/InjectDebugbar.php(59): Illuminate\\Pipeline\\Pipeline->Illuminate\\Pipeline\\{closure}()
#52 /home/u980949395/domains/sector71.app/public_html/vendor/laravel/framework/src/Illuminate/Pipeline/Pipeline.php(180): Barryvdh\\Debugbar\\Middleware\\InjectDebugbar->handle()
#53 /home/u980949395/domains/sector71.app/public_html/vendor/laravel/framework/src/Illuminate/Foundation/Http/Middleware/TransformsRequest.php(21): Illuminate\\Pipeline\\Pipeline->Illuminate\\Pipeline\\{closure}()
#54 /home/u980949395/domains/sector71.app/public_html/vendor/laravel/framework/src/Illuminate/Foundation/Http/Middleware/ConvertEmptyStringsToNull.php(31): Illuminate\\Foundation\\Http\\Middleware\\TransformsRequest->handle()
#55 /home/u980949395/domains/sector71.app/public_html/vendor/laravel/framework/src/Illuminate/Pipeline/Pipeline.php(180): Illuminate\\Foundation\\Http\\Middleware\\ConvertEmptyStringsToNull->handle()
#56 /home/u980949395/domains/sector71.app/public_html/vendor/laravel/framework/src/Illuminate/Foundation/Http/Middleware/TransformsRequest.php(21): Illuminate\\Pipeline\\Pipeline->Illuminate\\Pipeline\\{closure}()
#57 /home/u980949395/domains/sector71.app/public_html/vendor/laravel/framework/src/Illuminate/Foundation/Http/Middleware/TrimStrings.php(40): Illuminate\\Foundation\\Http\\Middleware\\TransformsRequest->handle()
#58 /home/u980949395/domains/sector71.app/public_html/vendor/laravel/framework/src/Illuminate/Pipeline/Pipeline.php(180): Illuminate\\Foundation\\Http\\Middleware\\TrimStrings->handle()
#59 /home/u980949395/domains/sector71.app/public_html/vendor/laravel/framework/src/Illuminate/Foundation/Http/Middleware/ValidatePostSize.php(27): Illuminate\\Pipeline\\Pipeline->Illuminate\\Pipeline\\{closure}()
#60 /home/u980949395/domains/sector71.app/public_html/vendor/laravel/framework/src/Illuminate/Pipeline/Pipeline.php(180): Illuminate\\Foundation\\Http\\Middleware\\ValidatePostSize->handle()
#61 /home/u980949395/domains/sector71.app/public_html/vendor/laravel/framework/src/Illuminate/Foundation/Http/Middleware/PreventRequestsDuringMaintenance.php(86): Illuminate\\Pipeline\\Pipeline->Illuminate\\Pipeline\\{closure}()
#62 /home/u980949395/domains/sector71.app/public_html/vendor/laravel/framework/src/Illuminate/Pipeline/Pipeline.php(180): Illuminate\\Foundation\\Http\\Middleware\\PreventRequestsDuringMaintenance->handle()
#63 /home/u980949395/domains/sector71.app/public_html/vendor/laravel/framework/src/Illuminate/Http/Middleware/HandleCors.php(49): Illuminate\\Pipeline\\Pipeline->Illuminate\\Pipeline\\{closure}()
#64 /home/u980949395/domains/sector71.app/public_html/vendor/laravel/framework/src/Illuminate/Pipeline/Pipeline.php(180): Illuminate\\Http\\Middleware\\HandleCors->handle()
#65 /home/u980949395/domains/sector71.app/public_html/app/Http/Middleware/SecurityHeaders.php(12): Illuminate\\Pipeline\\Pipeline->Illuminate\\Pipeline\\{closure}()
#66 /home/u980949395/domains/sector71.app/public_html/vendor/laravel/framework/src/Illuminate/Pipeline/Pipeline.php(180): App\\Http\\Middleware\\SecurityHeaders->handle()
#67 /home/u980949395/domains/sector71.app/public_html/vendor/laravel/framework/src/Illuminate/Http/Middleware/TrustProxies.php(39): Illuminate\\Pipeline\\Pipeline->Illuminate\\Pipeline\\{closure}()
#68 /home/u980949395/domains/sector71.app/public_html/vendor/laravel/framework/src/Illuminate/Pipeline/Pipeline.php(180): Illuminate\\Http\\Middleware\\TrustProxies->handle()
#69 /home/u980949395/domains/sector71.app/public_html/vendor/laravel/framework/src/Illuminate/Pipeline/Pipeline.php(116): Illuminate\\Pipeline\\Pipeline->Illuminate\\Pipeline\\{closure}()
#70 /home/u980949395/domains/sector71.app/public_html/vendor/laravel/framework/src/Illuminate/Foundation/Http/Kernel.php(165): Illuminate\\Pipeline\\Pipeline->then()
#71 /home/u980949395/domains/sector71.app/public_html/vendor/laravel/framework/src/Illuminate/Foundation/Http/Kernel.php(134): Illuminate\\Foundation\\Http\\Kernel->sendRequestThroughRouter()
#72 /home/u980949395/domains/sector71.app/public_html/public/index.php(51): Illuminate\\Foundation\\Http\\Kernel->handle()
#73 {main}
"} 
[2026-04-29 23:01:10] live.ERROR: Action Modules\Superadmin\Http\Controllers\MobileAppUsersController@index not defined. {"view":{"view":"/home/u980949395/domains/sector71.app/public_html/Modules/Superadmin/Resources/views/layouts/nav.blade.php","data":[]},"userId":1,"exception":"[object] (Spatie\\LaravelIgnition\\Exceptions\\ViewException(code: 0): Action Modules\\Superadmin\\Http\\Controllers\\MobileAppUsersController@index not defined. at /home/u980949395/domains/sector71.app/public_html/vendor/laravel/framework/src/Illuminate/Routing/UrlGenerator.php:510)
[stacktrace]
#0 /home/u980949395/domains/sector71.app/public_html/vendor/laravel/framework/src/Illuminate/Foundation/helpers.php(102): Illuminate\\Routing\\UrlGenerator->action()
#1 /home/u980949395/domains/sector71.app/public_html/Modules/Superadmin/Resources/views/layouts/nav.blade.php(29): action()
#2 /home/u980949395/domains/sector71.app/public_html/vendor/laravel/framework/src/Illuminate/Filesystem/Filesystem.php(109): require('/home/u98094939...')
#3 /home/u980949395/domains/sector71.app/public_html/vendor/laravel/framework/src/Illuminate/Filesystem/Filesystem.php(110): Illuminate\\Filesystem\\Filesystem::Illuminate\\Filesystem\\{closure}()
#4 /home/u980949395/domains/sector71.app/public_html/vendor/laravel/framework/src/Illuminate/View/Engines/PhpEngine.php(58): Illuminate\\Filesystem\\Filesystem->getRequire()
#5 /home/u980949395/domains/sector71.app/public_html/vendor/laravel/framework/src/Illuminate/View/Engines/CompilerEngine.php(70): Illuminate\\View\\Engines\\PhpEngine->evaluatePath()
#6 /home/u980949395/domains/sector71.app/public_html/vendor/laravel/framework/src/Illuminate/View/View.php(195): Illuminate\\View\\Engines\\CompilerEngine->get()
#7 /home/u980949395/domains/sector71.app/public_html/vendor/laravel/framework/src/Illuminate/View/View.php(178): Illuminate\\View\\View->getContents()
#8 /home/u980949395/domains/sector71.app/public_html/vendor/laravel/framework/src/Illuminate/View/View.php(147): Illuminate\\View\\View->renderContents()
#9 /home/u980949395/domains/sector71.app/public_html/Modules/Superadmin/Resources/views/superadmin_settings/edit.blade.php(5): Illuminate\\View\\View->render()
#10 /home/u980949395/domains/sector71.app/public_html/vendor/laravel/framework/src/Illuminate/Filesystem/Filesystem.php(109): require('/home/u98094939...')
#11 /home/u980949395/domains/sector71.app/public_html/vendor/laravel/framework/src/Illuminate/Filesystem/Filesystem.php(110): Illuminate\\Filesystem\\Filesystem::Illuminate\\Filesystem\\{closure}()
#12 /home/u980949395/domains/sector71.app/public_html/vendor/laravel/framework/src/Illuminate/View/Engines/PhpEngine.php(58): Illuminate\\Filesystem\\Filesystem->getRequire()
#13 /home/u980949395/domains/sector71.app/public_html/vendor/laravel/framework/src/Illuminate/View/Engines/CompilerEngine.php(70): Illuminate\\View\\Engines\\PhpEngine->evaluatePath()
#14 /home/u980949395/domains/sector71.app/public_html/vendor/laravel/framework/src/Illuminate/View/View.php(195): Illuminate\\View\\Engines\\CompilerEngine->get()
#15 /home/u980949395/domains/sector71.app/public_html/vendor/laravel/framework/src/Illuminate/View/View.php(178): Illuminate\\View\\View->getContents()
#16 /home/u980949395/domains/sector71.app/public_html/vendor/laravel/framework/src/Illuminate/View/View.php(147): Illuminate\\View\\View->renderContents()
#17 /home/u980949395/domains/sector71.app/public_html/vendor/laravel/framework/src/Illuminate/Http/Response.php(69): Illuminate\\View\\View->render()
#18 /home/u980949395/domains/sector71.app/public_html/vendor/laravel/framework/src/Illuminate/Http/Response.php(35): Illuminate\\Http\\Response->setContent()
#19 /home/u980949395/domains/sector71.app/public_html/vendor/laravel/framework/src/Illuminate/Routing/Router.php(906): Illuminate\\Http\\Response->__construct()
#20 /home/u980949395/domains/sector71.app/public_html/vendor/laravel/framework/src/Illuminate/Routing/Router.php(875): Illuminate\\Routing\\Router::toResponse()
#21 /home/u980949395/domains/sector71.app/public_html/vendor/laravel/framework/src/Illuminate/Routing/Router.php(797): Illuminate\\Routing\\Router->prepareResponse()
#22 /home/u980949395/domains/sector71.app/public_html/vendor/laravel/framework/src/Illuminate/Pipeline/Pipeline.php(141): Illuminate\\Routing\\Router->Illuminate\\Routing\\{closure}()
#23 /home/u980949395/domains/sector71.app/public_html/app/Http/Middleware/Superadmin.php(21): Illuminate\\Pipeline\\Pipeline->Illuminate\\Pipeline\\{closure}()
#24 /home/u980949395/domains/sector71.app/public_html/vendor/laravel/framework/src/Illuminate/Pipeline/Pipeline.php(180): App\\Http\\Middleware\\Superadmin->handle()
#25 /home/u980949395/domains/sector71.app/public_html/app/Http/Middleware/AdminSidebarMenu.php(892): Illuminate\\Pipeline\\Pipeline->Illuminate\\Pipeline\\{closure}()
#26 /home/u980949395/domains/sector71.app/public_html/vendor/laravel/framework/src/Illuminate/Pipeline/Pipeline.php(180): App\\Http\\Middleware\\AdminSidebarMenu->handle()
#27 /home/u980949395/domains/sector71.app/public_html/app/Http/Middleware/Language.php(25): Illuminate\\Pipeline\\Pipeline->Illuminate\\Pipeline\\{closure}()
#28 /home/u980949395/domains/sector71.app/public_html/vendor/laravel/framework/src/Illuminate/Pipeline/Pipeline.php(180): App\\Http\\Middleware\\Language->handle()
#29 /home/u980949395/domains/sector71.app/public_html/vendor/laravel/framework/src/Illuminate/Routing/Middleware/SubstituteBindings.php(50): Illuminate\\Pipeline\\Pipeline->Illuminate\\Pipeline\\{closure}()
#30 /home/u980949395/domains/sector71.app/public_html/vendor/laravel/framework/src/Illuminate/Pipeline/Pipeline.php(180): Illuminate\\Routing\\Middleware\\SubstituteBindings->handle()
#31 /home/u980949395/domains/sector71.app/public_html/vendor/laravel/framework/src/Illuminate/Auth/Middleware/Authenticate.php(44): Illuminate\\Pipeline\\Pipeline->Illuminate\\Pipeline\\{closure}()
#32 /home/u980949395/domains/sector71.app/public_html/vendor/laravel/framework/src/Illuminate/Pipeline/Pipeline.php(180): Illuminate\\Auth\\Middleware\\Authenticate->handle()
#33 /home/u980949395/domains/sector71.app/public_html/vendor/laravel/framework/src/Illuminate/Foundation/Http/Middleware/VerifyCsrfToken.php(78): Illuminate\\Pipeline\\Pipeline->Illuminate\\Pipeline\\{closure}()
#34 /home/u980949395/domains/sector71.app/public_html/vendor/laravel/framework/src/Illuminate/Pipeline/Pipeline.php(180): Illuminate\\Foundation\\Http\\Middleware\\VerifyCsrfToken->handle()
#35 /home/u980949395/domains/sector71.app/public_html/vendor/laravel/framework/src/Illuminate/View/Middleware/ShareErrorsFromSession.php(49): Illuminate\\Pipeline\\Pipeline->Illuminate\\Pipeline\\{closure}()
#36 /home/u980949395/domains/sector71.app/public_html/vendor/laravel/framework/src/Illuminate/Pipeline/Pipeline.php(180): Illuminate\\View\\Middleware\\ShareErrorsFromSession->handle()
#37 /home/u980949395/domains/sector71.app/public_html/vendor/laravel/framework/src/Illuminate/Session/Middleware/StartSession.php(121): Illuminate\\Pipeline\\Pipeline->Illuminate\\Pipeline\\{closure}()
#38 /home/u980949395/domains/sector71.app/public_html/vendor/laravel/framework/src/Illuminate/Session/Middleware/StartSession.php(64): Illuminate\\Session\\Middleware\\StartSession->handleStatefulRequest()
#39 /home/u980949395/domains/sector71.app/public_html/vendor/laravel/framework/src/Illuminate/Pipeline/Pipeline.php(180): Illuminate\\Session\\Middleware\\StartSession->handle()
#40 /home/u980949395/domains/sector71.app/public_html/vendor/laravel/framework/src/Illuminate/Cookie/Middleware/AddQueuedCookiesToResponse.php(37): Illuminate\\Pipeline\\Pipeline->Illuminate\\Pipeline\\{closure}()
#41 /home/u980949395/domains/sector71.app/public_html/vendor/laravel/framework/src/Illuminate/Pipeline/Pipeline.php(180): Illuminate\\Cookie\\Middleware\\AddQueuedCookiesToResponse->handle()
#42 /home/u980949395/domains/sector71.app/public_html/vendor/laravel/framework/src/Illuminate/Cookie/Middleware/EncryptCookies.php(67): Illuminate\\Pipeline\\Pipeline->Illuminate\\Pipeline\\{closure}()
#43 /home/u980949395/domains/sector71.app/public_html/vendor/laravel/framework/src/Illuminate/Pipeline/Pipeline.php(180): Illuminate\\Cookie\\Middleware\\EncryptCookies->handle()
#44 /home/u980949395/domains/sector71.app/public_html/vendor/laravel/framework/src/Illuminate/Pipeline/Pipeline.php(116): Illuminate\\Pipeline\\Pipeline->Illuminate\\Pipeline\\{closure}()
#45 /home/u980949395/domains/sector71.app/public_html/vendor/laravel/framework/src/Illuminate/Routing/Router.php(797): Illuminate\\Pipeline\\Pipeline->then()
#46 /home/u980949395/domains/sector71.app/public_html/vendor/laravel/framework/src/Illuminate/Routing/Router.php(776): Illuminate\\Routing\\Router->runRouteWithinStack()
#47 /home/u980949395/domains/sector71.app/public_html/vendor/laravel/framework/src/Illuminate/Routing/Router.php(740): Illuminate\\Routing\\Router->runRoute()
#48 /home/u980949395/domains/sector71.app/public_html/vendor/laravel/framework/src/Illuminate/Routing/Router.php(729): Illuminate\\Routing\\Router->dispatchToRoute()
#49 /home/u980949395/domains/sector71.app/public_html/vendor/laravel/framework/src/Illuminate/Foundation/Http/Kernel.php(190): Illuminate\\Routing\\Router->dispatch()
#50 /home/u980949395/domains/sector71.app/public_html/vendor/laravel/framework/src/Illuminate/Pipeline/Pipeline.php(141): Illuminate\\Foundation\\Http\\Kernel->Illuminate\\Foundation\\Http\\{closure}()
#51 /home/u980949395/domains/sector71.app/public_html/vendor/barryvdh/laravel-debugbar/src/Middleware/InjectDebugbar.php(59): Illuminate\\Pipeline\\Pipeline->Illuminate\\Pipeline\\{closure}()
#52 /home/u980949395/domains/sector71.app/public_html/vendor/laravel/framework/src/Illuminate/Pipeline/Pipeline.php(180): Barryvdh\\Debugbar\\Middleware\\InjectDebugbar->handle()
#53 /home/u980949395/domains/sector71.app/public_html/vendor/laravel/framework/src/Illuminate/Foundation/Http/Middleware/TransformsRequest.php(21): Illuminate\\Pipeline\\Pipeline->Illuminate\\Pipeline\\{closure}()
#54 /home/u980949395/domains/sector71.app/public_html/vendor/laravel/framework/src/Illuminate/Foundation/Http/Middleware/ConvertEmptyStringsToNull.php(31): Illuminate\\Foundation\\Http\\Middleware\\TransformsRequest->handle()
#55 /home/u980949395/domains/sector71.app/public_html/vendor/laravel/framework/src/Illuminate/Pipeline/Pipeline.php(180): Illuminate\\Foundation\\Http\\Middleware\\ConvertEmptyStringsToNull->handle()
#56 /home/u980949395/domains/sector71.app/public_html/vendor/laravel/framework/src/Illuminate/Foundation/Http/Middleware/TransformsRequest.php(21): Illuminate\\Pipeline\\Pipeline->Illuminate\\Pipeline\\{closure}()
#57 /home/u980949395/domains/sector71.app/public_html/vendor/laravel/framework/src/Illuminate/Foundation/Http/Middleware/TrimStrings.php(40): Illuminate\\Foundation\\Http\\Middleware\\TransformsRequest->handle()
#58 /home/u980949395/domains/sector71.app/public_html/vendor/laravel/framework/src/Illuminate/Pipeline/Pipeline.php(180): Illuminate\\Foundation\\Http\\Middleware\\TrimStrings->handle()
#59 /home/u980949395/domains/sector71.app/public_html/vendor/laravel/framework/src/Illuminate/Foundation/Http/Middleware/ValidatePostSize.php(27): Illuminate\\Pipeline\\Pipeline->Illuminate\\Pipeline\\{closure}()
#60 /home/u980949395/domains/sector71.app/public_html/vendor/laravel/framework/src/Illuminate/Pipeline/Pipeline.php(180): Illuminate\\Foundation\\Http\\Middleware\\ValidatePostSize->handle()
#61 /home/u980949395/domains/sector71.app/public_html/vendor/laravel/framework/src/Illuminate/Foundation/Http/Middleware/PreventRequestsDuringMaintenance.php(86): Illuminate\\Pipeline\\Pipeline->Illuminate\\Pipeline\\{closure}()
#62 /home/u980949395/domains/sector71.app/public_html/vendor/laravel/framework/src/Illuminate/Pipeline/Pipeline.php(180): Illuminate\\Foundation\\Http\\Middleware\\PreventRequestsDuringMaintenance->handle()
#63 /home/u980949395/domains/sector71.app/public_html/vendor/laravel/framework/src/Illuminate/Http/Middleware/HandleCors.php(49): Illuminate\\Pipeline\\Pipeline->Illuminate\\Pipeline\\{closure}()
#64 /home/u980949395/domains/sector71.app/public_html/vendor/laravel/framework/src/Illuminate/Pipeline/Pipeline.php(180): Illuminate\\Http\\Middleware\\HandleCors->handle()
#65 /home/u980949395/domains/sector71.app/public_html/app/Http/Middleware/SecurityHeaders.php(12): Illuminate\\Pipeline\\Pipeline->Illuminate\\Pipeline\\{closure}()
#66 /home/u980949395/domains/sector71.app/public_html/vendor/laravel/framework/src/Illuminate/Pipeline/Pipeline.php(180): App\\Http\\Middleware\\SecurityHeaders->handle()
#67 /home/u980949395/domains/sector71.app/public_html/vendor/laravel/framework/src/Illuminate/Http/Middleware/TrustProxies.php(39): Illuminate\\Pipeline\\Pipeline->Illuminate\\Pipeline\\{closure}()
#68 /home/u980949395/domains/sector71.app/public_html/vendor/laravel/framework/src/Illuminate/Pipeline/Pipeline.php(180): Illuminate\\Http\\Middleware\\TrustProxies->handle()
#69 /home/u980949395/domains/sector71.app/public_html/vendor/laravel/framework/src/Illuminate/Pipeline/Pipeline.php(116): Illuminate\\Pipeline\\Pipeline->Illuminate\\Pipeline\\{closure}()
#70 /home/u980949395/domains/sector71.app/public_html/vendor/laravel/framework/src/Illuminate/Foundation/Http/Kernel.php(165): Illuminate\\Pipeline\\Pipeline->then()
#71 /home/u980949395/domains/sector71.app/public_html/vendor/laravel/framework/src/Illuminate/Foundation/Http/Kernel.php(134): Illuminate\\Foundation\\Http\\Kernel->sendRequestThroughRouter()
#72 /home/u980949395/domains/sector71.app/public_html/public/index.php(51): Illuminate\\Foundation\\Http\\Kernel->handle()
#73 {main}

[previous exception] [object] (InvalidArgumentException(code: 0): Action Modules\\Superadmin\\Http\\Controllers\\MobileAppUsersController@index not defined. at /home/u980949395/domains/sector71.app/public_html/vendor/laravel/framework/src/Illuminate/Routing/UrlGenerator.php:510)
[stacktrace]
#0 /home/u980949395/domains/sector71.app/public_html/vendor/laravel/framework/src/Illuminate/Foundation/helpers.php(102): Illuminate\\Routing\\UrlGenerator->action()
#1 /home/u980949395/domains/sector71.app/public_html/storage/framework/views/ed7c9f7a0a1c6e7446fdf99d89e814c7e68d8a21.php(29): action()
#2 /home/u980949395/domains/sector71.app/public_html/vendor/laravel/framework/src/Illuminate/Filesystem/Filesystem.php(109): require('/home/u98094939...')
#3 /home/u980949395/domains/sector71.app/public_html/vendor/laravel/framework/src/Illuminate/Filesystem/Filesystem.php(110): Illuminate\\Filesystem\\Filesystem::Illuminate\\Filesystem\\{closure}()
#4 /home/u980949395/domains/sector71.app/public_html/vendor/laravel/framework/src/Illuminate/View/Engines/PhpEngine.php(58): Illuminate\\Filesystem\\Filesystem->getRequire()
#5 /home/u980949395/domains/sector71.app/public_html/vendor/laravel/framework/src/Illuminate/View/Engines/CompilerEngine.php(70): Illuminate\\View\\Engines\\PhpEngine->evaluatePath()
#6 /home/u980949395/domains/sector71.app/public_html/vendor/laravel/framework/src/Illuminate/View/View.php(195): Illuminate\\View\\Engines\\CompilerEngine->get()
#7 /home/u980949395/domains/sector71.app/public_html/vendor/laravel/framework/src/Illuminate/View/View.php(178): Illuminate\\View\\View->getContents()
#8 /home/u980949395/domains/sector71.app/public_html/vendor/laravel/framework/src/Illuminate/View/View.php(147): Illuminate\\View\\View->renderContents()
#9 /home/u980949395/domains/sector71.app/public_html/storage/framework/views/ff6ec41ba30253d7d788fdc2125fa4da14692d74.php(5): Illuminate\\View\\View->render()
#10 /home/u980949395/domains/sector71.app/public_html/vendor/laravel/framework/src/Illuminate/Filesystem/Filesystem.php(109): require('/home/u98094939...')
#11 /home/u980949395/domains/sector71.app/public_html/vendor/laravel/framework/src/Illuminate/Filesystem/Filesystem.php(110): Illuminate\\Filesystem\\Filesystem::Illuminate\\Filesystem\\{closure}()
#12 /home/u980949395/domains/sector71.app/public_html/vendor/laravel/framework/src/Illuminate/View/Engines/PhpEngine.php(58): Illuminate\\Filesystem\\Filesystem->getRequire()
#13 /home/u980949395/domains/sector71.app/public_html/vendor/laravel/framework/src/Illuminate/View/Engines/CompilerEngine.php(70): Illuminate\\View\\Engines\\PhpEngine->evaluatePath()
#14 /home/u980949395/domains/sector71.app/public_html/vendor/laravel/framework/src/Illuminate/View/View.php(195): Illuminate\\View\\Engines\\CompilerEngine->get()
#15 /home/u980949395/domains/sector71.app/public_html/vendor/laravel/framework/src/Illuminate/View/View.php(178): Illuminate\\View\\View->getContents()
#16 /home/u980949395/domains/sector71.app/public_html/vendor/laravel/framework/src/Illuminate/View/View.php(147): Illuminate\\View\\View->renderContents()
#17 /home/u980949395/domains/sector71.app/public_html/vendor/laravel/framework/src/Illuminate/Http/Response.php(69): Illuminate\\View\\View->render()
#18 /home/u980949395/domains/sector71.app/public_html/vendor/laravel/framework/src/Illuminate/Http/Response.php(35): Illuminate\\Http\\Response->setContent()
#19 /home/u980949395/domains/sector71.app/public_html/vendor/laravel/framework/src/Illuminate/Routing/Router.php(906): Illuminate\\Http\\Response->__construct()
#20 /home/u980949395/domains/sector71.app/public_html/vendor/laravel/framework/src/Illuminate/Routing/Router.php(875): Illuminate\\Routing\\Router::toResponse()
#21 /home/u980949395/domains/sector71.app/public_html/vendor/laravel/framework/src/Illuminate/Routing/Router.php(797): Illuminate\\Routing\\Router->prepareResponse()
#22 /home/u980949395/domains/sector71.app/public_html/vendor/laravel/framework/src/Illuminate/Pipeline/Pipeline.php(141): Illuminate\\Routing\\Router->Illuminate\\Routing\\{closure}()
#23 /home/u980949395/domains/sector71.app/public_html/app/Http/Middleware/Superadmin.php(21): Illuminate\\Pipeline\\Pipeline->Illuminate\\Pipeline\\{closure}()
#24 /home/u980949395/domains/sector71.app/public_html/vendor/laravel/framework/src/Illuminate/Pipeline/Pipeline.php(180): App\\Http\\Middleware\\Superadmin->handle()
#25 /home/u980949395/domains/sector71.app/public_html/app/Http/Middleware/AdminSidebarMenu.php(892): Illuminate\\Pipeline\\Pipeline->Illuminate\\Pipeline\\{closure}()
#26 /home/u980949395/domains/sector71.app/public_html/vendor/laravel/framework/src/Illuminate/Pipeline/Pipeline.php(180): App\\Http\\Middleware\\AdminSidebarMenu->handle()
#27 /home/u980949395/domains/sector71.app/public_html/app/Http/Middleware/Language.php(25): Illuminate\\Pipeline\\Pipeline->Illuminate\\Pipeline\\{closure}()
#28 /home/u980949395/domains/sector71.app/public_html/vendor/laravel/framework/src/Illuminate/Pipeline/Pipeline.php(180): App\\Http\\Middleware\\Language->handle()
#29 /home/u980949395/domains/sector71.app/public_html/vendor/laravel/framework/src/Illuminate/Routing/Middleware/SubstituteBindings.php(50): Illuminate\\Pipeline\\Pipeline->Illuminate\\Pipeline\\{closure}()
#30 /home/u980949395/domains/sector71.app/public_html/vendor/laravel/framework/src/Illuminate/Pipeline/Pipeline.php(180): Illuminate\\Routing\\Middleware\\SubstituteBindings->handle()
#31 /home/u980949395/domains/sector71.app/public_html/vendor/laravel/framework/src/Illuminate/Auth/Middleware/Authenticate.php(44): Illuminate\\Pipeline\\Pipeline->Illuminate\\Pipeline\\{closure}()
#32 /home/u980949395/domains/sector71.app/public_html/vendor/laravel/framework/src/Illuminate/Pipeline/Pipeline.php(180): Illuminate\\Auth\\Middleware\\Authenticate->handle()
#33 /home/u980949395/domains/sector71.app/public_html/vendor/laravel/framework/src/Illuminate/Foundation/Http/Middleware/VerifyCsrfToken.php(78): Illuminate\\Pipeline\\Pipeline->Illuminate\\Pipeline\\{closure}()
#34 /home/u980949395/domains/sector71.app/public_html/vendor/laravel/framework/src/Illuminate/Pipeline/Pipeline.php(180): Illuminate\\Foundation\\Http\\Middleware\\VerifyCsrfToken->handle()
#35 /home/u980949395/domains/sector71.app/public_html/vendor/laravel/framework/src/Illuminate/View/Middleware/ShareErrorsFromSession.php(49): Illuminate\\Pipeline\\Pipeline->Illuminate\\Pipeline\\{closure}()
#36 /home/u980949395/domains/sector71.app/public_html/vendor/laravel/framework/src/Illuminate/Pipeline/Pipeline.php(180): Illuminate\\View\\Middleware\\ShareErrorsFromSession->handle()
#37 /home/u980949395/domains/sector71.app/public_html/vendor/laravel/framework/src/Illuminate/Session/Middleware/StartSession.php(121): Illuminate\\Pipeline\\Pipeline->Illuminate\\Pipeline\\{closure}()
#38 /home/u980949395/domains/sector71.app/public_html/vendor/laravel/framework/src/Illuminate/Session/Middleware/StartSession.php(64): Illuminate\\Session\\Middleware\\StartSession->handleStatefulRequest()
#39 /home/u980949395/domains/sector71.app/public_html/vendor/laravel/framework/src/Illuminate/Pipeline/Pipeline.php(180): Illuminate\\Session\\Middleware\\StartSession->handle()
#40 /home/u980949395/domains/sector71.app/public_html/vendor/laravel/framework/src/Illuminate/Cookie/Middleware/AddQueuedCookiesToResponse.php(37): Illuminate\\Pipeline\\Pipeline->Illuminate\\Pipeline\\{closure}()
#41 /home/u980949395/domains/sector71.app/public_html/vendor/laravel/framework/src/Illuminate/Pipeline/Pipeline.php(180): Illuminate\\Cookie\\Middleware\\AddQueuedCookiesToResponse->handle()
#42 /home/u980949395/domains/sector71.app/public_html/vendor/laravel/framework/src/Illuminate/Cookie/Middleware/EncryptCookies.php(67): Illuminate\\Pipeline\\Pipeline->Illuminate\\Pipeline\\{closure}()
#43 /home/u980949395/domains/sector71.app/public_html/vendor/laravel/framework/src/Illuminate/Pipeline/Pipeline.php(180): Illuminate\\Cookie\\Middleware\\EncryptCookies->handle()
#44 /home/u980949395/domains/sector71.app/public_html/vendor/laravel/framework/src/Illuminate/Pipeline/Pipeline.php(116): Illuminate\\Pipeline\\Pipeline->Illuminate\\Pipeline\\{closure}()
#45 /home/u980949395/domains/sector71.app/public_html/vendor/laravel/framework/src/Illuminate/Routing/Router.php(797): Illuminate\\Pipeline\\Pipeline->then()
#46 /home/u980949395/domains/sector71.app/public_html/vendor/laravel/framework/src/Illuminate/Routing/Router.php(776): Illuminate\\Routing\\Router->runRouteWithinStack()
#47 /home/u980949395/domains/sector71.app/public_html/vendor/laravel/framework/src/Illuminate/Routing/Router.php(740): Illuminate\\Routing\\Router->runRoute()
#48 /home/u980949395/domains/sector71.app/public_html/vendor/laravel/framework/src/Illuminate/Routing/Router.php(729): Illuminate\\Routing\\Router->dispatchToRoute()
#49 /home/u980949395/domains/sector71.app/public_html/vendor/laravel/framework/src/Illuminate/Foundation/Http/Kernel.php(190): Illuminate\\Routing\\Router->dispatch()
#50 /home/u980949395/domains/sector71.app/public_html/vendor/laravel/framework/src/Illuminate/Pipeline/Pipeline.php(141): Illuminate\\Foundation\\Http\\Kernel->Illuminate\\Foundation\\Http\\{closure}()
#51 /home/u980949395/domains/sector71.app/public_html/vendor/barryvdh/laravel-debugbar/src/Middleware/InjectDebugbar.php(59): Illuminate\\Pipeline\\Pipeline->Illuminate\\Pipeline\\{closure}()
#52 /home/u980949395/domains/sector71.app/public_html/vendor/laravel/framework/src/Illuminate/Pipeline/Pipeline.php(180): Barryvdh\\Debugbar\\Middleware\\InjectDebugbar->handle()
#53 /home/u980949395/domains/sector71.app/public_html/vendor/laravel/framework/src/Illuminate/Foundation/Http/Middleware/TransformsRequest.php(21): Illuminate\\Pipeline\\Pipeline->Illuminate\\Pipeline\\{closure}()
#54 /home/u980949395/domains/sector71.app/public_html/vendor/laravel/framework/src/Illuminate/Foundation/Http/Middleware/ConvertEmptyStringsToNull.php(31): Illuminate\\Foundation\\Http\\Middleware\\TransformsRequest->handle()
#55 /home/u980949395/domains/sector71.app/public_html/vendor/laravel/framework/src/Illuminate/Pipeline/Pipeline.php(180): Illuminate\\Foundation\\Http\\Middleware\\ConvertEmptyStringsToNull->handle()
#56 /home/u980949395/domains/sector71.app/public_html/vendor/laravel/framework/src/Illuminate/Foundation/Http/Middleware/TransformsRequest.php(21): Illuminate\\Pipeline\\Pipeline->Illuminate\\Pipeline\\{closure}()
#57 /home/u980949395/domains/sector71.app/public_html/vendor/laravel/framework/src/Illuminate/Foundation/Http/Middleware/TrimStrings.php(40): Illuminate\\Foundation\\Http\\Middleware\\TransformsRequest->handle()
#58 /home/u980949395/domains/sector71.app/public_html/vendor/laravel/framework/src/Illuminate/Pipeline/Pipeline.php(180): Illuminate\\Foundation\\Http\\Middleware\\TrimStrings->handle()
#59 /home/u980949395/domains/sector71.app/public_html/vendor/laravel/framework/src/Illuminate/Foundation/Http/Middleware/ValidatePostSize.php(27): Illuminate\\Pipeline\\Pipeline->Illuminate\\Pipeline\\{closure}()
#60 /home/u980949395/domains/sector71.app/public_html/vendor/laravel/framework/src/Illuminate/Pipeline/Pipeline.php(180): Illuminate\\Foundation\\Http\\Middleware\\ValidatePostSize->handle()
#61 /home/u980949395/domains/sector71.app/public_html/vendor/laravel/framework/src/Illuminate/Foundation/Http/Middleware/PreventRequestsDuringMaintenance.php(86): Illuminate\\Pipeline\\Pipeline->Illuminate\\Pipeline\\{closure}()
#62 /home/u980949395/domains/sector71.app/public_html/vendor/laravel/framework/src/Illuminate/Pipeline/Pipeline.php(180): Illuminate\\Foundation\\Http\\Middleware\\PreventRequestsDuringMaintenance->handle()
#63 /home/u980949395/domains/sector71.app/public_html/vendor/laravel/framework/src/Illuminate/Http/Middleware/HandleCors.php(49): Illuminate\\Pipeline\\Pipeline->Illuminate\\Pipeline\\{closure}()
#64 /home/u980949395/domains/sector71.app/public_html/vendor/laravel/framework/src/Illuminate/Pipeline/Pipeline.php(180): Illuminate\\Http\\Middleware\\HandleCors->handle()
#65 /home/u980949395/domains/sector71.app/public_html/app/Http/Middleware/SecurityHeaders.php(12): Illuminate\\Pipeline\\Pipeline->Illuminate\\Pipeline\\{closure}()
#66 /home/u980949395/domains/sector71.app/public_html/vendor/laravel/framework/src/Illuminate/Pipeline/Pipeline.php(180): App\\Http\\Middleware\\SecurityHeaders->handle()
#67 /home/u980949395/domains/sector71.app/public_html/vendor/laravel/framework/src/Illuminate/Http/Middleware/TrustProxies.php(39): Illuminate\\Pipeline\\Pipeline->Illuminate\\Pipeline\\{closure}()
#68 /home/u980949395/domains/sector71.app/public_html/vendor/laravel/framework/src/Illuminate/Pipeline/Pipeline.php(180): Illuminate\\Http\\Middleware\\TrustProxies->handle()
#69 /home/u980949395/domains/sector71.app/public_html/vendor/laravel/framework/src/Illuminate/Pipeline/Pipeline.php(116): Illuminate\\Pipeline\\Pipeline->Illuminate\\Pipeline\\{closure}()
#70 /home/u980949395/domains/sector71.app/public_html/vendor/laravel/framework/src/Illuminate/Foundation/Http/Kernel.php(165): Illuminate\\Pipeline\\Pipeline->then()
#71 /home/u980949395/domains/sector71.app/public_html/vendor/laravel/framework/src/Illuminate/Foundation/Http/Kernel.php(134): Illuminate\\Foundation\\Http\\Kernel->sendRequestThroughRouter()
#72 /home/u980949395/domains/sector71.app/public_html/public/index.php(51): Illuminate\\Foundation\\Http\\Kernel->handle()
#73 {main}
"} 
[2026-04-29 23:01:11] live.ERROR: Action Modules\Superadmin\Http\Controllers\MobileAppUsersController@index not defined. {"view":{"view":"/home/u980949395/domains/sector71.app/public_html/Modules/Superadmin/Resources/views/layouts/nav.blade.php","data":[]},"userId":1,"exception":"[object] (Spatie\\LaravelIgnition\\Exceptions\\ViewException(code: 0): Action Modules\\Superadmin\\Http\\Controllers\\MobileAppUsersController@index not defined. at /home/u980949395/domains/sector71.app/public_html/vendor/laravel/framework/src/Illuminate/Routing/UrlGenerator.php:510)
[stacktrace]
#0 /home/u980949395/domains/sector71.app/public_html/vendor/laravel/framework/src/Illuminate/Foundation/helpers.php(102): Illuminate\\Routing\\UrlGenerator->action()
#1 /home/u980949395/domains/sector71.app/public_html/Modules/Superadmin/Resources/views/layouts/nav.blade.php(29): action()
#2 /home/u980949395/domains/sector71.app/public_html/vendor/laravel/framework/src/Illuminate/Filesystem/Filesystem.php(109): require('/home/u98094939...')
#3 /home/u980949395/domains/sector71.app/public_html/vendor/laravel/framework/src/Illuminate/Filesystem/Filesystem.php(110): Illuminate\\Filesystem\\Filesystem::Illuminate\\Filesystem\\{closure}()
#4 /home/u980949395/domains/sector71.app/public_html/vendor/laravel/framework/src/Illuminate/View/Engines/PhpEngine.php(58): Illuminate\\Filesystem\\Filesystem->getRequire()
#5 /home/u980949395/domains/sector71.app/public_html/vendor/laravel/framework/src/Illuminate/View/Engines/CompilerEngine.php(70): Illuminate\\View\\Engines\\PhpEngine->evaluatePath()
#6 /home/u980949395/domains/sector71.app/public_html/vendor/laravel/framework/src/Illuminate/View/View.php(195): Illuminate\\View\\Engines\\CompilerEngine->get()
#7 /home/u980949395/domains/sector71.app/public_html/vendor/laravel/framework/src/Illuminate/View/View.php(178): Illuminate\\View\\View->getContents()
#8 /home/u980949395/domains/sector71.app/public_html/vendor/laravel/framework/src/Illuminate/View/View.php(147): Illuminate\\View\\View->renderContents()
#9 /home/u980949395/domains/sector71.app/public_html/Modules/Superadmin/Resources/views/superadmin_settings/edit.blade.php(5): Illuminate\\View\\View->render()
#10 /home/u980949395/domains/sector71.app/public_html/vendor/laravel/framework/src/Illuminate/Filesystem/Filesystem.php(109): require('/home/u98094939...')
#11 /home/u980949395/domains/sector71.app/public_html/vendor/laravel/framework/src/Illuminate/Filesystem/Filesystem.php(110): Illuminate\\Filesystem\\Filesystem::Illuminate\\Filesystem\\{closure}()
#12 /home/u980949395/domains/sector71.app/public_html/vendor/laravel/framework/src/Illuminate/View/Engines/PhpEngine.php(58): Illuminate\\Filesystem\\Filesystem->getRequire()
#13 /home/u980949395/domains/sector71.app/public_html/vendor/laravel/framework/src/Illuminate/View/Engines/CompilerEngine.php(70): Illuminate\\View\\Engines\\PhpEngine->evaluatePath()
#14 /home/u980949395/domains/sector71.app/public_html/vendor/laravel/framework/src/Illuminate/View/View.php(195): Illuminate\\View\\Engines\\CompilerEngine->get()
#15 /home/u980949395/domains/sector71.app/public_html/vendor/laravel/framework/src/Illuminate/View/View.php(178): Illuminate\\View\\View->getContents()
#16 /home/u980949395/domains/sector71.app/public_html/vendor/laravel/framework/src/Illuminate/View/View.php(147): Illuminate\\View\\View->renderContents()
#17 /home/u980949395/domains/sector71.app/public_html/vendor/laravel/framework/src/Illuminate/Http/Response.php(69): Illuminate\\View\\View->render()
#18 /home/u980949395/domains/sector71.app/public_html/vendor/laravel/framework/src/Illuminate/Http/Response.php(35): Illuminate\\Http\\Response->setContent()
#19 /home/u980949395/domains/sector71.app/public_html/vendor/laravel/framework/src/Illuminate/Routing/Router.php(906): Illuminate\\Http\\Response->__construct()
#20 /home/u980949395/domains/sector71.app/public_html/vendor/laravel/framework/src/Illuminate/Routing/Router.php(875): Illuminate\\Routing\\Router::toResponse()
#21 /home/u980949395/domains/sector71.app/public_html/vendor/laravel/framework/src/Illuminate/Routing/Router.php(797): Illuminate\\Routing\\Router->prepareResponse()
#22 /home/u980949395/domains/sector71.app/public_html/vendor/laravel/framework/src/Illuminate/Pipeline/Pipeline.php(141): Illuminate\\Routing\\Router->Illuminate\\Routing\\{closure}()
#23 /home/u980949395/domains/sector71.app/public_html/app/Http/Middleware/Superadmin.php(21): Illuminate\\Pipeline\\Pipeline->Illuminate\\Pipeline\\{closure}()
#24 /home/u980949395/domains/sector71.app/public_html/vendor/laravel/framework/src/Illuminate/Pipeline/Pipeline.php(180): App\\Http\\Middleware\\Superadmin->handle()
#25 /home/u980949395/domains/sector71.app/public_html/app/Http/Middleware/AdminSidebarMenu.php(892): Illuminate\\Pipeline\\Pipeline->Illuminate\\Pipeline\\{closure}()
#26 /home/u980949395/domains/sector71.app/public_html/vendor/laravel/framework/src/Illuminate/Pipeline/Pipeline.php(180): App\\Http\\Middleware\\AdminSidebarMenu->handle()
#27 /home/u980949395/domains/sector71.app/public_html/app/Http/Middleware/Language.php(25): Illuminate\\Pipeline\\Pipeline->Illuminate\\Pipeline\\{closure}()
#28 /home/u980949395/domains/sector71.app/public_html/vendor/laravel/framework/src/Illuminate/Pipeline/Pipeline.php(180): App\\Http\\Middleware\\Language->handle()
#29 /home/u980949395/domains/sector71.app/public_html/vendor/laravel/framework/src/Illuminate/Routing/Middleware/SubstituteBindings.php(50): Illuminate\\Pipeline\\Pipeline->Illuminate\\Pipeline\\{closure}()
#30 /home/u980949395/domains/sector71.app/public_html/vendor/laravel/framework/src/Illuminate/Pipeline/Pipeline.php(180): Illuminate\\Routing\\Middleware\\SubstituteBindings->handle()
#31 /home/u980949395/domains/sector71.app/public_html/vendor/laravel/framework/src/Illuminate/Auth/Middleware/Authenticate.php(44): Illuminate\\Pipeline\\Pipeline->Illuminate\\Pipeline\\{closure}()
#32 /home/u980949395/domains/sector71.app/public_html/vendor/laravel/framework/src/Illuminate/Pipeline/Pipeline.php(180): Illuminate\\Auth\\Middleware\\Authenticate->handle()
#33 /home/u980949395/domains/sector71.app/public_html/vendor/laravel/framework/src/Illuminate/Foundation/Http/Middleware/VerifyCsrfToken.php(78): Illuminate\\Pipeline\\Pipeline->Illuminate\\Pipeline\\{closure}()
#34 /home/u980949395/domains/sector71.app/public_html/vendor/laravel/framework/src/Illuminate/Pipeline/Pipeline.php(180): Illuminate\\Foundation\\Http\\Middleware\\VerifyCsrfToken->handle()
#35 /home/u980949395/domains/sector71.app/public_html/vendor/laravel/framework/src/Illuminate/View/Middleware/ShareErrorsFromSession.php(49): Illuminate\\Pipeline\\Pipeline->Illuminate\\Pipeline\\{closure}()
#36 /home/u980949395/domains/sector71.app/public_html/vendor/laravel/framework/src/Illuminate/Pipeline/Pipeline.php(180): Illuminate\\View\\Middleware\\ShareErrorsFromSession->handle()
#37 /home/u980949395/domains/sector71.app/public_html/vendor/laravel/framework/src/Illuminate/Session/Middleware/StartSession.php(121): Illuminate\\Pipeline\\Pipeline->Illuminate\\Pipeline\\{closure}()
#38 /home/u980949395/domains/sector71.app/public_html/vendor/laravel/framework/src/Illuminate/Session/Middleware/StartSession.php(64): Illuminate\\Session\\Middleware\\StartSession->handleStatefulRequest()
#39 /home/u980949395/domains/sector71.app/public_html/vendor/laravel/framework/src/Illuminate/Pipeline/Pipeline.php(180): Illuminate\\Session\\Middleware\\StartSession->handle()
#40 /home/u980949395/domains/sector71.app/public_html/vendor/laravel/framework/src/Illuminate/Cookie/Middleware/AddQueuedCookiesToResponse.php(37): Illuminate\\Pipeline\\Pipeline->Illuminate\\Pipeline\\{closure}()
#41 /home/u980949395/domains/sector71.app/public_html/vendor/laravel/framework/src/Illuminate/Pipeline/Pipeline.php(180): Illuminate\\Cookie\\Middleware\\AddQueuedCookiesToResponse->handle()
#42 /home/u980949395/domains/sector71.app/public_html/vendor/laravel/framework/src/Illuminate/Cookie/Middleware/EncryptCookies.php(67): Illuminate\\Pipeline\\Pipeline->Illuminate\\Pipeline\\{closure}()
#43 /home/u980949395/domains/sector71.app/public_html/vendor/laravel/framework/src/Illuminate/Pipeline/Pipeline.php(180): Illuminate\\Cookie\\Middleware\\EncryptCookies->handle()
#44 /home/u980949395/domains/sector71.app/public_html/vendor/laravel/framework/src/Illuminate/Pipeline/Pipeline.php(116): Illuminate\\Pipeline\\Pipeline->Illuminate\\Pipeline\\{closure}()
#45 /home/u980949395/domains/sector71.app/public_html/vendor/laravel/framework/src/Illuminate/Routing/Router.php(797): Illuminate\\Pipeline\\Pipeline->then()
#46 /home/u980949395/domains/sector71.app/public_html/vendor/laravel/framework/src/Illuminate/Routing/Router.php(776): Illuminate\\Routing\\Router->runRouteWithinStack()
#47 /home/u980949395/domains/sector71.app/public_html/vendor/laravel/framework/src/Illuminate/Routing/Router.php(740): Illuminate\\Routing\\Router->runRoute()
#48 /home/u980949395/domains/sector71.app/public_html/vendor/laravel/framework/src/Illuminate/Routing/Router.php(729): Illuminate\\Routing\\Router->dispatchToRoute()
#49 /home/u980949395/domains/sector71.app/public_html/vendor/laravel/framework/src/Illuminate/Foundation/Http/Kernel.php(190): Illuminate\\Routing\\Router->dispatch()
#50 /home/u980949395/domains/sector71.app/public_html/vendor/laravel/framework/src/Illuminate/Pipeline/Pipeline.php(141): Illuminate\\Foundation\\Http\\Kernel->Illuminate\\Foundation\\Http\\{closure}()
#51 /home/u980949395/domains/sector71.app/public_html/vendor/barryvdh/laravel-debugbar/src/Middleware/InjectDebugbar.php(59): Illuminate\\Pipeline\\Pipeline->Illuminate\\Pipeline\\{closure}()
#52 /home/u980949395/domains/sector71.app/public_html/vendor/laravel/framework/src/Illuminate/Pipeline/Pipeline.php(180): Barryvdh\\Debugbar\\Middleware\\InjectDebugbar->handle()
#53 /home/u980949395/domains/sector71.app/public_html/vendor/laravel/framework/src/Illuminate/Foundation/Http/Middleware/TransformsRequest.php(21): Illuminate\\Pipeline\\Pipeline->Illuminate\\Pipeline\\{closure}()
#54 /home/u980949395/domains/sector71.app/public_html/vendor/laravel/framework/src/Illuminate/Foundation/Http/Middleware/ConvertEmptyStringsToNull.php(31): Illuminate\\Foundation\\Http\\Middleware\\TransformsRequest->handle()
#55 /home/u980949395/domains/sector71.app/public_html/vendor/laravel/framework/src/Illuminate/Pipeline/Pipeline.php(180): Illuminate\\Foundation\\Http\\Middleware\\ConvertEmptyStringsToNull->handle()
#56 /home/u980949395/domains/sector71.app/public_html/vendor/laravel/framework/src/Illuminate/Foundation/Http/Middleware/TransformsRequest.php(21): Illuminate\\Pipeline\\Pipeline->Illuminate\\Pipeline\\{closure}()
#57 /home/u980949395/domains/sector71.app/public_html/vendor/laravel/framework/src/Illuminate/Foundation/Http/Middleware/TrimStrings.php(40): Illuminate\\Foundation\\Http\\Middleware\\TransformsRequest->handle()
#58 /home/u980949395/domains/sector71.app/public_html/vendor/laravel/framework/src/Illuminate/Pipeline/Pipeline.php(180): Illuminate\\Foundation\\Http\\Middleware\\TrimStrings->handle()
#59 /home/u980949395/domains/sector71.app/public_html/vendor/laravel/framework/src/Illuminate/Foundation/Http/Middleware/ValidatePostSize.php(27): Illuminate\\Pipeline\\Pipeline->Illuminate\\Pipeline\\{closure}()
#60 /home/u980949395/domains/sector71.app/public_html/vendor/laravel/framework/src/Illuminate/Pipeline/Pipeline.php(180): Illuminate\\Foundation\\Http\\Middleware\\ValidatePostSize->handle()
#61 /home/u980949395/domains/sector71.app/public_html/vendor/laravel/framework/src/Illuminate/Foundation/Http/Middleware/PreventRequestsDuringMaintenance.php(86): Illuminate\\Pipeline\\Pipeline->Illuminate\\Pipeline\\{closure}()
#62 /home/u980949395/domains/sector71.app/public_html/vendor/laravel/framework/src/Illuminate/Pipeline/Pipeline.php(180): Illuminate\\Foundation\\Http\\Middleware\\PreventRequestsDuringMaintenance->handle()
#63 /home/u980949395/domains/sector71.app/public_html/vendor/laravel/framework/src/Illuminate/Http/Middleware/HandleCors.php(49): Illuminate\\Pipeline\\Pipeline->Illuminate\\Pipeline\\{closure}()
#64 /home/u980949395/domains/sector71.app/public_html/vendor/laravel/framework/src/Illuminate/Pipeline/Pipeline.php(180): Illuminate\\Http\\Middleware\\HandleCors->handle()
#65 /home/u980949395/domains/sector71.app/public_html/app/Http/Middleware/SecurityHeaders.php(12): Illuminate\\Pipeline\\Pipeline->Illuminate\\Pipeline\\{closure}()
#66 /home/u980949395/domains/sector71.app/public_html/vendor/laravel/framework/src/Illuminate/Pipeline/Pipeline.php(180): App\\Http\\Middleware\\SecurityHeaders->handle()
#67 /home/u980949395/domains/sector71.app/public_html/vendor/laravel/framework/src/Illuminate/Http/Middleware/TrustProxies.php(39): Illuminate\\Pipeline\\Pipeline->Illuminate\\Pipeline\\{closure}()
#68 /home/u980949395/domains/sector71.app/public_html/vendor/laravel/framework/src/Illuminate/Pipeline/Pipeline.php(180): Illuminate\\Http\\Middleware\\TrustProxies->handle()
#69 /home/u980949395/domains/sector71.app/public_html/vendor/laravel/framework/src/Illuminate/Pipeline/Pipeline.php(116): Illuminate\\Pipeline\\Pipeline->Illuminate\\Pipeline\\{closure}()
#70 /home/u980949395/domains/sector71.app/public_html/vendor/laravel/framework/src/Illuminate/Foundation/Http/Kernel.php(165): Illuminate\\Pipeline\\Pipeline->then()
#71 /home/u980949395/domains/sector71.app/public_html/vendor/laravel/framework/src/Illuminate/Foundation/Http/Kernel.php(134): Illuminate\\Foundation\\Http\\Kernel->sendRequestThroughRouter()
#72 /home/u980949395/domains/sector71.app/public_html/public/index.php(51): Illuminate\\Foundation\\Http\\Kernel->handle()
#73 {main}

[previous exception] [object] (InvalidArgumentException(code: 0): Action Modules\\Superadmin\\Http\\Controllers\\MobileAppUsersController@index not defined. at /home/u980949395/domains/sector71.app/public_html/vendor/laravel/framework/src/Illuminate/Routing/UrlGenerator.php:510)
[stacktrace]
#0 /home/u980949395/domains/sector71.app/public_html/vendor/laravel/framework/src/Illuminate/Foundation/helpers.php(102): Illuminate\\Routing\\UrlGenerator->action()
#1 /home/u980949395/domains/sector71.app/public_html/storage/framework/views/ed7c9f7a0a1c6e7446fdf99d89e814c7e68d8a21.php(29): action()
#2 /home/u980949395/domains/sector71.app/public_html/vendor/laravel/framework/src/Illuminate/Filesystem/Filesystem.php(109): require('/home/u98094939...')
#3 /home/u980949395/domains/sector71.app/public_html/vendor/laravel/framework/src/Illuminate/Filesystem/Filesystem.php(110): Illuminate\\Filesystem\\Filesystem::Illuminate\\Filesystem\\{closure}()
#4 /home/u980949395/domains/sector71.app/public_html/vendor/laravel/framework/src/Illuminate/View/Engines/PhpEngine.php(58): Illuminate\\Filesystem\\Filesystem->getRequire()
#5 /home/u980949395/domains/sector71.app/public_html/vendor/laravel/framework/src/Illuminate/View/Engines/CompilerEngine.php(70): Illuminate\\View\\Engines\\PhpEngine->evaluatePath()
#6 /home/u980949395/domains/sector71.app/public_html/vendor/laravel/framework/src/Illuminate/View/View.php(195): Illuminate\\View\\Engines\\CompilerEngine->get()
#7 /home/u980949395/domains/sector71.app/public_html/vendor/laravel/framework/src/Illuminate/View/View.php(178): Illuminate\\View\\View->getContents()
#8 /home/u980949395/domains/sector71.app/public_html/vendor/laravel/framework/src/Illuminate/View/View.php(147): Illuminate\\View\\View->renderContents()
#9 /home/u980949395/domains/sector71.app/public_html/storage/framework/views/ff6ec41ba30253d7d788fdc2125fa4da14692d74.php(5): Illuminate\\View\\View->render()
#10 /home/u980949395/domains/sector71.app/public_html/vendor/laravel/framework/src/Illuminate/Filesystem/Filesystem.php(109): require('/home/u98094939...')
#11 /home/u980949395/domains/sector71.app/public_html/vendor/laravel/framework/src/Illuminate/Filesystem/Filesystem.php(110): Illuminate\\Filesystem\\Filesystem::Illuminate\\Filesystem\\{closure}()
#12 /home/u980949395/domains/sector71.app/public_html/vendor/laravel/framework/src/Illuminate/View/Engines/PhpEngine.php(58): Illuminate\\Filesystem\\Filesystem->getRequire()
#13 /home/u980949395/domains/sector71.app/public_html/vendor/laravel/framework/src/Illuminate/View/Engines/CompilerEngine.php(70): Illuminate\\View\\Engines\\PhpEngine->evaluatePath()
#14 /home/u980949395/domains/sector71.app/public_html/vendor/laravel/framework/src/Illuminate/View/View.php(195): Illuminate\\View\\Engines\\CompilerEngine->get()
#15 /home/u980949395/domains/sector71.app/public_html/vendor/laravel/framework/src/Illuminate/View/View.php(178): Illuminate\\View\\View->getContents()
#16 /home/u980949395/domains/sector71.app/public_html/vendor/laravel/framework/src/Illuminate/View/View.php(147): Illuminate\\View\\View->renderContents()
#17 /home/u980949395/domains/sector71.app/public_html/vendor/laravel/framework/src/Illuminate/Http/Response.php(69): Illuminate\\View\\View->render()
#18 /home/u980949395/domains/sector71.app/public_html/vendor/laravel/framework/src/Illuminate/Http/Response.php(35): Illuminate\\Http\\Response->setContent()
#19 /home/u980949395/domains/sector71.app/public_html/vendor/laravel/framework/src/Illuminate/Routing/Router.php(906): Illuminate\\Http\\Response->__construct()
#20 /home/u980949395/domains/sector71.app/public_html/vendor/laravel/framework/src/Illuminate/Routing/Router.php(875): Illuminate\\Routing\\Router::toResponse()
#21 /home/u980949395/domains/sector71.app/public_html/vendor/laravel/framework/src/Illuminate/Routing/Router.php(797): Illuminate\\Routing\\Router->prepareResponse()
#22 /home/u980949395/domains/sector71.app/public_html/vendor/laravel/framework/src/Illuminate/Pipeline/Pipeline.php(141): Illuminate\\Routing\\Router->Illuminate\\Routing\\{closure}()
#23 /home/u980949395/domains/sector71.app/public_html/app/Http/Middleware/Superadmin.php(21): Illuminate\\Pipeline\\Pipeline->Illuminate\\Pipeline\\{closure}()
#24 /home/u980949395/domains/sector71.app/public_html/vendor/laravel/framework/src/Illuminate/Pipeline/Pipeline.php(180): App\\Http\\Middleware\\Superadmin->handle()
#25 /home/u980949395/domains/sector71.app/public_html/app/Http/Middleware/AdminSidebarMenu.php(892): Illuminate\\Pipeline\\Pipeline->Illuminate\\Pipeline\\{closure}()
#26 /home/u980949395/domains/sector71.app/public_html/vendor/laravel/framework/src/Illuminate/Pipeline/Pipeline.php(180): App\\Http\\Middleware\\AdminSidebarMenu->handle()
#27 /home/u980949395/domains/sector71.app/public_html/app/Http/Middleware/Language.php(25): Illuminate\\Pipeline\\Pipeline->Illuminate\\Pipeline\\{closure}()
#28 /home/u980949395/domains/sector71.app/public_html/vendor/laravel/framework/src/Illuminate/Pipeline/Pipeline.php(180): App\\Http\\Middleware\\Language->handle()
#29 /home/u980949395/domains/sector71.app/public_html/vendor/laravel/framework/src/Illuminate/Routing/Middleware/SubstituteBindings.php(50): Illuminate\\Pipeline\\Pipeline->Illuminate\\Pipeline\\{closure}()
#30 /home/u980949395/domains/sector71.app/public_html/vendor/laravel/framework/src/Illuminate/Pipeline/Pipeline.php(180): Illuminate\\Routing\\Middleware\\SubstituteBindings->handle()
#31 /home/u980949395/domains/sector71.app/public_html/vendor/laravel/framework/src/Illuminate/Auth/Middleware/Authenticate.php(44): Illuminate\\Pipeline\\Pipeline->Illuminate\\Pipeline\\{closure}()
#32 /home/u980949395/domains/sector71.app/public_html/vendor/laravel/framework/src/Illuminate/Pipeline/Pipeline.php(180): Illuminate\\Auth\\Middleware\\Authenticate->handle()
#33 /home/u980949395/domains/sector71.app/public_html/vendor/laravel/framework/src/Illuminate/Foundation/Http/Middleware/VerifyCsrfToken.php(78): Illuminate\\Pipeline\\Pipeline->Illuminate\\Pipeline\\{closure}()
#34 /home/u980949395/domains/sector71.app/public_html/vendor/laravel/framework/src/Illuminate/Pipeline/Pipeline.php(180): Illuminate\\Foundation\\Http\\Middleware\\VerifyCsrfToken->handle()
#35 /home/u980949395/domains/sector71.app/public_html/vendor/laravel/framework/src/Illuminate/View/Middleware/ShareErrorsFromSession.php(49): Illuminate\\Pipeline\\Pipeline->Illuminate\\Pipeline\\{closure}()
#36 /home/u980949395/domains/sector71.app/public_html/vendor/laravel/framework/src/Illuminate/Pipeline/Pipeline.php(180): Illuminate\\View\\Middleware\\ShareErrorsFromSession->handle()
#37 /home/u980949395/domains/sector71.app/public_html/vendor/laravel/framework/src/Illuminate/Session/Middleware/StartSession.php(121): Illuminate\\Pipeline\\Pipeline->Illuminate\\Pipeline\\{closure}()
#38 /home/u980949395/domains/sector71.app/public_html/vendor/laravel/framework/src/Illuminate/Session/Middleware/StartSession.php(64): Illuminate\\Session\\Middleware\\StartSession->handleStatefulRequest()
#39 /home/u980949395/domains/sector71.app/public_html/vendor/laravel/framework/src/Illuminate/Pipeline/Pipeline.php(180): Illuminate\\Session\\Middleware\\StartSession->handle()
#40 /home/u980949395/domains/sector71.app/public_html/vendor/laravel/framework/src/Illuminate/Cookie/Middleware/AddQueuedCookiesToResponse.php(37): Illuminate\\Pipeline\\Pipeline->Illuminate\\Pipeline\\{closure}()
#41 /home/u980949395/domains/sector71.app/public_html/vendor/laravel/framework/src/Illuminate/Pipeline/Pipeline.php(180): Illuminate\\Cookie\\Middleware\\AddQueuedCookiesToResponse->handle()
#42 /home/u980949395/domains/sector71.app/public_html/vendor/laravel/framework/src/Illuminate/Cookie/Middleware/EncryptCookies.php(67): Illuminate\\Pipeline\\Pipeline->Illuminate\\Pipeline\\{closure}()
#43 /home/u980949395/domains/sector71.app/public_html/vendor/laravel/framework/src/Illuminate/Pipeline/Pipeline.php(180): Illuminate\\Cookie\\Middleware\\EncryptCookies->handle()
#44 /home/u980949395/domains/sector71.app/public_html/vendor/laravel/framework/src/Illuminate/Pipeline/Pipeline.php(116): Illuminate\\Pipeline\\Pipeline->Illuminate\\Pipeline\\{closure}()
#45 /home/u980949395/domains/sector71.app/public_html/vendor/laravel/framework/src/Illuminate/Routing/Router.php(797): Illuminate\\Pipeline\\Pipeline->then()
#46 /home/u980949395/domains/sector71.app/public_html/vendor/laravel/framework/src/Illuminate/Routing/Router.php(776): Illuminate\\Routing\\Router->runRouteWithinStack()
#47 /home/u980949395/domains/sector71.app/public_html/vendor/laravel/framework/src/Illuminate/Routing/Router.php(740): Illuminate\\Routing\\Router->runRoute()
#48 /home/u980949395/domains/sector71.app/public_html/vendor/laravel/framework/src/Illuminate/Routing/Router.php(729): Illuminate\\Routing\\Router->dispatchToRoute()
#49 /home/u980949395/domains/sector71.app/public_html/vendor/laravel/framework/src/Illuminate/Foundation/Http/Kernel.php(190): Illuminate\\Routing\\Router->dispatch()
#50 /home/u980949395/domains/sector71.app/public_html/vendor/laravel/framework/src/Illuminate/Pipeline/Pipeline.php(141): Illuminate\\Foundation\\Http\\Kernel->Illuminate\\Foundation\\Http\\{closure}()
#51 /home/u980949395/domains/sector71.app/public_html/vendor/barryvdh/laravel-debugbar/src/Middleware/InjectDebugbar.php(59): Illuminate\\Pipeline\\Pipeline->Illuminate\\Pipeline\\{closure}()
#52 /home/u980949395/domains/sector71.app/public_html/vendor/laravel/framework/src/Illuminate/Pipeline/Pipeline.php(180): Barryvdh\\Debugbar\\Middleware\\InjectDebugbar->handle()
#53 /home/u980949395/domains/sector71.app/public_html/vendor/laravel/framework/src/Illuminate/Foundation/Http/Middleware/TransformsRequest.php(21): Illuminate\\Pipeline\\Pipeline->Illuminate\\Pipeline\\{closure}()
#54 /home/u980949395/domains/sector71.app/public_html/vendor/laravel/framework/src/Illuminate/Foundation/Http/Middleware/ConvertEmptyStringsToNull.php(31): Illuminate\\Foundation\\Http\\Middleware\\TransformsRequest->handle()
#55 /home/u980949395/domains/sector71.app/public_html/vendor/laravel/framework/src/Illuminate/Pipeline/Pipeline.php(180): Illuminate\\Foundation\\Http\\Middleware\\ConvertEmptyStringsToNull->handle()
#56 /home/u980949395/domains/sector71.app/public_html/vendor/laravel/framework/src/Illuminate/Foundation/Http/Middleware/TransformsRequest.php(21): Illuminate\\Pipeline\\Pipeline->Illuminate\\Pipeline\\{closure}()
#57 /home/u980949395/domains/sector71.app/public_html/vendor/laravel/framework/src/Illuminate/Foundation/Http/Middleware/TrimStrings.php(40): Illuminate\\Foundation\\Http\\Middleware\\TransformsRequest->handle()
#58 /home/u980949395/domains/sector71.app/public_html/vendor/laravel/framework/src/Illuminate/Pipeline/Pipeline.php(180): Illuminate\\Foundation\\Http\\Middleware\\TrimStrings->handle()
#59 /home/u980949395/domains/sector71.app/public_html/vendor/laravel/framework/src/Illuminate/Foundation/Http/Middleware/ValidatePostSize.php(27): Illuminate\\Pipeline\\Pipeline->Illuminate\\Pipeline\\{closure}()
#60 /home/u980949395/domains/sector71.app/public_html/vendor/laravel/framework/src/Illuminate/Pipeline/Pipeline.php(180): Illuminate\\Foundation\\Http\\Middleware\\ValidatePostSize->handle()
#61 /home/u980949395/domains/sector71.app/public_html/vendor/laravel/framework/src/Illuminate/Foundation/Http/Middleware/PreventRequestsDuringMaintenance.php(86): Illuminate\\Pipeline\\Pipeline->Illuminate\\Pipeline\\{closure}()
#62 /home/u980949395/domains/sector71.app/public_html/vendor/laravel/framework/src/Illuminate/Pipeline/Pipeline.php(180): Illuminate\\Foundation\\Http\\Middleware\\PreventRequestsDuringMaintenance->handle()
#63 /home/u980949395/domains/sector71.app/public_html/vendor/laravel/framework/src/Illuminate/Http/Middleware/HandleCors.php(49): Illuminate\\Pipeline\\Pipeline->Illuminate\\Pipeline\\{closure}()
#64 /home/u980949395/domains/sector71.app/public_html/vendor/laravel/framework/src/Illuminate/Pipeline/Pipeline.php(180): Illuminate\\Http\\Middleware\\HandleCors->handle()
#65 /home/u980949395/domains/sector71.app/public_html/app/Http/Middleware/SecurityHeaders.php(12): Illuminate\\Pipeline\\Pipeline->Illuminate\\Pipeline\\{closure}()
#66 /home/u980949395/domains/sector71.app/public_html/vendor/laravel/framework/src/Illuminate/Pipeline/Pipeline.php(180): App\\Http\\Middleware\\SecurityHeaders->handle()
#67 /home/u980949395/domains/sector71.app/public_html/vendor/laravel/framework/src/Illuminate/Http/Middleware/TrustProxies.php(39): Illuminate\\Pipeline\\Pipeline->Illuminate\\Pipeline\\{closure}()
#68 /home/u980949395/domains/sector71.app/public_html/vendor/laravel/framework/src/Illuminate/Pipeline/Pipeline.php(180): Illuminate\\Http\\Middleware\\TrustProxies->handle()
#69 /home/u980949395/domains/sector71.app/public_html/vendor/laravel/framework/src/Illuminate/Pipeline/Pipeline.php(116): Illuminate\\Pipeline\\Pipeline->Illuminate\\Pipeline\\{closure}()
#70 /home/u980949395/domains/sector71.app/public_html/vendor/laravel/framework/src/Illuminate/Foundation/Http/Kernel.php(165): Illuminate\\Pipeline\\Pipeline->then()
#71 /home/u980949395/domains/sector71.app/public_html/vendor/laravel/framework/src/Illuminate/Foundation/Http/Kernel.php(134): Illuminate\\Foundation\\Http\\Kernel->sendRequestThroughRouter()
#72 /home/u980949395/domains/sector71.app/public_html/public/index.php(51): Illuminate\\Foundation\\Http\\Kernel->handle()
#73 {main}
"} 
[2026-04-29 23:01:12] live.ERROR: Action Modules\Superadmin\Http\Controllers\MobileAppUsersController@index not defined. {"view":{"view":"/home/u980949395/domains/sector71.app/public_html/Modules/Superadmin/Resources/views/layouts/nav.blade.php","data":[]},"userId":1,"exception":"[object] (Spatie\\LaravelIgnition\\Exceptions\\ViewException(code: 0): Action Modules\\Superadmin\\Http\\Controllers\\MobileAppUsersController@index not defined. at /home/u980949395/domains/sector71.app/public_html/vendor/laravel/framework/src/Illuminate/Routing/UrlGenerator.php:510)
[stacktrace]
#0 /home/u980949395/domains/sector71.app/public_html/vendor/laravel/framework/src/Illuminate/Foundation/helpers.php(102): Illuminate\\Routing\\UrlGenerator->action()
#1 /home/u980949395/domains/sector71.app/public_html/Modules/Superadmin/Resources/views/layouts/nav.blade.php(29): action()
#2 /home/u980949395/domains/sector71.app/public_html/vendor/laravel/framework/src/Illuminate/Filesystem/Filesystem.php(109): require('/home/u98094939...')
#3 /home/u980949395/domains/sector71.app/public_html/vendor/laravel/framework/src/Illuminate/Filesystem/Filesystem.php(110): Illuminate\\Filesystem\\Filesystem::Illuminate\\Filesystem\\{closure}()
#4 /home/u980949395/domains/sector71.app/public_html/vendor/laravel/framework/src/Illuminate/View/Engines/PhpEngine.php(58): Illuminate\\Filesystem\\Filesystem->getRequire()
#5 /home/u980949395/domains/sector71.app/public_html/vendor/laravel/framework/src/Illuminate/View/Engines/CompilerEngine.php(70): Illuminate\\View\\Engines\\PhpEngine->evaluatePath()
#6 /home/u980949395/domains/sector71.app/public_html/vendor/laravel/framework/src/Illuminate/View/View.php(195): Illuminate\\View\\Engines\\CompilerEngine->get()
#7 /home/u980949395/domains/sector71.app/public_html/vendor/laravel/framework/src/Illuminate/View/View.php(178): Illuminate\\View\\View->getContents()
#8 /home/u980949395/domains/sector71.app/public_html/vendor/laravel/framework/src/Illuminate/View/View.php(147): Illuminate\\View\\View->renderContents()
#9 /home/u980949395/domains/sector71.app/public_html/Modules/Superadmin/Resources/views/superadmin_settings/edit.blade.php(5): Illuminate\\View\\View->render()
#10 /home/u980949395/domains/sector71.app/public_html/vendor/laravel/framework/src/Illuminate/Filesystem/Filesystem.php(109): require('/home/u98094939...')
#11 /home/u980949395/domains/sector71.app/public_html/vendor/laravel/framework/src/Illuminate/Filesystem/Filesystem.php(110): Illuminate\\Filesystem\\Filesystem::Illuminate\\Filesystem\\{closure}()
#12 /home/u980949395/domains/sector71.app/public_html/vendor/laravel/framework/src/Illuminate/View/Engines/PhpEngine.php(58): Illuminate\\Filesystem\\Filesystem->getRequire()
#13 /home/u980949395/domains/sector71.app/public_html/vendor/laravel/framework/src/Illuminate/View/Engines/CompilerEngine.php(70): Illuminate\\View\\Engines\\PhpEngine->evaluatePath()
#14 /home/u980949395/domains/sector71.app/public_html/vendor/laravel/framework/src/Illuminate/View/View.php(195): Illuminate\\View\\Engines\\CompilerEngine->get()
#15 /home/u980949395/domains/sector71.app/public_html/vendor/laravel/framework/src/Illuminate/View/View.php(178): Illuminate\\View\\View->getContents()
#16 /home/u980949395/domains/sector71.app/public_html/vendor/laravel/framework/src/Illuminate/View/View.php(147): Illuminate\\View\\View->renderContents()
#17 /home/u980949395/domains/sector71.app/public_html/vendor/laravel/framework/src/Illuminate/Http/Response.php(69): Illuminate\\View\\View->render()
#18 /home/u980949395/domains/sector71.app/public_html/vendor/laravel/framework/src/Illuminate/Http/Response.php(35): Illuminate\\Http\\Response->setContent()
#19 /home/u980949395/domains/sector71.app/public_html/vendor/laravel/framework/src/Illuminate/Routing/Router.php(906): Illuminate\\Http\\Response->__construct()
#20 /home/u980949395/domains/sector71.app/public_html/vendor/laravel/framework/src/Illuminate/Routing/Router.php(875): Illuminate\\Routing\\Router::toResponse()
#21 /home/u980949395/domains/sector71.app/public_html/vendor/laravel/framework/src/Illuminate/Routing/Router.php(797): Illuminate\\Routing\\Router->prepareResponse()
#22 /home/u980949395/domains/sector71.app/public_html/vendor/laravel/framework/src/Illuminate/Pipeline/Pipeline.php(141): Illuminate\\Routing\\Router->Illuminate\\Routing\\{closure}()
#23 /home/u980949395/domains/sector71.app/public_html/app/Http/Middleware/Superadmin.php(21): Illuminate\\Pipeline\\Pipeline->Illuminate\\Pipeline\\{closure}()
#24 /home/u980949395/domains/sector71.app/public_html/vendor/laravel/framework/src/Illuminate/Pipeline/Pipeline.php(180): App\\Http\\Middleware\\Superadmin->handle()
#25 /home/u980949395/domains/sector71.app/public_html/app/Http/Middleware/AdminSidebarMenu.php(892): Illuminate\\Pipeline\\Pipeline->Illuminate\\Pipeline\\{closure}()
#26 /home/u980949395/domains/sector71.app/public_html/vendor/laravel/framework/src/Illuminate/Pipeline/Pipeline.php(180): App\\Http\\Middleware\\AdminSidebarMenu->handle()
#27 /home/u980949395/domains/sector71.app/public_html/app/Http/Middleware/Language.php(25): Illuminate\\Pipeline\\Pipeline->Illuminate\\Pipeline\\{closure}()
#28 /home/u980949395/domains/sector71.app/public_html/vendor/laravel/framework/src/Illuminate/Pipeline/Pipeline.php(180): App\\Http\\Middleware\\Language->handle()
#29 /home/u980949395/domains/sector71.app/public_html/vendor/laravel/framework/src/Illuminate/Routing/Middleware/SubstituteBindings.php(50): Illuminate\\Pipeline\\Pipeline->Illuminate\\Pipeline\\{closure}()
#30 /home/u980949395/domains/sector71.app/public_html/vendor/laravel/framework/src/Illuminate/Pipeline/Pipeline.php(180): Illuminate\\Routing\\Middleware\\SubstituteBindings->handle()
#31 /home/u980949395/domains/sector71.app/public_html/vendor/laravel/framework/src/Illuminate/Auth/Middleware/Authenticate.php(44): Illuminate\\Pipeline\\Pipeline->Illuminate\\Pipeline\\{closure}()
#32 /home/u980949395/domains/sector71.app/public_html/vendor/laravel/framework/src/Illuminate/Pipeline/Pipeline.php(180): Illuminate\\Auth\\Middleware\\Authenticate->handle()
#33 /home/u980949395/domains/sector71.app/public_html/vendor/laravel/framework/src/Illuminate/Foundation/Http/Middleware/VerifyCsrfToken.php(78): Illuminate\\Pipeline\\Pipeline->Illuminate\\Pipeline\\{closure}()
#34 /home/u980949395/domains/sector71.app/public_html/vendor/laravel/framework/src/Illuminate/Pipeline/Pipeline.php(180): Illuminate\\Foundation\\Http\\Middleware\\VerifyCsrfToken->handle()
#35 /home/u980949395/domains/sector71.app/public_html/vendor/laravel/framework/src/Illuminate/View/Middleware/ShareErrorsFromSession.php(49): Illuminate\\Pipeline\\Pipeline->Illuminate\\Pipeline\\{closure}()
#36 /home/u980949395/domains/sector71.app/public_html/vendor/laravel/framework/src/Illuminate/Pipeline/Pipeline.php(180): Illuminate\\View\\Middleware\\ShareErrorsFromSession->handle()
#37 /home/u980949395/domains/sector71.app/public_html/vendor/laravel/framework/src/Illuminate/Session/Middleware/StartSession.php(121): Illuminate\\Pipeline\\Pipeline->Illuminate\\Pipeline\\{closure}()
#38 /home/u980949395/domains/sector71.app/public_html/vendor/laravel/framework/src/Illuminate/Session/Middleware/StartSession.php(64): Illuminate\\Session\\Middleware\\StartSession->handleStatefulRequest()
#39 /home/u980949395/domains/sector71.app/public_html/vendor/laravel/framework/src/Illuminate/Pipeline/Pipeline.php(180): Illuminate\\Session\\Middleware\\StartSession->handle()
#40 /home/u980949395/domains/sector71.app/public_html/vendor/laravel/framework/src/Illuminate/Cookie/Middleware/AddQueuedCookiesToResponse.php(37): Illuminate\\Pipeline\\Pipeline->Illuminate\\Pipeline\\{closure}()
#41 /home/u980949395/domains/sector71.app/public_html/vendor/laravel/framework/src/Illuminate/Pipeline/Pipeline.php(180): Illuminate\\Cookie\\Middleware\\AddQueuedCookiesToResponse->handle()
#42 /home/u980949395/domains/sector71.app/public_html/vendor/laravel/framework/src/Illuminate/Cookie/Middleware/EncryptCookies.php(67): Illuminate\\Pipeline\\Pipeline->Illuminate\\Pipeline\\{closure}()
#43 /home/u980949395/domains/sector71.app/public_html/vendor/laravel/framework/src/Illuminate/Pipeline/Pipeline.php(180): Illuminate\\Cookie\\Middleware\\EncryptCookies->handle()
#44 /home/u980949395/domains/sector71.app/public_html/vendor/laravel/framework/src/Illuminate/Pipeline/Pipeline.php(116): Illuminate\\Pipeline\\Pipeline->Illuminate\\Pipeline\\{closure}()
#45 /home/u980949395/domains/sector71.app/public_html/vendor/laravel/framework/src/Illuminate/Routing/Router.php(797): Illuminate\\Pipeline\\Pipeline->then()
#46 /home/u980949395/domains/sector71.app/public_html/vendor/laravel/framework/src/Illuminate/Routing/Router.php(776): Illuminate\\Routing\\Router->runRouteWithinStack()
#47 /home/u980949395/domains/sector71.app/public_html/vendor/laravel/framework/src/Illuminate/Routing/Router.php(740): Illuminate\\Routing\\Router->runRoute()
#48 /home/u980949395/domains/sector71.app/public_html/vendor/laravel/framework/src/Illuminate/Routing/Router.php(729): Illuminate\\Routing\\Router->dispatchToRoute()
#49 /home/u980949395/domains/sector71.app/public_html/vendor/laravel/framework/src/Illuminate/Foundation/Http/Kernel.php(190): Illuminate\\Routing\\Router->dispatch()
#50 /home/u980949395/domains/sector71.app/public_html/vendor/laravel/framework/src/Illuminate/Pipeline/Pipeline.php(141): Illuminate\\Foundation\\Http\\Kernel->Illuminate\\Foundation\\Http\\{closure}()
#51 /home/u980949395/domains/sector71.app/public_html/vendor/barryvdh/laravel-debugbar/src/Middleware/InjectDebugbar.php(59): Illuminate\\Pipeline\\Pipeline->Illuminate\\Pipeline\\{closure}()
#52 /home/u980949395/domains/sector71.app/public_html/vendor/laravel/framework/src/Illuminate/Pipeline/Pipeline.php(180): Barryvdh\\Debugbar\\Middleware\\InjectDebugbar->handle()
#53 /home/u980949395/domains/sector71.app/public_html/vendor/laravel/framework/src/Illuminate/Foundation/Http/Middleware/TransformsRequest.php(21): Illuminate\\Pipeline\\Pipeline->Illuminate\\Pipeline\\{closure}()
#54 /home/u980949395/domains/sector71.app/public_html/vendor/laravel/framework/src/Illuminate/Foundation/Http/Middleware/ConvertEmptyStringsToNull.php(31): Illuminate\\Foundation\\Http\\Middleware\\TransformsRequest->handle()
#55 /home/u980949395/domains/sector71.app/public_html/vendor/laravel/framework/src/Illuminate/Pipeline/Pipeline.php(180): Illuminate\\Foundation\\Http\\Middleware\\ConvertEmptyStringsToNull->handle()
#56 /home/u980949395/domains/sector71.app/public_html/vendor/laravel/framework/src/Illuminate/Foundation/Http/Middleware/TransformsRequest.php(21): Illuminate\\Pipeline\\Pipeline->Illuminate\\Pipeline\\{closure}()
#57 /home/u980949395/domains/sector71.app/public_html/vendor/laravel/framework/src/Illuminate/Foundation/Http/Middleware/TrimStrings.php(40): Illuminate\\Foundation\\Http\\Middleware\\TransformsRequest->handle()
#58 /home/u980949395/domains/sector71.app/public_html/vendor/laravel/framework/src/Illuminate/Pipeline/Pipeline.php(180): Illuminate\\Foundation\\Http\\Middleware\\TrimStrings->handle()
#59 /home/u980949395/domains/sector71.app/public_html/vendor/laravel/framework/src/Illuminate/Foundation/Http/Middleware/ValidatePostSize.php(27): Illuminate\\Pipeline\\Pipeline->Illuminate\\Pipeline\\{closure}()
#60 /home/u980949395/domains/sector71.app/public_html/vendor/laravel/framework/src/Illuminate/Pipeline/Pipeline.php(180): Illuminate\\Foundation\\Http\\Middleware\\ValidatePostSize->handle()
#61 /home/u980949395/domains/sector71.app/public_html/vendor/laravel/framework/src/Illuminate/Foundation/Http/Middleware/PreventRequestsDuringMaintenance.php(86): Illuminate\\Pipeline\\Pipeline->Illuminate\\Pipeline\\{closure}()
#62 /home/u980949395/domains/sector71.app/public_html/vendor/laravel/framework/src/Illuminate/Pipeline/Pipeline.php(180): Illuminate\\Foundation\\Http\\Middleware\\PreventRequestsDuringMaintenance->handle()
#63 /home/u980949395/domains/sector71.app/public_html/vendor/laravel/framework/src/Illuminate/Http/Middleware/HandleCors.php(49): Illuminate\\Pipeline\\Pipeline->Illuminate\\Pipeline\\{closure}()
#64 /home/u980949395/domains/sector71.app/public_html/vendor/laravel/framework/src/Illuminate/Pipeline/Pipeline.php(180): Illuminate\\Http\\Middleware\\HandleCors->handle()
#65 /home/u980949395/domains/sector71.app/public_html/app/Http/Middleware/SecurityHeaders.php(12): Illuminate\\Pipeline\\Pipeline->Illuminate\\Pipeline\\{closure}()
#66 /home/u980949395/domains/sector71.app/public_html/vendor/laravel/framework/src/Illuminate/Pipeline/Pipeline.php(180): App\\Http\\Middleware\\SecurityHeaders->handle()
#67 /home/u980949395/domains/sector71.app/public_html/vendor/laravel/framework/src/Illuminate/Http/Middleware/TrustProxies.php(39): Illuminate\\Pipeline\\Pipeline->Illuminate\\Pipeline\\{closure}()
#68 /home/u980949395/domains/sector71.app/public_html/vendor/laravel/framework/src/Illuminate/Pipeline/Pipeline.php(180): Illuminate\\Http\\Middleware\\TrustProxies->handle()
#69 /home/u980949395/domains/sector71.app/public_html/vendor/laravel/framework/src/Illuminate/Pipeline/Pipeline.php(116): Illuminate\\Pipeline\\Pipeline->Illuminate\\Pipeline\\{closure}()
#70 /home/u980949395/domains/sector71.app/public_html/vendor/laravel/framework/src/Illuminate/Foundation/Http/Kernel.php(165): Illuminate\\Pipeline\\Pipeline->then()
#71 /home/u980949395/domains/sector71.app/public_html/vendor/laravel/framework/src/Illuminate/Foundation/Http/Kernel.php(134): Illuminate\\Foundation\\Http\\Kernel->sendRequestThroughRouter()
#72 /home/u980949395/domains/sector71.app/public_html/public/index.php(51): Illuminate\\Foundation\\Http\\Kernel->handle()
#73 {main}

[previous exception] [object] (InvalidArgumentException(code: 0): Action Modules\\Superadmin\\Http\\Controllers\\MobileAppUsersController@index not defined. at /home/u980949395/domains/sector71.app/public_html/vendor/laravel/framework/src/Illuminate/Routing/UrlGenerator.php:510)
[stacktrace]
#0 /home/u980949395/domains/sector71.app/public_html/vendor/laravel/framework/src/Illuminate/Foundation/helpers.php(102): Illuminate\\Routing\\UrlGenerator->action()
#1 /home/u980949395/domains/sector71.app/public_html/storage/framework/views/ed7c9f7a0a1c6e7446fdf99d89e814c7e68d8a21.php(29): action()
#2 /home/u980949395/domains/sector71.app/public_html/vendor/laravel/framework/src/Illuminate/Filesystem/Filesystem.php(109): require('/home/u98094939...')
#3 /home/u980949395/domains/sector71.app/public_html/vendor/laravel/framework/src/Illuminate/Filesystem/Filesystem.php(110): Illuminate\\Filesystem\\Filesystem::Illuminate\\Filesystem\\{closure}()
#4 /home/u980949395/domains/sector71.app/public_html/vendor/laravel/framework/src/Illuminate/View/Engines/PhpEngine.php(58): Illuminate\\Filesystem\\Filesystem->getRequire()
#5 /home/u980949395/domains/sector71.app/public_html/vendor/laravel/framework/src/Illuminate/View/Engines/CompilerEngine.php(70): Illuminate\\View\\Engines\\PhpEngine->evaluatePath()
#6 /home/u980949395/domains/sector71.app/public_html/vendor/laravel/framework/src/Illuminate/View/View.php(195): Illuminate\\View\\Engines\\CompilerEngine->get()
#7 /home/u980949395/domains/sector71.app/public_html/vendor/laravel/framework/src/Illuminate/View/View.php(178): Illuminate\\View\\View->getContents()
#8 /home/u980949395/domains/sector71.app/public_html/vendor/laravel/framework/src/Illuminate/View/View.php(147): Illuminate\\View\\View->renderContents()
#9 /home/u980949395/domains/sector71.app/public_html/storage/framework/views/ff6ec41ba30253d7d788fdc2125fa4da14692d74.php(5): Illuminate\\View\\View->render()
#10 /home/u980949395/domains/sector71.app/public_html/vendor/laravel/framework/src/Illuminate/Filesystem/Filesystem.php(109): require('/home/u98094939...')
#11 /home/u980949395/domains/sector71.app/public_html/vendor/laravel/framework/src/Illuminate/Filesystem/Filesystem.php(110): Illuminate\\Filesystem\\Filesystem::Illuminate\\Filesystem\\{closure}()
#12 /home/u980949395/domains/sector71.app/public_html/vendor/laravel/framework/src/Illuminate/View/Engines/PhpEngine.php(58): Illuminate\\Filesystem\\Filesystem->getRequire()
#13 /home/u980949395/domains/sector71.app/public_html/vendor/laravel/framework/src/Illuminate/View/Engines/CompilerEngine.php(70): Illuminate\\View\\Engines\\PhpEngine->evaluatePath()
#14 /home/u980949395/domains/sector71.app/public_html/vendor/laravel/framework/src/Illuminate/View/View.php(195): Illuminate\\View\\Engines\\CompilerEngine->get()
#15 /home/u980949395/domains/sector71.app/public_html/vendor/laravel/framework/src/Illuminate/View/View.php(178): Illuminate\\View\\View->getContents()
#16 /home/u980949395/domains/sector71.app/public_html/vendor/laravel/framework/src/Illuminate/View/View.php(147): Illuminate\\View\\View->renderContents()
#17 /home/u980949395/domains/sector71.app/public_html/vendor/laravel/framework/src/Illuminate/Http/Response.php(69): Illuminate\\View\\View->render()
#18 /home/u980949395/domains/sector71.app/public_html/vendor/laravel/framework/src/Illuminate/Http/Response.php(35): Illuminate\\Http\\Response->setContent()
#19 /home/u980949395/domains/sector71.app/public_html/vendor/laravel/framework/src/Illuminate/Routing/Router.php(906): Illuminate\\Http\\Response->__construct()
#20 /home/u980949395/domains/sector71.app/public_html/vendor/laravel/framework/src/Illuminate/Routing/Router.php(875): Illuminate\\Routing\\Router::toResponse()
#21 /home/u980949395/domains/sector71.app/public_html/vendor/laravel/framework/src/Illuminate/Routing/Router.php(797): Illuminate\\Routing\\Router->prepareResponse()
#22 /home/u980949395/domains/sector71.app/public_html/vendor/laravel/framework/src/Illuminate/Pipeline/Pipeline.php(141): Illuminate\\Routing\\Router->Illuminate\\Routing\\{closure}()
#23 /home/u980949395/domains/sector71.app/public_html/app/Http/Middleware/Superadmin.php(21): Illuminate\\Pipeline\\Pipeline->Illuminate\\Pipeline\\{closure}()
#24 /home/u980949395/domains/sector71.app/public_html/vendor/laravel/framework/src/Illuminate/Pipeline/Pipeline.php(180): App\\Http\\Middleware\\Superadmin->handle()
#25 /home/u980949395/domains/sector71.app/public_html/app/Http/Middleware/AdminSidebarMenu.php(892): Illuminate\\Pipeline\\Pipeline->Illuminate\\Pipeline\\{closure}()
#26 /home/u980949395/domains/sector71.app/public_html/vendor/laravel/framework/src/Illuminate/Pipeline/Pipeline.php(180): App\\Http\\Middleware\\AdminSidebarMenu->handle()
#27 /home/u980949395/domains/sector71.app/public_html/app/Http/Middleware/Language.php(25): Illuminate\\Pipeline\\Pipeline->Illuminate\\Pipeline\\{closure}()
#28 /home/u980949395/domains/sector71.app/public_html/vendor/laravel/framework/src/Illuminate/Pipeline/Pipeline.php(180): App\\Http\\Middleware\\Language->handle()
#29 /home/u980949395/domains/sector71.app/public_html/vendor/laravel/framework/src/Illuminate/Routing/Middleware/SubstituteBindings.php(50): Illuminate\\Pipeline\\Pipeline->Illuminate\\Pipeline\\{closure}()
#30 /home/u980949395/domains/sector71.app/public_html/vendor/laravel/framework/src/Illuminate/Pipeline/Pipeline.php(180): Illuminate\\Routing\\Middleware\\SubstituteBindings->handle()
#31 /home/u980949395/domains/sector71.app/public_html/vendor/laravel/framework/src/Illuminate/Auth/Middleware/Authenticate.php(44): Illuminate\\Pipeline\\Pipeline->Illuminate\\Pipeline\\{closure}()
#32 /home/u980949395/domains/sector71.app/public_html/vendor/laravel/framework/src/Illuminate/Pipeline/Pipeline.php(180): Illuminate\\Auth\\Middleware\\Authenticate->handle()
#33 /home/u980949395/domains/sector71.app/public_html/vendor/laravel/framework/src/Illuminate/Foundation/Http/Middleware/VerifyCsrfToken.php(78): Illuminate\\Pipeline\\Pipeline->Illuminate\\Pipeline\\{closure}()
#34 /home/u980949395/domains/sector71.app/public_html/vendor/laravel/framework/src/Illuminate/Pipeline/Pipeline.php(180): Illuminate\\Foundation\\Http\\Middleware\\VerifyCsrfToken->handle()
#35 /home/u980949395/domains/sector71.app/public_html/vendor/laravel/framework/src/Illuminate/View/Middleware/ShareErrorsFromSession.php(49): Illuminate\\Pipeline\\Pipeline->Illuminate\\Pipeline\\{closure}()
#36 /home/u980949395/domains/sector71.app/public_html/vendor/laravel/framework/src/Illuminate/Pipeline/Pipeline.php(180): Illuminate\\View\\Middleware\\ShareErrorsFromSession->handle()
#37 /home/u980949395/domains/sector71.app/public_html/vendor/laravel/framework/src/Illuminate/Session/Middleware/StartSession.php(121): Illuminate\\Pipeline\\Pipeline->Illuminate\\Pipeline\\{closure}()
#38 /home/u980949395/domains/sector71.app/public_html/vendor/laravel/framework/src/Illuminate/Session/Middleware/StartSession.php(64): Illuminate\\Session\\Middleware\\StartSession->handleStatefulRequest()
#39 /home/u980949395/domains/sector71.app/public_html/vendor/laravel/framework/src/Illuminate/Pipeline/Pipeline.php(180): Illuminate\\Session\\Middleware\\StartSession->handle()
#40 /home/u980949395/domains/sector71.app/public_html/vendor/laravel/framework/src/Illuminate/Cookie/Middleware/AddQueuedCookiesToResponse.php(37): Illuminate\\Pipeline\\Pipeline->Illuminate\\Pipeline\\{closure}()
#41 /home/u980949395/domains/sector71.app/public_html/vendor/laravel/framework/src/Illuminate/Pipeline/Pipeline.php(180): Illuminate\\Cookie\\Middleware\\AddQueuedCookiesToResponse->handle()
#42 /home/u980949395/domains/sector71.app/public_html/vendor/laravel/framework/src/Illuminate/Cookie/Middleware/EncryptCookies.php(67): Illuminate\\Pipeline\\Pipeline->Illuminate\\Pipeline\\{closure}()
#43 /home/u980949395/domains/sector71.app/public_html/vendor/laravel/framework/src/Illuminate/Pipeline/Pipeline.php(180): Illuminate\\Cookie\\Middleware\\EncryptCookies->handle()
#44 /home/u980949395/domains/sector71.app/public_html/vendor/laravel/framework/src/Illuminate/Pipeline/Pipeline.php(116): Illuminate\\Pipeline\\Pipeline->Illuminate\\Pipeline\\{closure}()
#45 /home/u980949395/domains/sector71.app/public_html/vendor/laravel/framework/src/Illuminate/Routing/Router.php(797): Illuminate\\Pipeline\\Pipeline->then()
#46 /home/u980949395/domains/sector71.app/public_html/vendor/laravel/framework/src/Illuminate/Routing/Router.php(776): Illuminate\\Routing\\Router->runRouteWithinStack()
#47 /home/u980949395/domains/sector71.app/public_html/vendor/laravel/framework/src/Illuminate/Routing/Router.php(740): Illuminate\\Routing\\Router->runRoute()
#48 /home/u980949395/domains/sector71.app/public_html/vendor/laravel/framework/src/Illuminate/Routing/Router.php(729): Illuminate\\Routing\\Router->dispatchToRoute()
#49 /home/u980949395/domains/sector71.app/public_html/vendor/laravel/framework/src/Illuminate/Foundation/Http/Kernel.php(190): Illuminate\\Routing\\Router->dispatch()
#50 /home/u980949395/domains/sector71.app/public_html/vendor/laravel/framework/src/Illuminate/Pipeline/Pipeline.php(141): Illuminate\\Foundation\\Http\\Kernel->Illuminate\\Foundation\\Http\\{closure}()
#51 /home/u980949395/domains/sector71.app/public_html/vendor/barryvdh/laravel-debugbar/src/Middleware/InjectDebugbar.php(59): Illuminate\\Pipeline\\Pipeline->Illuminate\\Pipeline\\{closure}()
#52 /home/u980949395/domains/sector71.app/public_html/vendor/laravel/framework/src/Illuminate/Pipeline/Pipeline.php(180): Barryvdh\\Debugbar\\Middleware\\InjectDebugbar->handle()
#53 /home/u980949395/domains/sector71.app/public_html/vendor/laravel/framework/src/Illuminate/Foundation/Http/Middleware/TransformsRequest.php(21): Illuminate\\Pipeline\\Pipeline->Illuminate\\Pipeline\\{closure}()
#54 /home/u980949395/domains/sector71.app/public_html/vendor/laravel/framework/src/Illuminate/Foundation/Http/Middleware/ConvertEmptyStringsToNull.php(31): Illuminate\\Foundation\\Http\\Middleware\\TransformsRequest->handle()
#55 /home/u980949395/domains/sector71.app/public_html/vendor/laravel/framework/src/Illuminate/Pipeline/Pipeline.php(180): Illuminate\\Foundation\\Http\\Middleware\\ConvertEmptyStringsToNull->handle()
#56 /home/u980949395/domains/sector71.app/public_html/vendor/laravel/framework/src/Illuminate/Foundation/Http/Middleware/TransformsRequest.php(21): Illuminate\\Pipeline\\Pipeline->Illuminate\\Pipeline\\{closure}()
#57 /home/u980949395/domains/sector71.app/public_html/vendor/laravel/framework/src/Illuminate/Foundation/Http/Middleware/TrimStrings.php(40): Illuminate\\Foundation\\Http\\Middleware\\TransformsRequest->handle()
#58 /home/u980949395/domains/sector71.app/public_html/vendor/laravel/framework/src/Illuminate/Pipeline/Pipeline.php(180): Illuminate\\Foundation\\Http\\Middleware\\TrimStrings->handle()
#59 /home/u980949395/domains/sector71.app/public_html/vendor/laravel/framework/src/Illuminate/Foundation/Http/Middleware/ValidatePostSize.php(27): Illuminate\\Pipeline\\Pipeline->Illuminate\\Pipeline\\{closure}()
#60 /home/u980949395/domains/sector71.app/public_html/vendor/laravel/framework/src/Illuminate/Pipeline/Pipeline.php(180): Illuminate\\Foundation\\Http\\Middleware\\ValidatePostSize->handle()
#61 /home/u980949395/domains/sector71.app/public_html/vendor/laravel/framework/src/Illuminate/Foundation/Http/Middleware/PreventRequestsDuringMaintenance.php(86): Illuminate\\Pipeline\\Pipeline->Illuminate\\Pipeline\\{closure}()
#62 /home/u980949395/domains/sector71.app/public_html/vendor/laravel/framework/src/Illuminate/Pipeline/Pipeline.php(180): Illuminate\\Foundation\\Http\\Middleware\\PreventRequestsDuringMaintenance->handle()
#63 /home/u980949395/domains/sector71.app/public_html/vendor/laravel/framework/src/Illuminate/Http/Middleware/HandleCors.php(49): Illuminate\\Pipeline\\Pipeline->Illuminate\\Pipeline\\{closure}()
#64 /home/u980949395/domains/sector71.app/public_html/vendor/laravel/framework/src/Illuminate/Pipeline/Pipeline.php(180): Illuminate\\Http\\Middleware\\HandleCors->handle()
#65 /home/u980949395/domains/sector71.app/public_html/app/Http/Middleware/SecurityHeaders.php(12): Illuminate\\Pipeline\\Pipeline->Illuminate\\Pipeline\\{closure}()
#66 /home/u980949395/domains/sector71.app/public_html/vendor/laravel/framework/src/Illuminate/Pipeline/Pipeline.php(180): App\\Http\\Middleware\\SecurityHeaders->handle()
#67 /home/u980949395/domains/sector71.app/public_html/vendor/laravel/framework/src/Illuminate/Http/Middleware/TrustProxies.php(39): Illuminate\\Pipeline\\Pipeline->Illuminate\\Pipeline\\{closure}()
#68 /home/u980949395/domains/sector71.app/public_html/vendor/laravel/framework/src/Illuminate/Pipeline/Pipeline.php(180): Illuminate\\Http\\Middleware\\TrustProxies->handle()
#69 /home/u980949395/domains/sector71.app/public_html/vendor/laravel/framework/src/Illuminate/Pipeline/Pipeline.php(116): Illuminate\\Pipeline\\Pipeline->Illuminate\\Pipeline\\{closure}()
#70 /home/u980949395/domains/sector71.app/public_html/vendor/laravel/framework/src/Illuminate/Foundation/Http/Kernel.php(165): Illuminate\\Pipeline\\Pipeline->then()
#71 /home/u980949395/domains/sector71.app/public_html/vendor/laravel/framework/src/Illuminate/Foundation/Http/Kernel.php(134): Illuminate\\Foundation\\Http\\Kernel->sendRequestThroughRouter()
#72 /home/u980949395/domains/sector71.app/public_html/public/index.php(51): Illuminate\\Foundation\\Http\\Kernel->handle()
#73 {main}
"} 
